ruta_anterior,ruta_actual,estado,git_blob_sha
".gitignore",".gitignore","conservado","4a54dab38093bdbc41762b4b06ccc0898d677f96"
"README.md","README.md","conservado","047e1750d37112891223a9034a9896857242c749"
"curso-1/algebra/MATLAB/PRACTICA 5/gramSchmidt.m","curso-1/algebra/MATLAB/PRACTICA 5/gramSchmidt.m","conservado","7214bf189bffe4ebfa54a2ad43a49e2531fab478"
"curso-1/algoritmos/Algoritmos.py","curso-1/algoritmos/Algoritmos.py","conservado","8b140cb6cf8bf08bd8fc01606d290adf4cdb767b"
"curso-1/algoritmos/BinaryTree.py","curso-1/algoritmos/BinaryTree.py","conservado","14d537c9f3da98b600e7b52d2f2f8007f8b1d1ed"
"curso-1/algoritmos/Final.py","curso-1/algoritmos/Final.py","conservado","e69de29bb2d1d6434b8b29ae775ad8c2e48c5391"
"curso-1/algoritmos/HeapSort.py","curso-1/algoritmos/HeapSort.py","conservado","5d5ba62aece49d9b3c16f4666053e4f6c3aa285b"
"curso-1/algoritmos/Ordenacion.ipynb","curso-1/algoritmos/Ordenacion.ipynb","conservado","a3567091aeb6cf66312874e71ff9a1eabd1bb47e"
"curso-1/algoritmos/Untitled-1.py","curso-1/algoritmos/Untitled-1.py","conservado","72e18233daf0dfdccddd3509bfe4748ec4e0bdb7"
"curso-1/algoritmos/algoritmo.py","curso-1/algoritmos/algoritmo.py","conservado","b0e7aa50ffb5277fa254217f190b48be391c2b8a"
"curso-1/algoritmos/challenge/challenge.py","curso-1/algoritmos/challenge/challenge.py","conservado","905c64dfe26aac53104cd96056d8fbaa754163bc"
"curso-1/algoritmos/examen_recuperacion/Pedro_Soto1A.py","curso-1/algoritmos/examen_recuperacion/Pedro_Soto1A.py","conservado","ec37e7469a6c0048dec431be27623d9ca88d7a3a"
"curso-1/algoritmos/final/Final.py","curso-1/algoritmos/final/Final.py","conservado","0da678bfb635db9bd0c0b3cc258b1858911538f6"
"curso-1/algoritmos/lista_enlazada_1.0.py","curso-1/algoritmos/lista_enlazada_1.0.py","conservado","b573c482be027b159eb2ab63c97f5c6b1ff6e995"
"curso-1/algoritmos/lista_enlazada_2.0.py","curso-1/algoritmos/lista_enlazada_2.0.py","conservado","facdf42c18907bdbd63247790b7d4e874eb629dc"
"curso-1/algoritmos/practica 6/Ordenacion.ipynb","curso-1/algoritmos/practica 6/Ordenacion.ipynb","conservado","17972d881e701f044743d5df2bf5972ba1fc72eb"
"curso-1/algoritmos/programa_1.py","curso-1/algoritmos/programa_1.py","conservado","f839149bfcc774ba82f073a01e0d754f672cf3ee"
"curso-1/algoritmos/práctica inter.py","curso-1/algoritmos/práctica inter.py","conservado","8782b5d887062f272cc233a80b9c155f373b5a4c"
"curso-1/algoritmos/recuperacion/ALGORITMO_2_final.py","curso-1/algoritmos/recuperacion/ALGORITMO_2_final.py","conservado","2197aa997b9acf616e5b201caff43abad132c566"
"curso-1/algoritmos/recuperacion/ALGORTIMO_1_final.py","curso-1/algoritmos/recuperacion/ALGORTIMO_1_final.py","conservado","d15c659cb8d7a3ab8e9f812980d6107543ea96ea"
"curso-1/algoritmos/recuperacion/Algoritmos.py","curso-1/algoritmos/recuperacion/Algoritmos.py","conservado","728ad5070ac29d161ff84beedb470d73d3a15789"
"curso-1/algoritmos/recuperacion/BinaryTree.py","curso-1/algoritmos/recuperacion/BinaryTree.py","conservado","5528106c2b56f4604024c8a65cb3579de5e3c779"
"curso-1/algoritmos/recuperacion/lista_enlazada_1.0.py","curso-1/algoritmos/recuperacion/lista_enlazada_1.0.py","conservado","9bca841c7ddf0f2fd4c66d6785bb83f8924f452f"
"curso-1/algoritmos/recuperacion/lista_enlazada_2.0.py","curso-1/algoritmos/recuperacion/lista_enlazada_2.0.py","conservado","facdf42c18907bdbd63247790b7d4e874eb629dc"
"curso-1/algoritmos/recuperacion/primos.py","curso-1/algoritmos/recuperacion/primos.py","conservado","64f509e3a0818ee3d72fd46d924077a192bf7c6e"
"curso-1/algoritmos/recuperacion/programa_1.py","curso-1/algoritmos/recuperacion/programa_1.py","conservado","79cf4bc40d61f966eb9cd5fec2e61cf71304b167"
"curso-1/algoritmos/recuperacion/programa_2.py","curso-1/algoritmos/recuperacion/programa_2.py","conservado","f6a03a4e06ec338ea8eda7dd7374d1a3e464eac2"
"curso-1/algoritmos/recuperacion/sortingCodes/a-Insertion_selectionSort.py","curso-1/algoritmos/recuperacion/sortingCodes/a-Insertion_selectionSort.py","conservado","1371cd684b7c3e713032cfeb436a3b2b61437dcc"
"curso-1/algoritmos/recuperacion/sortingCodes/b-bubble.py","curso-1/algoritmos/recuperacion/sortingCodes/b-bubble.py","conservado","598c834e513f61b5077da0aeb2ef82f4e1d33820"
"curso-1/algoritmos/recuperacion/sortingCodes/c-shaker.py","curso-1/algoritmos/recuperacion/sortingCodes/c-shaker.py","conservado","27d643106920663240d44e7fd9525be203fee492"
"curso-1/algoritmos/recuperacion/sortingCodes/d-ShellSort.py","curso-1/algoritmos/recuperacion/sortingCodes/d-ShellSort.py","conservado","7e6dcaed6a93ea192b9b7035abb894825463a58f"
"curso-1/algoritmos/recuperacion/sortingCodes/e-QuickSort.py","curso-1/algoritmos/recuperacion/sortingCodes/e-QuickSort.py","conservado","715e1e385907cdd4515ff6bf375f279ccedb73f0"
"curso-1/algoritmos/recuperacion/sortingCodes/f-BucketSort.py","curso-1/algoritmos/recuperacion/sortingCodes/f-BucketSort.py","conservado","f5436c68fd0cfe27c3f86d6df5fa5648294606bf"
"curso-1/algoritmos/recuperacion/sortingCodes/f-BucketSort2.py","curso-1/algoritmos/recuperacion/sortingCodes/f-BucketSort2.py","conservado","044275dc12f1a210d77fdac94c30ea9b3b323241"
"curso-1/algoritmos/recuperacion/sortingCodes/g-CountSort.py","curso-1/algoritmos/recuperacion/sortingCodes/g-CountSort.py","conservado","655ca5d8899932fadc1d932d8122cfcdac87b84b"
"curso-1/algoritmos/recuperacion/sortingCodes/h-RadixSort.py","curso-1/algoritmos/recuperacion/sortingCodes/h-RadixSort.py","conservado","d33898599aa5bd578f35caf53e35944eb38a151b"
"curso-1/calculo/MATLAB/contractTensor.m","curso-1/calculo/MATLAB/contractTensor.m","conservado","d0b828aaaed9ff1c45dc0973d77990bd7924283c"
"curso-1/calculo/MATLAB/gramSchmidt.m","curso-1/calculo/MATLAB/gramSchmidt.m","conservado","de92a4a5042c86b8ec87d3d633a6b933f35b55ca"
"curso-1/calculo/MATLAB/poliedro.m","curso-1/calculo/MATLAB/poliedro.m","conservado","0c801c708360b27a521d745cf80d158540f5514b"
"curso-1/calculo/MATLAB/tkron.m","curso-1/calculo/MATLAB/tkron.m","conservado","1895feda1a7458383e6ca35038b8565983ea1bfb"
"curso-1/estadistica-ii/EXAMENES AÑOS ANTERIORES/PARCIAL DIC2021/PARCIAL-DIC2021/PARCIAL-DIC2021/PROB-PARCIAL-DIC2021/PROBLEMA1_PARCIAL_dic2021.ipynb","","retirado","4af5f12cd110e3c5106d7db982e706067300d1ba"
"curso-1/estadistica-ii/EXAMENES AÑOS ANTERIORES/PARCIAL DIC2021/PARCIAL-DIC2021/PARCIAL-DIC2021/PROB-PARCIAL-DIC2021/PROBLEMA2_PARCIAL_dic2021.ipynb","","retirado","5507e3630a3a7d7bcaa111f72d2b4c62a14bbc49"
"curso-1/estadistica-ii/EXAMENES AÑOS ANTERIORES/PARCIAL DIC2021/PARCIAL-DIC2021/PARCIAL-DIC2021/SOLUCION-PROB-PARCIAL-DIC2021/sPROBLEMA1_PARCIAL_dic2021.ipynb","","retirado","01d0244317dda1aad0249531d9d3c888f0cdbd76"
"curso-1/estadistica-ii/EXAMENES AÑOS ANTERIORES/PARCIAL DIC2021/PARCIAL-DIC2021/PARCIAL-DIC2021/SOLUCION-PROB-PARCIAL-DIC2021/sPROBLEMA2_PARCIAL_dic2021.ipynb","","retirado","ec04912fd264b26d3d1efd3a8be5564e44878cfa"
"curso-1/estadistica-ii/EXAMENES AÑOS ANTERIORES/PARCIAL DIC2022/PARCIAL DIC2022/PARCIAL DIC2022/PROB-PARCIAL-DIC2022/PROB1_PARCIAL_2022_2023.ipynb","","retirado","ec4f510054cf086548e4adf94b8811633bbb025f"
"curso-1/estadistica-ii/EXAMENES AÑOS ANTERIORES/PARCIAL DIC2022/PARCIAL DIC2022/PARCIAL DIC2022/PROB-PARCIAL-DIC2022/PROB2_PARCIAL_2022_2023.ipynb","","retirado","f50f561cdb81f52add1e4e5d3b65a9b97575d50c"
"curso-1/estadistica-ii/EXAMENES AÑOS ANTERIORES/PARCIAL DIC2022/PARCIAL DIC2022/PARCIAL DIC2022/SOLUCION-PROB-PARCIAL-DIC2022/sPROB1_PARCIAL_2022_2023.ipynb","","retirado","270174088ad7f68c03d71a34ab1a0fc16a345bb4"
"curso-1/estadistica-ii/EXAMENES AÑOS ANTERIORES/PARCIAL DIC2022/PARCIAL DIC2022/PARCIAL DIC2022/SOLUCION-PROB-PARCIAL-DIC2022/sPROB2_PARCIAL_2022_2023.ipynb","","retirado","a19f12b3cb7456f76125ff0d3d7d57dfb9b028fe"
"curso-1/estadistica-ii/EXAMENES AÑOS ANTERIORES/PARCIAL DIC2023/PARCIAL DIC2023/PROB-PARCIAL-DIC2023/PROB1_PARCIAL_2023_2024.ipynb","","retirado","7988555f1c25de3a4ab881c199f0bb9f9ab4b65f"
"curso-1/estadistica-ii/EXAMENES AÑOS ANTERIORES/PARCIAL DIC2023/PARCIAL DIC2023/PROB-PARCIAL-DIC2023/PROB2_PARCIAL_2023_2024.ipynb","","retirado","8c4ec99e8ffa07376ce037b4f075790b2b088a77"
"curso-1/estadistica-ii/EXAMENES AÑOS ANTERIORES/PARCIAL DIC2023/PARCIAL DIC2023/SOLUCION-PROB-PARCIAL-DIC2023/sPROB1_PARCIAL_2023_2024.ipynb","","retirado","9dccb64f0d3885d7a6936f680a98c9df66e0b66a"
"curso-1/estadistica-ii/EXAMENES AÑOS ANTERIORES/PARCIAL DIC2023/PARCIAL DIC2023/SOLUCION-PROB-PARCIAL-DIC2023/sPROB2_PARCIAL_2023_2024.ipynb","","retirado","63ddbeb69734a43de0f058a6c7d2c74f33501388"
"curso-1/estadistica-ii/PRACTICAS/PR3/PR3_PRyES.ipynb","curso-1/estadistica-ii/PRACTICAS/PR3/PR3_PRyES.ipynb","conservado","784643630a200b25b776e7782f0feadb232fb924"
"curso-1/estadistica-ii/TEMA 1/T1-EJE-SOL/T1-EJE-SOL/sE01T1_PRYES.ipynb","curso-1/estadistica-ii/TEMA 1/T1-EJE-SOL/T1-EJE-SOL/sE01T1_PRYES.ipynb","conservado","48cf3b77d3286bc9d8ca2e94bdf8f17057d4aa41"
"curso-1/estadistica-ii/TEMA 1/T1-EJE-SOL/T1-EJE-SOL/sE02T1_PRYES.ipynb","curso-1/estadistica-ii/TEMA 1/T1-EJE-SOL/T1-EJE-SOL/sE02T1_PRYES.ipynb","conservado","500ac0962a1ab8baf6f7b381433f9d053a87ec7a"
"curso-1/estadistica-ii/TEMA 1/T1-EJE-SOL/T1-EJE-SOL/sE03T1_PRYES.ipynb","curso-1/estadistica-ii/TEMA 1/T1-EJE-SOL/T1-EJE-SOL/sE03T1_PRYES.ipynb","conservado","ae53bc0312d0786d8ea7da735c36a82bd98e4432"
"curso-1/estadistica-ii/TEMA 1/T1-EJE-SOL/T1-EJE-SOL/sE04T1_PRYES.ipynb","curso-1/estadistica-ii/TEMA 1/T1-EJE-SOL/T1-EJE-SOL/sE04T1_PRYES.ipynb","conservado","fa17bfbf415f1408db5eacd1195b039d22a2136b"
"curso-1/estadistica-ii/TEMA 1/T1-EJE-SOL/T1-EJE-SOL/sE05T1_PRYES.ipynb","curso-1/estadistica-ii/TEMA 1/T1-EJE-SOL/T1-EJE-SOL/sE05T1_PRYES.ipynb","conservado","19dd3f1ba4b4ecbcf69fbdd664b2a6de9e000476"
"curso-1/estadistica-ii/TEMA 1/T1-EJE-SOL/T1-EJE-SOL/sE06T1_PRYES.ipynb","curso-1/estadistica-ii/TEMA 1/T1-EJE-SOL/T1-EJE-SOL/sE06T1_PRYES.ipynb","conservado","cae897d9bf15e937d48963fe969a1c859fa7a36a"
"curso-1/estadistica-ii/TEMA 1/T1-EJE-SOL/T1-EJE-SOL/sE07T1_PRYES.ipynb","curso-1/estadistica-ii/TEMA 1/T1-EJE-SOL/T1-EJE-SOL/sE07T1_PRYES.ipynb","conservado","d28142bef86aead657a342ebf24c30cdf3ea08e9"
"curso-1/estadistica-ii/TEMA 1/T1-EJE-SOL/T1-EJE-SOL/sE08T1_PRYES.ipynb","curso-1/estadistica-ii/TEMA 1/T1-EJE-SOL/T1-EJE-SOL/sE08T1_PRYES.ipynb","conservado","b4ff1bccc28e98e2309d5560c3fe2787013bb507"
"curso-1/estadistica-ii/TEMA 1/T1-EJE-SOL/T1-EJE-SOL/sE09T1_PRYES.ipynb","curso-1/estadistica-ii/TEMA 1/T1-EJE-SOL/T1-EJE-SOL/sE09T1_PRYES.ipynb","conservado","b7ad9fd9cdb6d371dc2669c57f8d950c031a55ff"
"curso-1/estadistica-ii/TEMA 1/T1-EJE/T1-EJE/E01T1_PRYES.ipynb","curso-1/estadistica-ii/TEMA 1/T1-EJE/T1-EJE/E01T1_PRYES.ipynb","conservado","7f2770c8730fc9b71606cc4b23edea96d4757439"
"curso-1/estadistica-ii/TEMA 1/T1-EJE/T1-EJE/E02T1_PRYES.ipynb","curso-1/estadistica-ii/TEMA 1/T1-EJE/T1-EJE/E02T1_PRYES.ipynb","conservado","472f72ab68aa953e7d4e8128ca0f306361dfa0fc"
"curso-1/estadistica-ii/TEMA 1/T1-EJE/T1-EJE/E03T1_PRYES.ipynb","curso-1/estadistica-ii/TEMA 1/T1-EJE/T1-EJE/E03T1_PRYES.ipynb","conservado","e548c944fcf7cd22942221d6693d15208778744d"
"curso-1/estadistica-ii/TEMA 1/T1-EJE/T1-EJE/E04T1_PRYES.ipynb","curso-1/estadistica-ii/TEMA 1/T1-EJE/T1-EJE/E04T1_PRYES.ipynb","conservado","52b41682856bced7e3370a70b39fc1eecb125b48"
"curso-1/estadistica-ii/TEMA 1/T1-EJE/T1-EJE/E05T1_PRYES.ipynb","curso-1/estadistica-ii/TEMA 1/T1-EJE/T1-EJE/E05T1_PRYES.ipynb","conservado","2902d6b855aeeb1e2979021da79ef093df4262de"
"curso-1/estadistica-ii/TEMA 1/T1-EJE/T1-EJE/E06T1_PRYES.ipynb","curso-1/estadistica-ii/TEMA 1/T1-EJE/T1-EJE/E06T1_PRYES.ipynb","conservado","d1b9a7be24ef8e5293b21e4655ca3ef6b2eb211c"
"curso-1/estadistica-ii/TEMA 1/T1-EJE/T1-EJE/E07T1_PRYES.ipynb","curso-1/estadistica-ii/TEMA 1/T1-EJE/T1-EJE/E07T1_PRYES.ipynb","conservado","30f69aab40f152cb4a837260a5cb13e8632c3d48"
"curso-1/estadistica-ii/TEMA 1/T1-EJE/T1-EJE/E08T1_PRYES.ipynb","curso-1/estadistica-ii/TEMA 1/T1-EJE/T1-EJE/E08T1_PRYES.ipynb","conservado","7d18bfa7d28ffcc566d11b6aca03b0ba04c05d73"
"curso-1/estadistica-ii/TEMA 1/T1-EJE/T1-EJE/E09T1_PRYES.ipynb","curso-1/estadistica-ii/TEMA 1/T1-EJE/T1-EJE/E09T1_PRYES.ipynb","conservado","ed195382407cc36c425b581b44070b7eb18976f9"
"curso-1/estadistica-ii/TRABAJO1_ESyPR/TRABAJO1_ESyPR/chu_DESCRIPTIVA_PRyES_v1.7.ipynb","","retirado","3b3a61048f6ceb0d335b4d246f1ddc1bf1bc1609"
"curso-1/estadistica-ii/TRABAJO1_ESyPR/TRABAJO1_ESyPR/trabajo1 jueves.ipynb","curso-1/estadistica-ii/TRABAJO1_ESyPR/TRABAJO1_ESyPR/trabajo1 jueves.ipynb","conservado","9e253b017f892c6931dd1bba9ef0dbf8c71a530f"
"curso-1/estadistica-ii/TRABAJO1_ESyPR/TRABAJO1_ESyPR/trabajo1.ipynb","curso-1/estadistica-ii/TRABAJO1_ESyPR/TRABAJO1_ESyPR/trabajo1.ipynb","conservado","0719c335c3f3531833a24a390f0ba837cd7ec44d"
"curso-1/estadistica-ii/TRABAJO1_ESyPR/TRABAJO1_ESyPR/trabajo1_final.ipynb","curso-1/estadistica-ii/TRABAJO1_ESyPR/TRABAJO1_ESyPR/trabajo1_final.ipynb","conservado","7c56c90d7a1da1bbebe39227db85568989a008ba"
"curso-1/estadistica-ii/chu_DESCRIPTIVA_PRyES_v4.0.ipynb/chu_DESCRIPTIVA_PRyES_v4.0.ipynb","","retirado","822bdd7a55fec9029aecaab608f00705532c5de7"
"curso-1/probabilidad-estadistica-ii/CHULETAS DESCRIPTIVAS/T4-CHU/T4-CHU/chu_INFERENCIA_PRyES_v2.2.ipynb","","retirado","c3bfb56259375692a133da15ad3bcfeda698bc31"
"curso-1/probabilidad-estadistica-ii/Enunciado_FINAL_2023_2024/PROB1_FINAL_2023_2024.ipynb","","retirado","8d86f4bbebf3d34913610ddb915ce9c1d6df5475"
"curso-1/probabilidad-estadistica-ii/Enunciado_FINAL_2023_2024/PROB2_FINAL_2023_2024.ipynb","","retirado","268a380dc8b931b2c02f2d8f9284e505a4ad42a8"
"curso-1/probabilidad-estadistica-ii/FINAL/PROB1_FINAL_2022_2023.ipynb","","retirado","916bbae359c8af502dddebc43d9bf4a06b5f64fd"
"curso-1/probabilidad-estadistica-ii/FINAL/PROB1_SIMULACRO_FINAL_2023_2024.ipynb","","retirado","53f2c7596a69917a9fcaf63633639d911703f90c"
"curso-1/probabilidad-estadistica-ii/FINAL/PROB2_FINAL_2022_2023.ipynb","","retirado","e6aea35f43fed8fcb7e95bee62e7b2306a0e227c"
"curso-1/probabilidad-estadistica-ii/FINAL/Untitled-1.py","","retirado","e69de29bb2d1d6434b8b29ae775ad8c2e48c5391"
"curso-1/probabilidad-estadistica-ii/FINAL/sPROB1_FINAL_2022_2023.ipynb","","retirado","6ced2a85b65a76048654731531a08c5872ad5fa0"
"curso-1/probabilidad-estadistica-ii/FINAL/sPROB1_SIMULACRO_FINAL_2023_2024.ipynb","","retirado","216c3c3422e7729d859bfe0d95cb4e71dbf45c8e"
"curso-1/probabilidad-estadistica-ii/FINAL/sPROB2_FINAL_2022_2023.ipynb","","retirado","16d0c98d813309b46885eb4570be78a711ec779d"
"curso-1/probabilidad-estadistica-ii/PROBLEMAS/T4A-PRO/T4A-PRO/PB01aT4_PRYES.ipynb","curso-1/probabilidad-estadistica-ii/PROBLEMAS/T4A-PRO/T4A-PRO/PB01aT4_PRYES.ipynb","conservado","d903e7d2d1ae3f33f4e8370c62160ae499efe70e"
"curso-1/probabilidad-estadistica-ii/PROBLEMAS/T4A-PRO/T4A-PRO/PB02aT4_PRYES.ipynb","curso-1/probabilidad-estadistica-ii/PROBLEMAS/T4A-PRO/T4A-PRO/PB02aT4_PRYES.ipynb","conservado","cd800a0836b11210c42864bb053f6fe76f03de99"
"curso-1/probabilidad-estadistica-ii/PROBLEMAS/T4A-PRO/T4A-PRO/PROB2_INTER2_2022_2023.ipynb","","retirado","2ebb7d45ad2a5412a6cd8ce2ead31eed73dc86e3"
"curso-1/probabilidad-estadistica-ii/PROYECTO 1/TRABAJO_1_pasado_por_luisk.ipynb","curso-1/probabilidad-estadistica-ii/PROYECTO 1/TRABAJO_1_pasado_por_luisk.ipynb","conservado","cd762e50e34115389aae0d959ff3477d1b050013"
"curso-1/probabilidad-estadistica-ii/PROYECTO 1/codigo_ejemplo_carga_datos.ipynb","curso-1/probabilidad-estadistica-ii/PROYECTO 1/codigo_ejemplo_carga_datos.ipynb","conservado","3cc81ba6a950d63f756f92a3c65762b9f4c2f503"
"curso-1/probabilidad-estadistica-ii/PROYECTO 2/proyecto_2.ipynb","curso-1/probabilidad-estadistica-ii/PROYECTO 2/proyecto_2.ipynb","conservado","f64ce7b1249233d0af2c1e6e0dbb4544895af727"
"curso-1/probabilidad-estadistica-ii/Prácticas/PR4_codigo/PR4_PRyES.ipynb","curso-1/probabilidad-estadistica-ii/Prácticas/PR4_codigo/PR4_PRyES.ipynb","conservado","ac68863eed4dd1121c3cc7faf51fa47631995394"
"curso-1/probabilidad-estadistica-ii/Prácticas/PR4_codigo/anova.py","curso-1/probabilidad-estadistica-ii/Prácticas/PR4_codigo/anova.py","conservado","103b31a1ac3f11ce8b7bd4c1c7a7783a8be4f5c6"
"curso-1/probabilidad-estadistica-ii/Prácticas/codigoPR3/PR3_PRyES.ipynb","curso-1/probabilidad-estadistica-ii/Prácticas/codigoPR3/PR3_PRyES.ipynb","conservado","986a079ff307e19ee9993f0540ed7d620682109c"
"curso-1/probabilidad-estadistica-ii/Prácticas/codigoPR3/sPR3_PRyES.ipynb","curso-1/probabilidad-estadistica-ii/Prácticas/codigoPR3/sPR3_PRyES.ipynb","conservado","85ac67535dd4f35b4cd0d87f71cfa298756c2525"
"curso-1/probabilidad-estadistica-ii/RECU/genera_datos_problem2_parcial.ipynb","","retirado","8c50aff1e598e3b43cdbeab07a492eba00d5341e"
"curso-1/probabilidad-estadistica-ii/RECU/sPROB1_INTER2_2023_2024.ipynb","","retirado","68d19364fdb326713c27ec31460c653a8f898382"
"curso-1/probabilidad-estadistica-ii/RECU/sPROB1_PARCIAL_2023_2024.ipynb","","retirado","9dccb64f0d3885d7a6936f680a98c9df66e0b66a"
"curso-1/probabilidad-estadistica-ii/RECU/sPROB2_INTER2_2023_2024.ipynb","","retirado","73ca6f79ba75d3f33eb60c29012a22e067cbd659"
"curso-1/probabilidad-estadistica-ii/RECU/sPROB2_PARCIAL_2023_2024.ipynb","","retirado","63ddbeb69734a43de0f058a6c7d2c74f33501388"
"curso-1/probabilidad-estadistica-ii/REPASO INTER/T4-CHU/chu_INFERENCIA_PRyES_v2.6.ipynb","","retirado","c0550c58bb393813477e88e271c53c1dc4cf4990"
"curso-1/probabilidad-estadistica-ii/REPASO INTER/T4-PRO-SOL/T4-PRO-SOL/sPB01T4_PRYES.ipynb","","retirado","37112a0ffe911eb913c1bb7fbc3ef966ecec2262"
"curso-1/probabilidad-estadistica-ii/REPASO INTER/T4-PRO-SOL/T4-PRO-SOL/sPROB1_INTER2_2022_2023.ipynb","","retirado","781428e0b064835f4a50b81dd6e14799ac3f59c5"
"curso-1/probabilidad-estadistica-ii/REPASO INTER/T4-PRO-SOL/T4-PRO-SOL/sPROB2_INTER2-marzo2022.ipynb","","retirado","779528ff54c88879063d1b94697cddb559f4dc79"
"curso-1/probabilidad-estadistica-ii/REPASO INTER/T4-PRO-SOL/T4-PRO-SOL/sPROB2_INTER2_2022_2023.ipynb","","retirado","ea10aa3a2e7571469cc53335866a0f80f4125549"
"curso-1/probabilidad-estadistica-ii/REPASO INTER/T4-PRO/T4-PRO/PB01T4_PRYES.ipynb","","retirado","e6de23aa96db609887e5979e15b75e1b8d65a032"
"curso-1/probabilidad-estadistica-ii/REPASO INTER/T4-PRO/T4-PRO/PROB1_INTER2_2022_2023.ipynb","","retirado","36c12d8046dbecb0e24329abd858ee964a5b385c"
"curso-1/probabilidad-estadistica-ii/REPASO INTER/T4-PRO/T4-PRO/PROB2_INTER2-marzo2022.ipynb","","retirado","e68242877eadf0a89de96ee93067d5f4069164a2"
"curso-1/probabilidad-estadistica-ii/REPASO INTER/T4-PRO/T4-PRO/PROB2_INTER2_2022_2023.ipynb","","retirado","2ebb7d45ad2a5412a6cd8ce2ead31eed73dc86e3"
"curso-1/probabilidad-estadistica-ii/REPASO INTER/T4A-EJE-SOL/T4A-EJE-SOL/sE01aT4_PRYES.ipynb","","retirado","d8d9c3a069aebbf84b09d95d3177e99a48dd4e5a"
"curso-1/probabilidad-estadistica-ii/REPASO INTER/T4A-EJE-SOL/T4A-EJE-SOL/sE02aT4_PRYES.ipynb","","retirado","c229eb03994a3528e3af9ff92f7b6bd61f8352ab"
"curso-1/probabilidad-estadistica-ii/REPASO INTER/T4A-EJE-SOL/T4A-EJE-SOL/sE03aT4_PRYES.ipynb","","retirado","5f2059f06b8ce86c2c3bae37f54e368845d76792"
"curso-1/probabilidad-estadistica-ii/REPASO INTER/T4A-EJE/T4A-EJE/E01aT4_PRYES.ipynb","","retirado","62be67bcce8a755c02f4350a02e9f301ca44633a"
"curso-1/probabilidad-estadistica-ii/REPASO INTER/T4A-EJE/T4A-EJE/E02aT4_PRYES.ipynb","","retirado","444181de7254b76c338852919ce87e7bc0f5a96a"
"curso-1/probabilidad-estadistica-ii/REPASO INTER/T4A-EJE/T4A-EJE/E03aT4_PRYES.ipynb","","retirado","2748e085386c325b6ee3b0a876631835cb8a72b4"
"curso-1/probabilidad-estadistica-ii/REPASO INTER/T4A-PRO - SOL/T4A-PRO - SOL/sPB01aT4_PRYES.ipynb","","retirado","e790055836d35e94be0a314a7532d17d0735358a"
"curso-1/probabilidad-estadistica-ii/REPASO INTER/T4A-PRO - SOL/T4A-PRO - SOL/sPB02aT4_PRYES.ipynb","","retirado","c2b4078cea870aeb73ab6b762b0547ab5bcc2e82"
"curso-1/probabilidad-estadistica-ii/REPASO INTER/T4A-PRO - SOL/T4A-PRO - SOL/sPROB2_INTER2_2022_2023.ipynb","","retirado","ea10aa3a2e7571469cc53335866a0f80f4125549"
"curso-1/probabilidad-estadistica-ii/REPASO INTER/T4A-PRO/T4A-PRO/PB01aT4_PRYES.ipynb","","retirado","d903e7d2d1ae3f33f4e8370c62160ae499efe70e"
"curso-1/probabilidad-estadistica-ii/REPASO INTER/T4A-PRO/T4A-PRO/PB02aT4_PRYES.ipynb","","retirado","cd800a0836b11210c42864bb053f6fe76f03de99"
"curso-1/probabilidad-estadistica-ii/REPASO INTER/T4A-PRO/T4A-PRO/PROB2_INTER2_2022_2023.ipynb","","retirado","2ebb7d45ad2a5412a6cd8ce2ead31eed73dc86e3"
"curso-1/probabilidad-estadistica-ii/REPASO INTER/T4B-EJE-SOL/T4B-EJE-SOL/sE01bT4_PRYES.ipynb","","retirado","4f2a5792cef97cd9fd0c08ab881d18a4a4898292"
"curso-1/probabilidad-estadistica-ii/REPASO INTER/T4B-EJE-SOL/T4B-EJE-SOL/sE02bT4_PRYES.ipynb","","retirado","631f6da07c285b5d4dae424a63ad347d6fac75a7"
"curso-1/probabilidad-estadistica-ii/REPASO INTER/T4B-EJE-SOL/T4B-EJE-SOL/sE03bT4_PRYES.ipynb","","retirado","42914efd566f3f0840bd531f4f0b0b274368d6ec"
"curso-1/probabilidad-estadistica-ii/REPASO INTER/T4B-EJE-SOL/T4B-EJE-SOL/sE04bT4_PRYES.ipynb","","retirado","31e155ca491d4798ada540b689e8feb0a6038b46"
"curso-1/probabilidad-estadistica-ii/REPASO INTER/T4B-EJE/T4B-EJE/E01bT4_PRYES.ipynb","","retirado","d72fd6534c4c9fd8bc0bf935ed66677a12818944"
"curso-1/probabilidad-estadistica-ii/REPASO INTER/T4B-EJE/T4B-EJE/E02bT4_PRYES.ipynb","","retirado","1d4c639037adef5c022c8536be94feaf04d244b0"
"curso-1/probabilidad-estadistica-ii/REPASO INTER/T4B-EJE/T4B-EJE/E03bT4_PRYES.ipynb","","retirado","2341174ed977fdc324a5c8a0d7bd086e091ac63e"
"curso-1/probabilidad-estadistica-ii/REPASO INTER/T4B-EJE/T4B-EJE/E04bT4_PRYES.ipynb","","retirado","cd32313e124da685c0044d4a9b089245b18ff0bf"
"curso-1/probabilidad-estadistica-ii/REPASO INTER/T4C-EJE-SOL/T4C-EJE-SOL/sE01cT4_PRYES.ipynb","","retirado","122d67556d8f2984dfb495f3bf349891c72f3d17"
"curso-1/probabilidad-estadistica-ii/REPASO INTER/T4C-EJE-SOL/T4C-EJE-SOL/sE02cT4_PRYES.ipynb","","retirado","71820974ee3994905683c1deec6cf2958b6a493c"
"curso-1/probabilidad-estadistica-ii/REPASO INTER/T4C-EJE-SOL/T4C-EJE-SOL/sE03cT4_PRYES.ipynb","","retirado","3716808a6ed2094e05d75dabac71aa4999519803"
"curso-1/probabilidad-estadistica-ii/REPASO INTER/T4C-EJE/T4C-EJE/E01cT4_PRYES.ipynb","","retirado","dd7048841035b42129b535d71e6bd68c6535c26b"
"curso-1/probabilidad-estadistica-ii/REPASO INTER/T4C-EJE/T4C-EJE/E02cT4_PRYES.ipynb","","retirado","2a756016b575c6e5d6ff6800efbc7d0e5bb3eec7"
"curso-1/probabilidad-estadistica-ii/REPASO INTER/T4C-EJE/T4C-EJE/E03cT4_PRYES.ipynb","","retirado","daa14c6ee8fb5ad4987fb8d630eb9ee040b1cc8d"
"curso-1/probabilidad-estadistica-ii/REPASO INTER/T4C-EJE/T4C-EJE/sE01cT4_PRYES.ipynb","","retirado","122d67556d8f2984dfb495f3bf349891c72f3d17"
"curso-1/probabilidad-estadistica-ii/REPASO INTER/T4C-EJE/T4C-EJE/sE02cT4_PRYES.ipynb","","retirado","71820974ee3994905683c1deec6cf2958b6a493c"
"curso-1/probabilidad-estadistica-ii/REPASO INTER/T4C-EJE/T4C-EJE/sE03cT4_PRYES.ipynb","","retirado","3716808a6ed2094e05d75dabac71aa4999519803"
"curso-1/probabilidad-estadistica-ii/REPASO INTER/T4D-EJE-SOL/T4D-EJE-SOL/sE01dT4_PRYES.ipynb","","retirado","2270c0c9852e299c3bac36e2ec681c0724edab6e"
"curso-1/probabilidad-estadistica-ii/REPASO INTER/T4D-EJE-SOL/T4D-EJE-SOL/sE02dT4_PRYES.ipynb","","retirado","133f3c06d1b8b30ffa0b14cbec196925c3e230a0"
"curso-1/probabilidad-estadistica-ii/REPASO INTER/T4D-EJE-SOL/T4D-EJE-SOL/sE03dT4_PRYES.ipynb","","retirado","ee28bb6fb64b0595c0e3e65c416b9d642a0c280c"
"curso-1/probabilidad-estadistica-ii/REPASO INTER/T4D-EJE/T4D-EJE/E01dT4_PRYES.ipynb","","retirado","b194c3ab99c3cdc5ed6000c034ff9ba09ecde56c"
"curso-1/probabilidad-estadistica-ii/REPASO INTER/T4D-EJE/T4D-EJE/E02dT4_PRYES.ipynb","","retirado","8f968bf73718b4771bfdc46abee55860874b5ae2"
"curso-1/probabilidad-estadistica-ii/REPASO INTER/T4D-EJE/T4D-EJE/E03dT4_PRYES.ipynb","","retirado","3afe6e5a71a8d1b84c2632a4f2698973bdd492c5"
"curso-1/probabilidad-estadistica-ii/T6-CHU/T6-CHU/anova.py","","retirado","103b31a1ac3f11ce8b7bd4c1c7a7783a8be4f5c6"
"curso-1/probabilidad-estadistica-ii/T6-CHU/T6-CHU/chu_ANOVA_PRyES_v2.1.ipynb","","retirado","c72695bd23e2b922967711a285b81fd6b002193c"
"curso-1/probabilidad-estadistica-ii/chuleta/T4-CHU/chu_INFERENCIA_PRyES_v2.6.ipynb","","retirado","c0550c58bb393813477e88e271c53c1dc4cf4990"
"curso-1/probabilidad-estadistica-ii/repaso mayo/sPROB1_PARCIAL_2023_2024.ipynb","","retirado","9dccb64f0d3885d7a6936f680a98c9df66e0b66a"
"curso-1/probabilidad-estadistica-ii/repaso mayo/sPROB2_PARCIAL_2023_2024.ipynb","","retirado","63ddbeb69734a43de0f058a6c7d2c74f33501388"
"curso-1/probabilidad-estadistica/CHULETAS DESCRIPTIVAS/CHU-T3/chu_DISTR_CONTINUAS_PRYES_v1.0.ipynb","","retirado","3654e66558614d1fd9e55c8aa256c2f96ae7cd59"
"curso-1/probabilidad-estadistica/CHULETAS DESCRIPTIVAS/CHU-T3/chu_DISTR_DISCRETAS_PRYES_v1.0.ipynb","","retirado","b26fac63ef6e4070b48e51b2a48d886925a1da7b"
"curso-1/probabilidad-estadistica/CHULETAS DESCRIPTIVAS/CHULETA 1/chu_DESCRIPTIVA_PRyES_v1.7.ipynb","","retirado","3b3a61048f6ceb0d335b4d246f1ddc1bf1bc1609"
"curso-1/probabilidad-estadistica/CHULETAS DESCRIPTIVAS/STACH-2-PRO/STACH-2-PRO/E01T2comb_PRyES.ipynb","","retirado","dbec94df7ead73f1564775f91168120e733d290d"
"curso-1/probabilidad-estadistica/CHULETAS DESCRIPTIVAS/STACH-2-PRO/STACH-2-PRO/PB01T2comb_PRyES.ipynb","","retirado","730211cb275747a7be16782b89502ac4c01a7256"
"curso-1/probabilidad-estadistica/CHULETAS DESCRIPTIVAS/STACH-2-PRO/STACH-2-PRO/PB02T2comb_PRyES.ipynb","","retirado","049465496d05722e738368f57460c3e1e7325b3a"
"curso-1/probabilidad-estadistica/CHULETAS DESCRIPTIVAS/STACH-2-PRO/STACH-2-PRO/PB03T2comb_PRyES.ipynb","","retirado","a255e68fa835c4039282fb33a1e4825926ab094b"
"curso-1/probabilidad-estadistica/CHULETAS DESCRIPTIVAS/STACH-2-PRO/STACH-2-PRO/chu_COMB_PRyES_v1.0.ipynb","","retirado","ffbb51cf2df275bcbf80d128d6ae8089aeb4b6e2"
"curso-1/probabilidad-estadistica/EJERCICIOS/ENUNCIADOS/codigoPR1/PR1_PRyES.ipynb","curso-1/probabilidad-estadistica/EJERCICIOS/ENUNCIADOS/codigoPR1/PR1_PRyES.ipynb","conservado","127c023e2b88cf58df2291c21e1fb17115d29f2e"
"curso-1/probabilidad-estadistica/EJERCICIOS/ENUNCIADOS/codigoPR1/sPR1_PRyES.ipynb","curso-1/probabilidad-estadistica/EJERCICIOS/ENUNCIADOS/codigoPR1/sPR1_PRyES.ipynb","conservado","003808f57eec73a2cc662a74e2d1b4198704a8fe"
"curso-1/probabilidad-estadistica/EJERCICIOS/T2-EJE-SOL/sE01T2_PRYES.ipynb","curso-1/probabilidad-estadistica/EJERCICIOS/T2-EJE-SOL/sE01T2_PRYES.ipynb","conservado","523cb912859cad1c503a4de37d9f29a6ef66b00f"
"curso-1/probabilidad-estadistica/EJERCICIOS/T2-EJE-SOL/sE02T2_PRYES.ipynb","curso-1/probabilidad-estadistica/EJERCICIOS/T2-EJE-SOL/sE02T2_PRYES.ipynb","conservado","2cf7942a8738ccdfd71df70ac37ac1e84034c25d"
"curso-1/probabilidad-estadistica/EJERCICIOS/T2-EJE-SOL/sE03T2_PRYES.ipynb","curso-1/probabilidad-estadistica/EJERCICIOS/T2-EJE-SOL/sE03T2_PRYES.ipynb","conservado","c40b5a3dc6facd35995b594bed34710c8b12def9"
"curso-1/probabilidad-estadistica/EJERCICIOS/T2-EJE-SOL/sE04T2_PRYES.ipynb","curso-1/probabilidad-estadistica/EJERCICIOS/T2-EJE-SOL/sE04T2_PRYES.ipynb","conservado","be2ee2c1806e04713c587a6f34311d467d4ae156"
"curso-1/probabilidad-estadistica/EJERCICIOS/T2-EJE/T2-EJE/E01T2_PRYES.ipynb","curso-1/probabilidad-estadistica/EJERCICIOS/T2-EJE/T2-EJE/E01T2_PRYES.ipynb","conservado","ed211e5996ac9bb2c4a9bc310c923bcef8b65cbd"
"curso-1/probabilidad-estadistica/EJERCICIOS/T2-EJE/T2-EJE/E02T2_PRYES.ipynb","curso-1/probabilidad-estadistica/EJERCICIOS/T2-EJE/T2-EJE/E02T2_PRYES.ipynb","conservado","74d7471cf15acfba655938b81a294dcdc7222054"
"curso-1/probabilidad-estadistica/EJERCICIOS/T2-EJE/T2-EJE/E03T2_PRYES.ipynb","curso-1/probabilidad-estadistica/EJERCICIOS/T2-EJE/T2-EJE/E03T2_PRYES.ipynb","conservado","fee8eee2751a3323cfbdd9899e32f08ca92dd5b0"
"curso-1/probabilidad-estadistica/EJERCICIOS/T2-EJE/T2-EJE/E04T2_PRYES.ipynb","curso-1/probabilidad-estadistica/EJERCICIOS/T2-EJE/T2-EJE/E04T2_PRYES.ipynb","conservado","9eb6ea547e499f0b5ba81a7c78f30828b0303675"
"curso-1/probabilidad-estadistica/EJERCICIOS/T2-PRO/PB01T2_PRyES.ipynb","curso-1/probabilidad-estadistica/EJERCICIOS/T2-PRO/PB01T2_PRyES.ipynb","conservado","04ed64e51a3bd6b84e124932b85d924f777fa403"
"curso-1/probabilidad-estadistica/EJERCICIOS/T2-PRO/PB02T2_PRyES.ipynb","curso-1/probabilidad-estadistica/EJERCICIOS/T2-PRO/PB02T2_PRyES.ipynb","conservado","fa326464b07cc03ea64ec9ecca6bfac44fdd19eb"
"curso-1/probabilidad-estadistica/EJERCICIOS/T2-PRO/PB03T2_PRYES.ipynb","curso-1/probabilidad-estadistica/EJERCICIOS/T2-PRO/PB03T2_PRYES.ipynb","conservado","5b6ed4cffb6808d1979d6633d271677509cc5907"
"curso-1/probabilidad-estadistica/EJERCICIOS/T2-PRO/PB04T2_PRyES.ipynb","curso-1/probabilidad-estadistica/EJERCICIOS/T2-PRO/PB04T2_PRyES.ipynb","conservado","d4c3e9929e888a46e9d6f721fdc5145317aadb19"
"curso-1/probabilidad-estadistica/EJERCICIOS/T3-PRO/PB01T3_PRYES.ipynb","curso-1/probabilidad-estadistica/EJERCICIOS/T3-PRO/PB01T3_PRYES.ipynb","conservado","1c9e1969724e1d7df6e455443a4836ef50356b75"
"curso-1/probabilidad-estadistica/EJERCICIOS/T3-PRO/PB02T3_PRYES.ipynb","curso-1/probabilidad-estadistica/EJERCICIOS/T3-PRO/PB02T3_PRYES.ipynb","conservado","aba9f8d53fda9058f798f1778f41c90a2b73be91"
"curso-1/probabilidad-estadistica/EJERCICIOS/T3-PRO/PB03T3_PRYES.ipynb","curso-1/probabilidad-estadistica/EJERCICIOS/T3-PRO/PB03T3_PRYES.ipynb","conservado","b500a7aa1b6d6dd0e547b71a276045bb881326f2"
"curso-1/probabilidad-estadistica/EJERCICIOS/T3-PRO/PB04T3_PRYES.ipynb","curso-1/probabilidad-estadistica/EJERCICIOS/T3-PRO/PB04T3_PRYES.ipynb","conservado","cc50a0aaa9e50a0485b1ec8086c05cf0dd36b36c"
"curso-1/probabilidad-estadistica/EJERCICIOS/T3-PRO/PB05T3_PRYES.ipynb","curso-1/probabilidad-estadistica/EJERCICIOS/T3-PRO/PB05T3_PRYES.ipynb","conservado","225916c07058dc376d04f1b23e4329493ebef553"
"curso-1/probabilidad-estadistica/EJERCICIOS/T3-PRO/PB06T3_PRYES.ipynb","curso-1/probabilidad-estadistica/EJERCICIOS/T3-PRO/PB06T3_PRYES.ipynb","conservado","182abc99a4c6ea37d06aa46b54cecd77e70f70d2"
"curso-1/probabilidad-estadistica/EJERCICIOS/T3-PRO/PB07T3_PRYES.ipynb","curso-1/probabilidad-estadistica/EJERCICIOS/T3-PRO/PB07T3_PRYES.ipynb","conservado","77175000d61f09890de031da87b59a0985c2befa"
"curso-1/probabilidad-estadistica/EJERCICIOS/T3D-EJE-SOL/sE01T3_PRYES.ipynb","curso-1/probabilidad-estadistica/EJERCICIOS/T3D-EJE-SOL/sE01T3_PRYES.ipynb","conservado","afd993905f5d370b0a2a31104088a88774ee5040"
"curso-1/probabilidad-estadistica/EJERCICIOS/T3D-EJE-SOL/sE02T3_PRYES.ipynb","curso-1/probabilidad-estadistica/EJERCICIOS/T3D-EJE-SOL/sE02T3_PRYES.ipynb","conservado","6c04616c798589156370fd0461c45c9fc72075c0"
"curso-1/probabilidad-estadistica/EJERCICIOS/T3D-EJE-SOL/sE03T3_PRYES.ipynb","curso-1/probabilidad-estadistica/EJERCICIOS/T3D-EJE-SOL/sE03T3_PRYES.ipynb","conservado","00eefc5ba28f070a2f6f88170a3ae5e554cbfb19"
"curso-1/probabilidad-estadistica/EJERCICIOS/T3D-EJE-SOL/sE04T3_PRYES.ipynb","curso-1/probabilidad-estadistica/EJERCICIOS/T3D-EJE-SOL/sE04T3_PRYES.ipynb","conservado","8efd2ecdd3b5a03765c90a0ef18271144d18e4f5"
"curso-1/probabilidad-estadistica/EJERCICIOS/T3D-EJE-SOL/sE05T3_PRYES.ipynb","curso-1/probabilidad-estadistica/EJERCICIOS/T3D-EJE-SOL/sE05T3_PRYES.ipynb","conservado","27e9a18cc09e98312018144a1f8744fde7ef683b"
"curso-1/probabilidad-estadistica/EJERCICIOS/codigoPR2/codigoPR2/PR2_PRyES.ipynb","curso-1/probabilidad-estadistica/EJERCICIOS/codigoPR2/codigoPR2/PR2_PRyES.ipynb","conservado","793dc55ac38a6bcc95eda65cba4b7acf56863b78"
"curso-1/probabilidad-estadistica/practica parcial diciembre/T1-EJE/E01T1_PRYES.ipynb","curso-1/probabilidad-estadistica/practica parcial diciembre/T1-EJE/E01T1_PRYES.ipynb","conservado","1720b99bf01fe9d17c702c4be8359645cf5811a5"
"curso-1/probabilidad-estadistica/practica parcial diciembre/T1-EJE/E02T1_PRYES.ipynb","curso-1/probabilidad-estadistica/practica parcial diciembre/T1-EJE/E02T1_PRYES.ipynb","conservado","6c5c79d0e4d926193425b3d771162b61b9cbadb5"
"curso-1/probabilidad-estadistica/practica parcial diciembre/T1-EJE/E03T1_PRYES.ipynb","curso-1/probabilidad-estadistica/practica parcial diciembre/T1-EJE/E03T1_PRYES.ipynb","conservado","c8395f747f2511fe963f0f5814b7ecc6293c742f"
"curso-1/probabilidad-estadistica/practica parcial diciembre/T1-EJE/E04T1_PRYES.ipynb","curso-1/probabilidad-estadistica/practica parcial diciembre/T1-EJE/E04T1_PRYES.ipynb","conservado","b50bb70ffad05a6b4de3c06bd44bc350ae23a366"
"curso-1/probabilidad-estadistica/practica parcial diciembre/T1-EJE/E05T1_PRYES.ipynb","curso-1/probabilidad-estadistica/practica parcial diciembre/T1-EJE/E05T1_PRYES.ipynb","conservado","dd5670829b038ba2220634ef7e15f47690491da6"
"curso-1/probabilidad-estadistica/practica parcial diciembre/T1-EJE/E06T1_PRYES.ipynb","curso-1/probabilidad-estadistica/practica parcial diciembre/T1-EJE/E06T1_PRYES.ipynb","conservado","fc42f74382f12a2306d17b12bf20a2bbe87ab096"
"curso-1/probabilidad-estadistica/practica parcial diciembre/T1-EJE/E07T1_PRYES.ipynb","curso-1/probabilidad-estadistica/practica parcial diciembre/T1-EJE/E07T1_PRYES.ipynb","conservado","c67bf639850f2ff21e8fb13110ebc1d61ced4ee9"
"curso-1/probabilidad-estadistica/practica parcial diciembre/T1-EJE/E08T1_PRYES.ipynb","curso-1/probabilidad-estadistica/practica parcial diciembre/T1-EJE/E08T1_PRYES.ipynb","conservado","3feff5f8e158199f01a11f83ab6a1c991f93f5be"
"curso-1/probabilidad-estadistica/practica parcial diciembre/T1-EJE/E09T1_PRYES.ipynb","curso-1/probabilidad-estadistica/practica parcial diciembre/T1-EJE/E09T1_PRYES.ipynb","conservado","eff0143579d903948716797dd24d2fe91b7a8fe3"
"curso-1/probabilidad-estadistica/practica parcial diciembre/T2-EJE-SOL/sE01T2_PRYES.ipynb","curso-1/probabilidad-estadistica/practica parcial diciembre/T2-EJE-SOL/sE01T2_PRYES.ipynb","conservado","523cb912859cad1c503a4de37d9f29a6ef66b00f"
"curso-1/probabilidad-estadistica/practica parcial diciembre/T2-EJE-SOL/sE02T2_PRYES.ipynb","curso-1/probabilidad-estadistica/practica parcial diciembre/T2-EJE-SOL/sE02T2_PRYES.ipynb","conservado","2cf7942a8738ccdfd71df70ac37ac1e84034c25d"
"curso-1/probabilidad-estadistica/practica parcial diciembre/T2-EJE-SOL/sE03T2_PRYES.ipynb","curso-1/probabilidad-estadistica/practica parcial diciembre/T2-EJE-SOL/sE03T2_PRYES.ipynb","conservado","c40b5a3dc6facd35995b594bed34710c8b12def9"
"curso-1/probabilidad-estadistica/practica parcial diciembre/T2-EJE-SOL/sE04T2_PRYES.ipynb","curso-1/probabilidad-estadistica/practica parcial diciembre/T2-EJE-SOL/sE04T2_PRYES.ipynb","conservado","be2ee2c1806e04713c587a6f34311d467d4ae156"
"curso-1/probabilidad-estadistica/practica parcial diciembre/T2-EJE/E01T2_PRYES.ipynb","curso-1/probabilidad-estadistica/practica parcial diciembre/T2-EJE/E01T2_PRYES.ipynb","conservado","ed211e5996ac9bb2c4a9bc310c923bcef8b65cbd"
"curso-1/probabilidad-estadistica/practica parcial diciembre/T2-EJE/E02T2_PRYES.ipynb","curso-1/probabilidad-estadistica/practica parcial diciembre/T2-EJE/E02T2_PRYES.ipynb","conservado","74d7471cf15acfba655938b81a294dcdc7222054"
"curso-1/probabilidad-estadistica/practica parcial diciembre/T2-EJE/E03T2_PRYES.ipynb","curso-1/probabilidad-estadistica/practica parcial diciembre/T2-EJE/E03T2_PRYES.ipynb","conservado","fee8eee2751a3323cfbdd9899e32f08ca92dd5b0"
"curso-1/probabilidad-estadistica/practica parcial diciembre/T2-EJE/E04T2_PRYES.ipynb","curso-1/probabilidad-estadistica/practica parcial diciembre/T2-EJE/E04T2_PRYES.ipynb","conservado","9eb6ea547e499f0b5ba81a7c78f30828b0303675"
"curso-1/probabilidad-estadistica/practica parcial diciembre/T2-PRO/PB01T2_PRyES.ipynb","curso-1/probabilidad-estadistica/practica parcial diciembre/T2-PRO/PB01T2_PRyES.ipynb","conservado","04ed64e51a3bd6b84e124932b85d924f777fa403"
"curso-1/probabilidad-estadistica/practica parcial diciembre/T2-PRO/PB02T2_PRyES.ipynb","curso-1/probabilidad-estadistica/practica parcial diciembre/T2-PRO/PB02T2_PRyES.ipynb","conservado","fa326464b07cc03ea64ec9ecca6bfac44fdd19eb"
"curso-1/probabilidad-estadistica/practica parcial diciembre/T2-PRO/PB03T2_PRYES.ipynb","curso-1/probabilidad-estadistica/practica parcial diciembre/T2-PRO/PB03T2_PRYES.ipynb","conservado","5b6ed4cffb6808d1979d6633d271677509cc5907"
"curso-1/probabilidad-estadistica/practica parcial diciembre/T2-PRO/PB04T2_PRyES.ipynb","curso-1/probabilidad-estadistica/practica parcial diciembre/T2-PRO/PB04T2_PRyES.ipynb","conservado","d4c3e9929e888a46e9d6f721fdc5145317aadb19"
"curso-1/probabilidad-estadistica/practica parcial diciembre/T2-PROB-SOL/sPB01T2_PRyES.ipynb","curso-1/probabilidad-estadistica/practica parcial diciembre/T2-PROB-SOL/sPB01T2_PRyES.ipynb","conservado","98a53cbe7597d44054d509aedc5774bf9e1e5d75"
"curso-1/probabilidad-estadistica/practica parcial diciembre/T2-PROB-SOL/sPB02T2_PRyES.ipynb","curso-1/probabilidad-estadistica/practica parcial diciembre/T2-PROB-SOL/sPB02T2_PRyES.ipynb","conservado","f9c35802d19e4033178dcb68cbfd1caff2918d13"
"curso-1/probabilidad-estadistica/practica parcial diciembre/T2-PROB-SOL/sPB03T2_PRYES.ipynb","curso-1/probabilidad-estadistica/practica parcial diciembre/T2-PROB-SOL/sPB03T2_PRYES.ipynb","conservado","e21f912b6f812929b9307eb07c6731ec0bc9775c"
"curso-1/probabilidad-estadistica/practica parcial diciembre/T2-PROB-SOL/sPB04T2_PRyES.ipynb","curso-1/probabilidad-estadistica/practica parcial diciembre/T2-PROB-SOL/sPB04T2_PRyES.ipynb","conservado","01e0843d63eb0dc5956091e05541ea6e9d93aba5"
"curso-1/probabilidad-estadistica/practica parcial diciembre/T3-PRO-SOL/sPB01T3_PRYES.ipynb","curso-1/probabilidad-estadistica/practica parcial diciembre/T3-PRO-SOL/sPB01T3_PRYES.ipynb","conservado","48677f44065df425d3b9244c71479a0da35e2e76"
"curso-1/probabilidad-estadistica/practica parcial diciembre/T3-PRO-SOL/sPB02T3_PRYES.ipynb","curso-1/probabilidad-estadistica/practica parcial diciembre/T3-PRO-SOL/sPB02T3_PRYES.ipynb","conservado","5ddf41709b40c3b84be5b84f2a5909325cd7dceb"
"curso-1/probabilidad-estadistica/practica parcial diciembre/T3-PRO-SOL/sPB03T3_PRYES.ipynb","curso-1/probabilidad-estadistica/practica parcial diciembre/T3-PRO-SOL/sPB03T3_PRYES.ipynb","conservado","d1f99ff4d84d0789de0ee083c85a9612ae2876e2"
"curso-1/probabilidad-estadistica/practica parcial diciembre/T3-PRO-SOL/sPB04T3_PRyES.ipynb","curso-1/probabilidad-estadistica/practica parcial diciembre/T3-PRO-SOL/sPB04T3_PRyES.ipynb","conservado","6487bdb5e068d91355829179ba118955e85cc39c"
"curso-1/probabilidad-estadistica/practica parcial diciembre/T3-PRO-SOL/sPB05T3_PRYES.ipynb","curso-1/probabilidad-estadistica/practica parcial diciembre/T3-PRO-SOL/sPB05T3_PRYES.ipynb","conservado","3522d321f124a0c7b94df8bc6833958277f2a149"
"curso-1/probabilidad-estadistica/practica parcial diciembre/T3-PRO-SOL/sPB06T3_PRYES.ipynb","curso-1/probabilidad-estadistica/practica parcial diciembre/T3-PRO-SOL/sPB06T3_PRYES.ipynb","conservado","32d254ac79e9700627016a2dc61a3eddebbe7f27"
"curso-1/probabilidad-estadistica/practica parcial diciembre/T3-PRO-SOL/sPB07T3_PRYES.ipynb","curso-1/probabilidad-estadistica/practica parcial diciembre/T3-PRO-SOL/sPB07T3_PRYES.ipynb","conservado","e797a8a3a062f33a7d2d7758d70c001dd446ae63"
"curso-1/probabilidad-estadistica/practica parcial diciembre/T3C-EJE-SOL/sE01cT3_PRYES.ipynb","curso-1/probabilidad-estadistica/practica parcial diciembre/T3C-EJE-SOL/sE01cT3_PRYES.ipynb","conservado","b1be0fbfab313af8c698b404eecac9b25a855858"
"curso-1/probabilidad-estadistica/practica parcial diciembre/T3C-EJE-SOL/sE02cT3_PRYES.ipynb","curso-1/probabilidad-estadistica/practica parcial diciembre/T3C-EJE-SOL/sE02cT3_PRYES.ipynb","conservado","42b411f1d05905f4092b2b02c3ae06c467f5896f"
"curso-1/probabilidad-estadistica/practica parcial diciembre/T3C-EJE-SOL/sE03cT3_PRYES.ipynb","curso-1/probabilidad-estadistica/practica parcial diciembre/T3C-EJE-SOL/sE03cT3_PRYES.ipynb","conservado","c37a1ad7d49ea8bea676fd0c0c91183235aee497"
"curso-1/probabilidad-estadistica/practica parcial diciembre/T3C-EJE-SOL/sE04cT3_PRYES.ipynb","curso-1/probabilidad-estadistica/practica parcial diciembre/T3C-EJE-SOL/sE04cT3_PRYES.ipynb","conservado","788e98e08dad93655b954216b507a66eabd9c662"
"curso-1/probabilidad-estadistica/practica parcial diciembre/T3D-EJE-SOL/sE01T3_PRYES.ipynb","curso-1/probabilidad-estadistica/practica parcial diciembre/T3D-EJE-SOL/sE01T3_PRYES.ipynb","conservado","afd993905f5d370b0a2a31104088a88774ee5040"
"curso-1/probabilidad-estadistica/practica parcial diciembre/T3D-EJE-SOL/sE02T3_PRYES.ipynb","curso-1/probabilidad-estadistica/practica parcial diciembre/T3D-EJE-SOL/sE02T3_PRYES.ipynb","conservado","6c04616c798589156370fd0461c45c9fc72075c0"
"curso-1/probabilidad-estadistica/practica parcial diciembre/T3D-EJE-SOL/sE03T3_PRYES.ipynb","curso-1/probabilidad-estadistica/practica parcial diciembre/T3D-EJE-SOL/sE03T3_PRYES.ipynb","conservado","00eefc5ba28f070a2f6f88170a3ae5e554cbfb19"
"curso-1/probabilidad-estadistica/practica parcial diciembre/T3D-EJE-SOL/sE04T3_PRYES.ipynb","curso-1/probabilidad-estadistica/practica parcial diciembre/T3D-EJE-SOL/sE04T3_PRYES.ipynb","conservado","8efd2ecdd3b5a03765c90a0ef18271144d18e4f5"
"curso-1/probabilidad-estadistica/practica parcial diciembre/T3D-EJE-SOL/sE05T3_PRYES.ipynb","curso-1/probabilidad-estadistica/practica parcial diciembre/T3D-EJE-SOL/sE05T3_PRYES.ipynb","conservado","27e9a18cc09e98312018144a1f8744fde7ef683b"
"curso-1/probabilidad-estadistica/practica parcial diciembre/T3MD-EJE-SOL/sE01dT3M_PRYES.ipynb","curso-1/probabilidad-estadistica/practica parcial diciembre/T3MD-EJE-SOL/sE01dT3M_PRYES.ipynb","conservado","202ee9ebd15e93a0369f8be63e5f379f7db2e3af"
"curso-1/probabilidad-estadistica/practica parcial diciembre/T3MD-EJE-SOL/sE02dT3M_PRYES.ipynb","curso-1/probabilidad-estadistica/practica parcial diciembre/T3MD-EJE-SOL/sE02dT3M_PRYES.ipynb","conservado","71a91d7cd707c9d50cf86b86dd784984e4649f8d"
"curso-1/probabilidad-estadistica/practica parcial diciembre/T3MD-EJE-SOL/sE03dT3M_PRYES.ipynb","curso-1/probabilidad-estadistica/practica parcial diciembre/T3MD-EJE-SOL/sE03dT3M_PRYES.ipynb","conservado","6e0f21ed0dc2169befeadd53d0f6f8869752588b"
"curso-1/programacion-ii/03.bucles_condicionales.ipynb","curso-1/programacion/03.bucles_condicionales.ipynb","renombrado","980af2a1fc9ff6599f9e543f28ab8dd0af6e1323"
"curso-1/programacion-ii/04.calculadora (1).ipynb","curso-1/programacion/04.calculadora (1).ipynb","renombrado","8e7dc0afb1f093db60f0a1168209cb6e9ef98a7c"
"curso-1/programacion-ii/05.wordlet.ipynb","curso-1/programacion/05.wordlet.ipynb","renombrado","e90126fe37b1165419ee42a711d758a7c7a3c5a8"
"curso-1/programacion-ii/06.estructurada-piedra.ipynb","curso-1/programacion/06.estructurada-piedra.ipynb","renombrado","bc3edda2a2578502ab5b2e96914be5a9a00e1e7c"
"curso-1/programacion-ii/07a.listas_sumas.ipynb","curso-1/programacion/07a.listas_sumas.ipynb","renombrado","974f8b5453113c3f5c12cb619532d28012af1f13"
"curso-1/programacion-ii/codigo_ejemplo_carga_datos_2025.ipynb","curso-1/programacion/codigo_ejemplo_carga_datos_2025.ipynb","renombrado","7d14a65fa327fbd4f301991698bac8666c774f2a"
"curso-1/programacion-ii/constantes.py","curso-1/programacion/constantes.py","renombrado","cf31e05dd40c7fa74dcf1fcbc26effe5b6d02444"
"curso-1/programacion-ii/crear_fichero_5letras.py","curso-1/programacion/crear_fichero_5letras.py","renombrado","48021c1bf583dc84d14951e405bda9bb9f04e273"
"curso-1/programacion-ii/excepciones.py","curso-1/programacion/excepciones.py","renombrado","bef4d1e8d79df77444357b38e49efa7d94305119"
"curso-1/programacion-ii/exjun.py","curso-1/programacion/exjun.py","renombrado","48828cfc2147132a133cfeb9bb32e04865e54635"
"curso-1/programacion-ii/operaciones.py","curso-1/programacion/operaciones.py","renombrado","8232977b5500d842647b3672c301e999d1152cfb"
"curso-1/programacion-ii/practica.py","curso-1/programacion/practica.py","renombrado","88bbfe5603147932fc06449165659588d933ded4"
"curso-1/programacion-ii/practica13.py","curso-1/programacion/practica13.py","renombrado","b15124fee439cc0b58e90ae844daa57118a048c2"
"curso-1/programacion-ii/wordlet.py","curso-1/programacion/wordlet.py","renombrado","aa54eaa4e6b0d29cc06bfd8b784315b3ada75ba9"
"curso-1/programacion-proyecto/codigoPR1/PR1_PRyES.ipynb","curso-1/programacion/proyecto/codigoPR1/PR1_PRyES.ipynb","renombrado","fa0626f1688ba5dcb0e307cd1b0a21b453eb639a"
"curso-1/programacion-proyecto/codigoPR1/sPR1_PRyES.ipynb","curso-1/programacion/proyecto/codigoPR1/sPR1_PRyES.ipynb","renombrado","4827f12203c805efb521a1dd0e4056a3bc8a4296"
"curso-1/programacion/PRÁCTICAS/GITHUB/programacion-imat/.gitignore","","retirado","b86be223b308133c51cba8eff1cc2fcfd2044afc"
"curso-1/programacion/PRÁCTICAS/GITHUB/programacion-imat/README.md","","retirado","b347052282de57e4c391f18ac08ef495eb3064f2"
"curso-1/programacion/PRÁCTICAS/GITHUB/programacion-imat/ejemplos_clase/00.ejemploCalculadora/Ejemplo de clase Calculadora Python.ipynb","","retirado","de63564e796e5e615701969f37d58d3d0ecd644f"
"curso-1/programacion/PRÁCTICAS/GITHUB/programacion-imat/ejemplos_clase/02.python/primer_codigo_python.ipynb","","retirado","3d7e65d25c59a8e1431ed9c80230fb757f675adf"
"curso-1/programacion/PRÁCTICAS/GITHUB/programacion-imat/ejemplos_clase/04.tipos_datos/Ejemplos en clase del Tema 4.ipynb","","retirado","7be10780e5fda7dc821359b58a7dc0c73e04202f"
"curso-1/programacion/PRÁCTICAS/GITHUB/programacion-imat/ejemplos_clase/04.tipos_datos/Otro ejemplo nuevo.ipynb","","retirado","0da61e37412df4c43969fa13fbb6b3b3280b8f8f"
"curso-1/programacion/PRÁCTICAS/GITHUB/programacion-imat/innovacion_docente/02. I+D. Bloques a Programación - solucion.ipynb","","retirado","9fb371695098bf176684dfc9f52ad3c72be13737"
"curso-1/programacion/PRÁCTICAS/GITHUB/programacion-imat/innovacion_docente/02. I+D. Bloques a Programación.ipynb","","retirado","4c2daf67d18c497f61870ffe75f51cb3f766bea4"
"curso-1/programacion/PRÁCTICAS/GITHUB/programacion-imat/mini_practicas/01.binario/01. Mini Práctica 1. Binario.ipynb","","retirado","01576e977a8391689ed81961f67e1bd6ebccad2b"
"curso-1/programacion/PRÁCTICAS/GITHUB/programacion-imat/practicas/01.scratch/01.scratch.ipynb","","retirado","7ae157288f9507ef4866e8720958f0ca085b3f5f"
"curso-1/programacion/PRÁCTICAS/GITHUB/programacion-imat/practicas/01.scratch/README.md","","retirado","239603e15e487d79bafd2a8a84ef8817f115712d"
"curso-1/programacion/PRÁCTICAS/GITHUB/programacion-imat/practicas/02.bloques_python/02.bloques_a_python-solucion.ipynb","","retirado","9aeb936a47b2d54c3ffbd2b79624f310e70be4e8"
"curso-1/programacion/PRÁCTICAS/GITHUB/programacion-imat/practicas/02.bloques_python/02.bloques_a_python.ipynb","","retirado","3ba7f097ee00aebd74d32bed1c36225d1aa20341"
"curso-1/programacion/PRÁCTICAS/GITHUB/programacion-imat/practicas/02.bloques_python/README.md","","retirado","80ea52aecc37387c3f8d9dd944a897d21c98b35c"
"curso-1/programacion/PRÁCTICAS/GITHUB/programacion-imat/practicas/03.bucles_condicionales/03.bucles_condicionales-solucion.ipynb","","retirado","f2488ab1f6f23c5f39f5622b69e13996cc15a239"
"curso-1/programacion/PRÁCTICAS/GITHUB/programacion-imat/practicas/03.bucles_condicionales/03.bucles_condicionales.ipynb","","retirado","24787509b09d0b32758c63c5e50831c7660e0968"
"curso-1/programacion/PRÁCTICAS/GITHUB/programacion-imat/practicas/04.tipos_datos_calculadora/04.calculadora.ipynb","","retirado","0659407c578c459cae68437c1fe36a16effeb53a"
"curso-1/programacion/PRÁCTICAS/GITHUB/programacion-imat/refuerzo/03.bucles/01. Refuerzo de bucles - solucion.ipynb","","retirado","174ea0539001062e9a59954e70f093e54bda2065"
"curso-1/programacion/PRÁCTICAS/GITHUB/programacion-imat/refuerzo/03.bucles/01. Refuerzo de bucles.ipynb","","retirado","65208933fd01cbd8ce1343c042c94d1e280be209"
"curso-1/programacion/PRÁCTICAS/GITHUB/programacion-imat/retos/01.bucles/reto01.bucles-solucion.ipynb","","retirado","2be96afc1d096934bd01f4f56ef0d9e5932aeb49"
"curso-1/programacion/PRÁCTICAS/GITHUB/programacion-imat/retos/01.bucles/reto01.bucles.ipynb","","retirado","82932c41e2dabfb600f951422b8b652e5c5f4bcd"
"curso-1/programacion/PRÁCTICAS/GITHUB/programacion-imat/retos/02.programacion_papel/Reto 2. Bucles y condicionales en papel.ipynb","","retirado","ac5bb5d37b440719ff06d7d348845eae09b3bc4b"
"curso-1/programacion/PRÁCTICAS/Plantillas de Prácticas/03.bucles_condicionales.ipynb","","retirado","b7e32f0c3e9ec04640881f6720999a1a755a9589"
"curso-1/programacion/PRÁCTICAS/Plantillas de Prácticas/04.calculadora.ipynb","","retirado","7fcda7ece6e024be41010eeff1c1e6e674ff6f90"
"curso-1/programacion/PRÁCTICAS/Plantillas de Prácticas/05.wordlet.ipynb","","retirado","1c70c974b66ebeab7249c2c51d5c01ca6034c5a3"
"curso-1/programacion/PRÁCTICAS/Plantillas de Prácticas/06.estructurada-piedra.ipynb","","retirado","7472ef6cb9438542ea839b8e610dbb4496005550"
"curso-1/programacion/PRÁCTICAS/Plantillas de Prácticas/Práctica 3.ipynb","","retirado","d267988f4cfc596111cce25c08b2e787fc8dfad6"
"curso-1/programacion/PRÁCTICAS/Plantillas de Prácticas/Práctica_7_Funciones.html","","retirado","447d1e2457e1d5efe4410f32885d661e90ebeab0"
"curso-1/programacion/PRÁCTICAS/Plantillas de Prácticas/Práctica_7_Funciones_files/index.css","","retirado","1a879bdcd2e4dbe40b33e61123a03862423ae474"
"curso-1/programacion/PRÁCTICAS/Plantillas de Prácticas/Práctica_7_Funciones_files/saved_resource.html","","retirado","cdd25c1d5e71985d4e2a1a8e911ce4338b51ce4b"
"curso-1/programacion/PRÁCTICAS/Plantillas de Prácticas/Untitled-1.py","","retirado","e69de29bb2d1d6434b8b29ae775ad8c2e48c5391"
"curso-1/programacion/PRÁCTICAS/Plantillas de Prácticas/VISUAL STUDIO CODE.py","","retirado","6077ce14573fb2ae329040185e36f0a39afdd2f1"
"curso-1/programacion/PRÁCTICAS/Plantillas de Prácticas/practica5 (1).ipynb","","retirado","6ea6d7bea07bc5963599bde7d9eb3721b5050992"
"curso-1/programacion/PRÁCTICAS/Prácticas hechas/02.bloques_a_python.ipynb","","retirado","286a8bb67e2f372620999f5feb3b163cf5ed1535"
"curso-1/programacion/PRÁCTICAS/Prácticas hechas/04.calculadora.ipynb","","retirado","1d0f2961dd974bcff83fba92e81020209891329b"
"curso-1/programacion/PRÁCTICAS/Prácticas hechas/08.diccionarios_poligonos.py","","retirado","6aa07267bcbaf454e73af19d1e5c495819eec9ba"
"curso-1/programacion/PRÁCTICAS/Prácticas hechas/Práctica 3.ipynb","","retirado","2a08c4fbe10796d7332b094e21d38b250bacf45c"
"curso-1/programacion/PRÁCTICAS/Prácticas hechas/practica 8.ipynb","","retirado","263cf726a934a22e27f48fc6a4b84a73b37e69f1"
"curso-1/programacion/PRÁCTICAS/Prácticas hechas/practica 8.py","","retirado","ca6d25274d0297310786178a213f12f0f2f58ed6"
"curso-1/programacion/PRÁCTICAS/main.py/Untitled-1.py","","retirado","47d8a135415f719de5bbbe8eaec8b88a8120cc74"
"curso-1/programacion/Practica inter/04.calculadora.ipynb","","retirado","c80fd3b893ad16e907012bb8218bd286efeedbce"
"curso-1/programacion/Practica inter/05. Mini Práctica String.ipynb","","retirado","004ad941f4a8c137d5d615c0f1409e6b1ad26b42"
"curso-1/programacion/Untitled.ipynb","","retirado","c062922daade0fed23ec4cf8e7b1c4e14c870aa2"
"curso-1/programacion/examen recuperacion/main.py.py","","retirado","bdd60fc300594e3df50f25fdc2949d4cd098ac5c"
"curso-1/programacion/practica final/algoritmos/a-Insertion_selectionSort.py","","retirado","1371cd684b7c3e713032cfeb436a3b2b61437dcc"
"curso-1/programacion/practica final/algoritmos/b-bubble.py","","retirado","598c834e513f61b5077da0aeb2ef82f4e1d33820"
"curso-1/programacion/practica final/algoritmos/c-shaker.py","","retirado","27d643106920663240d44e7fd9525be203fee492"
"curso-1/programacion/practica final/algoritmos/d-ShellSort.py","","retirado","7e6dcaed6a93ea192b9b7035abb894825463a58f"
"curso-1/programacion/practica final/algoritmos/e-QuickSort.py","","retirado","b191336a7d08fb3845e23b05a68ee53e3928c3e6"
"curso-1/programacion/practica final/algoritmos/f-BucketSort.py","","retirado","f5436c68fd0cfe27c3f86d6df5fa5648294606bf"
"curso-1/programacion/practica final/algoritmos/f-BucketSort2.py","","retirado","044275dc12f1a210d77fdac94c30ea9b3b323241"
"curso-1/programacion/practica final/algoritmos/g-CountSort.py","","retirado","655ca5d8899932fadc1d932d8122cfcdac87b84b"
"curso-1/programacion/practica final/algoritmos/h-RadixSort.py","","retirado","434d9e4a6dcac58e6cb4de255f42541fd68d58a9"
"curso-1/programacion/practica final/algoritmos/preubaaaa.py","","retirado","1f5a1936c0c283ba51d2c835114dae8a17feb615"
"curso-1/programacion/practica final/algoritmos/prueba.ipynb","","retirado","0cbb5c603ae828028f0d8f9aa7180f095a4ce1a9"
"curso-1/programacion/practica final/algoritmos/solfinal.ipynb","","retirado","b2b43773e01c352b028432711aab185b09d306f6"
"curso-1/programacion/practica final/lista_enlazada_1.0.py","","retirado","9bca841c7ddf0f2fd4c66d6785bb83f8924f452f"
"curso-1/programacion/practica final/prueba1.ipynb","","retirado","20b6082ce2994d219e6f927ec97bb2685cc75a88"
"curso-1/programacion/practica final/soluciones/06.estructurada-piedra.ipynb","","retirado","72ca05b014d3a184e7438bba1009466a477fa1f7"
"curso-1/programacion/practica final/soluciones/1.ipynb","","retirado","77f8a56ce411a0f7165e2e60418a5bfc0dfcd2fb"
"curso-1/programacion/practica final/soluciones/1.py","","retirado","e69de29bb2d1d6434b8b29ae775ad8c2e48c5391"
"curso-1/programacion/practica final/soluciones/2.ipynb","","retirado","aa3ed2d2c025b6e4993c675c8483742768a668b3"
"curso-1/programacion/practica final/soluciones/2022-23 Prueba Intersemestral Programación - Solución.ipynb","","retirado","d3ee51a8bda731cc4a76815a2dbe93c7451d7304"
"curso-1/programacion/practica final/soluciones/2023-24 Prueba Intersemestral Programación - Solución.ipynb","","retirado","4326778a16ba09ff3e2df88d341749eba52ca7dc"
"curso-1/programacion/practica final/soluciones/crear_fichero_5letras.py","","retirado","94035b58142691e5a6e6876f14d35eb9f06b3405"
"curso-1/programacion/practica final/soluciones/main.py","","retirado","06578b2a964b95b78916c38e89a0b80205a889f2"
"curso-1/programacion/practica final/soluciones/recu.ipynb","","retirado","256264e4b63cd217d5da05285d904d4b9c574d65"
"curso-1/programacion/practica final/soluciones/soluciones/chuleta22.py","","retirado","58176342279dbaca9194ee56210168d84a717de3"
"curso-1/programacion/practica final/soluciones/soluciones/dicc23.ipynb","","retirado","f1f71e5084a24b2c54634207c41f7460dd82af18"
"curso-1/programacion/practica final/soluciones/soluciones/dicc23.py","","retirado","e69de29bb2d1d6434b8b29ae775ad8c2e48c5391"
"curso-1/programacion/practica final/soluciones/soluciones/ejercicio_10_sol.ipynb","","retirado","1b1545940113a75cff9b978c13b69b00ff8bae1c"
"curso-1/programacion/practica final/soluciones/soluciones/ejercicio_11_sol.ipynb","","retirado","4c3894621d51bbe018052f8bba0ceb467df6f08e"
"curso-1/programacion/practica final/soluciones/soluciones/ejercicio_12_sol.ipynb","","retirado","50d5fa8c5eddee830f1a80bcd34b1d9875ed5020"
"curso-1/programacion/practica final/soluciones/soluciones/ejercicio_13_sol.ipynb","","retirado","c53c6cb084e0d816ecc54d2259a3c4a91a10fc8e"
"curso-1/programacion/practica final/soluciones/soluciones/ejercicio_14_sol.ipynb","","retirado","b78e3d83e681c245493b637dd67a9e397c57158c"
"curso-1/programacion/practica final/soluciones/soluciones/ejercicio_15_sol.ipynb","","retirado","a5db26e51e40df40cfa04f9afd5acc12dde3e64a"
"curso-1/programacion/practica final/soluciones/soluciones/ejercicio_16_sol.ipynb","","retirado","c39bd316a23079ccbb5c5dad4bf488be99d38e17"
"curso-1/programacion/practica final/soluciones/soluciones/ejercicio_17_sol.ipynb","","retirado","c24b6dd58ce657a9aca30ba23b8eccd62ea6894c"
"curso-1/programacion/practica final/soluciones/soluciones/ejercicio_18_sol.ipynb","","retirado","f978908cb43dce1c5458c640413c39ecec97a50e"
"curso-1/programacion/practica final/soluciones/soluciones/ejercicio_19_sol.ipynb","","retirado","bfcb067119fd26d435f8e9f515806d881fbe1e82"
"curso-1/programacion/practica final/soluciones/soluciones/ejercicio_1_sol.ipynb","","retirado","d3d5214919cd4fdb443d3e188c840570109fa0bb"
"curso-1/programacion/practica final/soluciones/soluciones/ejercicio_20_sol.ipynb","","retirado","1c631cb05f539d256aded9c5fba8df76e1211a85"
"curso-1/programacion/practica final/soluciones/soluciones/ejercicio_21_sol.ipynb","","retirado","bb7b78149b27a6100e4d8c4605ffcf2e456bf7e9"
"curso-1/programacion/practica final/soluciones/soluciones/ejercicio_22_sol.ipynb","","retirado","dacd8aa986aa7561ea4de4fa535b9a72e20558ec"
"curso-1/programacion/practica final/soluciones/soluciones/ejercicio_23_sol.ipynb","","retirado","d2d830adae2a2242c3ac6f0cd7c84d710fe2bd86"
"curso-1/programacion/practica final/soluciones/soluciones/ejercicio_2_sol.ipynb","","retirado","c7898f50d8f32c97f4eddf7e1b2a46608fa20772"
"curso-1/programacion/practica final/soluciones/soluciones/ejercicio_3_sol.ipynb","","retirado","b4a82c181953edaf4ecd502daa35ac998b81d26d"
"curso-1/programacion/practica final/soluciones/soluciones/ejercicio_4_sol.ipynb","","retirado","2affa37dd86e556496be2388153295e8d0250c4c"
"curso-1/programacion/practica final/soluciones/soluciones/ejercicio_5_sol.ipynb","","retirado","cb60f5818d301c22b6a28a20093bcfcaa9266ba3"
"curso-1/programacion/practica final/soluciones/soluciones/ejercicio_6_sol.ipynb","","retirado","cb0eb37a4470b8aebffab5b92b68525fde4f5e11"
"curso-1/programacion/practica final/soluciones/soluciones/ejercicio_7_sol.ipynb","","retirado","b8fbfb15b2bcb4198573aa64b5832f5ff883f18d"
"curso-1/programacion/practica final/soluciones/soluciones/ejercicio_8_sol.ipynb","","retirado","5c40efee906b4d9eb13156e4e747b97415f67eb5"
"curso-1/programacion/practica final/soluciones/soluciones/ejercicio_9_sol.ipynb","","retirado","9de2aa1dcde4c81b2d68a5540dff0700eb035ecf"
"curso-1/programacion/practica final/soluciones/soluciones/ejercicio_clase1.ipynb","","retirado","821ceef7799db6788da22151497684a402aa6285"
"curso-1/programacion/practica final/soluciones/soluciones/recuu22.ipynb","","retirado","d1ad78b7ef282cf256b7a45e7bbfe2f0670048b4"
"curso-1/programacion/practica final/soluciones/soluciones/recuu22.py","","retirado","e69de29bb2d1d6434b8b29ae775ad8c2e48c5391"
"curso-1/programacion/proyecto final progra/proyecto nuevo/jugador.py","","retirado","5a113e547aaccf86c30df3b01cdcf661a7190cae"
"curso-1/programacion/proyecto final progra/proyecto nuevo/main1.py","","retirado","9d1c0b81f2b1499854c59f0e1e08898503ad4ce6"
"curso-1/programacion/proyecto final progra/proyecto nuevo/partida.py","","retirado","93efad6b342cd2b5371d3a702b499feb59781d9e"
"curso-1/programacion/proyecto final progra/proyecto nuevo/registro.py","","retirado","cc06dee5e2e901b25741a0173634109a19de5620"
"curso-1/programacion/proyecto final progra/proyecto nuevo/tablero.py","","retirado","6ec76e9a7551853a6c2e542a0cfb142067fb14d3"
"curso-1/programacion/proyecto final progra/proyecto nuevo/test.py","","retirado","e69de29bb2d1d6434b8b29ae775ad8c2e48c5391"
"curso-2/adquisicion-datos/CODIGOS DE CLASE/CLASES_0611_1111/json_example.py","","retirado","a6a57a8ae4af910482daf6fa9aacffa8934a9d43"
"curso-2/adquisicion-datos/CODIGOS DE CLASE/CLASES_0611_1111/my_servidor.py","","retirado","399e06ab8749feb064ae260873066d300bbf7c39"
"curso-2/adquisicion-datos/CODIGOS DE CLASE/CLASES_0611_1111/my_servidor2.py","","retirado","6c814b52367d32e0e6013788ea9744a6c3926aa0"
"curso-2/adquisicion-datos/CODIGOS DE CLASE/CLASES_0611_1111/request_example.py","","retirado","676f669a8ef0646bbd15f4690795a440b091bbfa"
"curso-2/adquisicion-datos/CODIGOS DE CLASE/CLASES_0611_1111/templates/formulario_saludar.html","","retirado","54470ebbf1a5d5a8a493bb489a3c8df1b36346d0"
"curso-2/adquisicion-datos/CODIGOS DE CLASE/CLASES_0611_1111/templates/gato.html","","retirado","46367be70ca6ec8fe28c5d8e1607502b6d1918f7"
"curso-2/adquisicion-datos/CODIGOS DE CLASE/CLASES_0611_1111/templates/saludar.html","","retirado","e9373d2af06942625415a6c84a12f6754f996c49"
"curso-2/adquisicion-datos/CODIGOS DE CLASE/CLASES_0611_1111/templates/styles.css","","retirado","e69de29bb2d1d6434b8b29ae775ad8c2e48c5391"
"curso-2/adquisicion-datos/PRACTICA_2/airbnb_main.py","curso-2/adquisicion-datos/PRACTICA_2/airbnb_main.py","conservado","fcd25a6c6a112bd21ad0772396c44e67d97090d3"
"curso-2/adquisicion-datos/PRACTICA_3/apartado1.py","curso-2/adquisicion-datos/PRACTICA_3/apartado1.py","conservado","e69de29bb2d1d6434b8b29ae775ad8c2e48c5391"
"curso-2/adquisicion-datos/PRACTICA_INTER/Practica_Pandas_Ejercicios_Vacios.ipynb","","retirado","5825022b5a40088002f2dcfd45088530daa8efd0"
"curso-2/adquisicion-datos/PRACTICA_INTER/Practica_Pandas_Repaso_Intersemestral.ipynb","","retirado","1363ea339eae0ae7d2f0d008081809048118f305"
"curso-2/adquisicion-datos/PRACTICA_INTER/intersemestral_practica_guiada.ipynb","","retirado","3315af4ddc0c2b3254e008450c106299a57ea3f8"
"curso-2/adquisicion-datos/TEMA1/Ejercicios_Limpieza_Tratamiento_Datos_Enunciado.ipynb","","retirado","ec197035df013375e73ed80aa88641b87fb39827"
"curso-2/adquisicion-datos/TEMA1/Ejercicios_Limpieza_Tratamiento_Datos_Solución.ipynb","","retirado","0b7550e1b252933a4feb7a0f028a9a8d50bb29a6"
"curso-2/adquisicion-datos/TEMA1/Pandas_Limpieza_y_Tratamiento.ipynb","","retirado","bbe9e33f20c78acfc2fb28251de9db70f9ce2953"
"curso-2/adquisicion-datos/TEMA1/Repaso_pandas_Solucion.ipynb","","retirado","739f3d33dea0ea5c27bb1400619886d09d9cca19"
"curso-2/adquisicion-datos/TEMA1/Repaso_pandas_Solucion_clear.ipynb","","retirado","ae2c79ca636e35074d933ec0feabfbda98738f79"
"curso-2/adquisicion-datos/TEMA1/Teoría_pandas_DataFrames.ipynb","","retirado","603b76031b13a2e51f0830eaca07d6e76489ac69"
"curso-2/adquisicion-datos/TEMA1/Teoría_pandas_ejercicios_enunciado.ipynb","","retirado","ef3804a46cefa5972275d01e93c522aa2b510c4c"
"curso-2/adquisicion-datos/TEMA1/Teoría_pandas_ejercicios_solución.ipynb","","retirado","8c730288a1628864c09269bfb2fbfef92ac77a39"
"curso-2/adquisicion-datos/TEMA1/exercise (1).ipynb","","retirado","92af3720bd1bf852238599605be9f9e5ab7ed0e4"
"curso-2/adquisicion-datos/TEMA1/exercise_with_solutions (2).ipynb","","retirado","d4115347fa51d94956d8f04d7dd989146f768f16"
"curso-2/adquisicion-datos/TEMA1/solution (1).py","","retirado","191e309bd5764b24b81e29bbb4f47b64ce01dc28"
"curso-2/adquisicion-datos/TEMA2/data_organization (1).ipynb","","retirado","45bcaa382b9dc93f51ce3bb013af88da7a15f550"
"curso-2/adquisicion-datos/TEMA2/data_organization_clear (2).ipynb","","retirado","e80c33e5c5f9bf2eccc28e063745d294f5c555b0"
"curso-2/adquisicion-datos/TEMA3/api_authentication.ipynb","","retirado","561af3e1060a131231be8441a4d86eded7d80e22"
"curso-2/adquisicion-datos/TEMA3/cards.ipynb","","retirado","ddb82a7d85dcae2af870060aa25769999492cd45"
"curso-2/adquisicion-datos/TEMA3/cards_clear.ipynb","","retirado","894539add6890ae0be1f6f74465a6a6a91826ef7"
"curso-2/adquisicion-datos/TEMA3/crawler.py","","retirado","88b359cc4156dbcd11b776bcf05a530d17651f0c"
"curso-2/adquisicion-datos/TEMA3/examples.ipynb","","retirado","670ae21e37cd8d2285efff58db17349f2d475ae0"
"curso-2/adquisicion-datos/TEMA3/examples_clear.ipynb","","retirado","6d375f5b92c211d8f5d1ef0b110bdf0aefe9bc18"
"curso-2/adquisicion-datos/TEMA3/examples_short_class.ipynb","","retirado","0d3b905edbd5535db74d42ce9dc43d97c4a59f11"
"curso-2/adquisicion-datos/TEMA3/language_detector.ipynb","","retirado","4e56190a9956ef11566dbd5d6b9424b48f393da3"
"curso-2/adquisicion-datos/TEMA3/star_wars.ipynb","","retirado","7fddc9165cec57e54d08afaf587d9d48ad2bfae9"
"curso-2/adquisicion-datos/examenes_adquisicion[1]/examenes_adquisicion_recu/examen adquisicion recuperacion 24-25/exam_main.py","","retirado","b9e8ef513917cf90cecb9495fcf1a096d2c3f95b"
"curso-2/adquisicion-datos/examenes_adquisicion[1]/examenes_adquisicion_recu/examen adquisicion recuperacion 24-25/main.ipynb","","retirado","94f1bf9b38d02b3332c93fa5e54819dde706281a"
"curso-2/adquisicion-datos/examenes_adquisicion[1]/examenes_adquisicion_recu/examen_creado_por_mi/ejercicio2.ipynb","","retirado","488097037ed705c9470a22981ab8ec06fc97b578"
"curso-2/adquisicion-datos/examenes_adquisicion[1]/examenes_adquisicion_recu/examen_creado_por_mi/ejercicio3.ipynb","","retirado","931d5a8c0630ca79a529269768cbdd198386ef94"
"curso-2/adquisicion-datos/examenes_adquisicion[1]/examenes_adquisicion_recu/examen_creado_por_mi/main.ipynb","","retirado","998cd77a2e4adc2fe58fbe60c593d2bc8238ce87"
"curso-2/adquisicion-datos/examenes_adquisicion[1]/examenes_adquisicion_recu/examenes adquisicion 25-26/solution_inter/exam_main_solution.ipynb","","retirado","60721cd20d255914d0b0731d6c6e3a938f037802"
"curso-2/adquisicion-datos/examenes_adquisicion[1]/examenes_adquisicion_recu/exámenes adquisicion 23-24/final 23-24/exam_main.py","","retirado","76a2aec235e1b8d83f426c89f53d6f7d04961f3b"
"curso-2/adquisicion-datos/examenes_adquisicion[1]/examenes_adquisicion_recu/exámenes adquisicion 23-24/final 23-24/practica.py","","retirado","e69de29bb2d1d6434b8b29ae775ad8c2e48c5391"
"curso-2/adquisicion-datos/examenes_adquisicion[1]/examenes_adquisicion_recu/exámenes adquisicion 23-24/final 23-24/pruebas.ipynb","","retirado","42692ec97927ee126a20bfb68098ff0630ca6238"
"curso-2/adquisicion-datos/examenes_adquisicion[1]/examenes_adquisicion_recu/exámenes adquisicion 23-24/final 23-24/sucio.ipynb","","retirado","25f64ebb508274a31d547ecf7b732170362fea07"
"curso-2/adquisicion-datos/examenes_adquisicion[1]/examenes_adquisicion_recu/exámenes adquisicion 23-24/inter 23-24/examen_mi_solucion.ipynb","","retirado","20633661f8915d29b5967cd0637dc3873ead6a97"
"curso-2/adquisicion-datos/examenes_adquisicion[1]/examenes_adquisicion_recu/exámenes adquisicion 23-24/inter 23-24/main.py","","retirado","9f7382d385bb18257934c7a7b772b712030607ce"
"curso-2/adquisicion-datos/examenes_adquisicion[1]/examenes_adquisicion_recu/exámenes adquisicion 23-24/inter 23-24/mi_resolucion_parcial.ipynb","","retirado","8bb83e065ae1623183faacd1e2a1e42c9e0d8f71"
"curso-2/adquisicion-datos/examenes_adquisicion[1]/examenes_adquisicion_recu/exámenes adquisicion 24-25/Examen final/dsfno.ipynb","","retirado","32ce2ae2dd9b8c0ece1fe3636b7febbba5869a86"
"curso-2/adquisicion-datos/examenes_adquisicion[1]/examenes_adquisicion_recu/exámenes adquisicion 24-25/Examen final/exam_main.py","","retirado","63795141934e308707d4071504215830ad0f136e"
"curso-2/adquisicion-datos/examenes_adquisicion[1]/examenes_adquisicion_recu/exámenes adquisicion 24-25/Examen final/main.ipynb","","retirado","4cb90259d8565e7de3f4eaff6396aea182389844"
"curso-2/adquisicion-datos/examenes_adquisicion[1]/examenes_adquisicion_recu/exámenes adquisicion 24-25/Examen final/prueba.py","","retirado","7027667e1203ca445b035edb5562b28ca10d3cad"
"curso-2/adquisicion-datos/examenes_adquisicion[1]/examenes_adquisicion_recu/exámenes adquisicion 24-25/Examen final/pruebas.ipynb","","retirado","80fae46258bbb1cd1013acb967b1bbeb5879acf2"
"curso-2/adquisicion-datos/examenes_adquisicion[1]/examenes_adquisicion_recu/exámenes adquisicion 24-25/Examen final/sfdb.ipynb","","retirado","6ea40524eada9c431bc461651d7bf0344f4bac21"
"curso-2/adquisicion-datos/examenes_adquisicion[1]/examenes_adquisicion_recu/exámenes adquisicion 24-25/Inter adquisición 24-25/exam_main.py","","retirado","30eb7f09bc57df1fe59dfe1b71f1f3caefd9720f"
"curso-2/adquisicion-datos/final/Materiales Parte Práctica-20251222/Untitled-1.py","","retirado","916a5f353782c8a83081b1c953afd057e63dd765"
"curso-2/adquisicion-datos/final/Materiales Parte Práctica-20251222/exam_main.py","","retirado","b66cfc4102992cbbb4b995331ad1553ebc516c33"
"curso-2/adquisicion-datos/final/Materiales Parte Práctica-20251222/sdg.ipynb","","retirado","75f95271dd8b6140be5bdec7ce7ea847059d9c79"
"curso-2/adquisicion-datos/final/Materiales Parte Práctica-20251222/wsgr.ipynb","","retirado","2584436191b451a0c82bff3c6b164940d25c8d15"
"curso-2/adquisicion-datos/practica_final/PRACTICA_2.py","","retirado","515f31f85cfda6a45382b3efb4bf927268ba44ff"
"curso-2/adquisicion-datos/practica_final/carpeta chat/Ejercicios_Limpieza_Tratamiento_Datos_Enunciado.ipynb","","retirado","4e200112aae82407d03217556b2824711bcd7f6c"
"curso-2/adquisicion-datos/practica_final/carpeta chat/Ejercicios_Limpieza_Tratamiento_Datos_Solución.ipynb","","retirado","0b7550e1b252933a4feb7a0f028a9a8d50bb29a6"
"curso-2/adquisicion-datos/practica_final/carpeta chat/Pandas_Limpieza_y_Tratamiento.ipynb","","retirado","bbe9e33f20c78acfc2fb28251de9db70f9ce2953"
"curso-2/adquisicion-datos/practica_final/carpeta chat/Teoría_pandas_DataFrames.ipynb","","retirado","603b76031b13a2e51f0830eaca07d6e76489ac69"
"curso-2/adquisicion-datos/practica_final/carpeta chat/Teoría_pandas_ejercicios_enunciado.ipynb","","retirado","ef3804a46cefa5972275d01e93c522aa2b510c4c"
"curso-2/adquisicion-datos/practica_final/carpeta chat/Teoría_pandas_ejercicios_solución.ipynb","","retirado","8c730288a1628864c09269bfb2fbfef92ac77a39"
"curso-2/adquisicion-datos/practica_final/carpeta chat/exam_main.py","","retirado","b9e8ef513917cf90cecb9495fcf1a096d2c3f95b"
"curso-2/adquisicion-datos/practica_final/carpeta chat/exercise_with_solutions (2).ipynb","","retirado","d4115347fa51d94956d8f04d7dd989146f768f16"
"curso-2/adquisicion-datos/practica_final/carpeta chat/main.ipynb","","retirado","94f1bf9b38d02b3332c93fa5e54819dde706281a"
"curso-2/adquisicion-datos/practica_final/efvon.ipynb","","retirado","540e1ba9e543d398f6441c8f118ec918f8db033e"
"curso-2/adquisicion-datos/practica_final/fdiv.ipynb","","retirado","46f276dc8709582a5c08ed522db493c729e28878"
"curso-2/adquisicion-datos/practica_final/fdvn.ipynb","","retirado","b1419101349dfbdfeb4765ca6648388cdd9b6ec2"
"curso-2/adquisicion-datos/recuperacion/Materiales Parte Práctica-20260610/exam_main.py","","retirado","f2004a514d63639b3521c222ad20406ad8600aaf"
"curso-2/adquisicion-datos/recuperacion/Materiales Parte Práctica-20260610/prueba.ipynb","","retirado","08d20c3372e160b8a90dab524a0c8d7e0d8609fd"
"curso-2/aprendizaje-automatico/PRACTICAS/p2-1-prepare-data-psoto212/Lab_2_1_intro.ipynb","curso-2/aprendizaje-automatico/PRACTICAS/p2-1-prepare-data-psoto212/Lab_2_1_intro.ipynb","conservado","ccd5517ceb8524ac535ee5dff28702a13208cc89"
"curso-2/aprendizaje-automatico/PRACTICAS/p2-1-prepare-data-psoto212/README.md","curso-2/aprendizaje-automatico/PRACTICAS/p2-1-prepare-data-psoto212/README.md","conservado","c17026de660cfb4ddb58b2894a2816774924a695"
"curso-2/aprendizaje-automatico/PRACTICAS/p2-2-knn-psoto212-main/p2-2-knn-psoto212-main/.gitignore","curso-2/aprendizaje-automatico/PRACTICAS/p2-2-knn-psoto212-main/p2-2-knn-psoto212-main/.gitignore","conservado","b834cdec56bd924473550685275026157a384ff9"
"curso-2/aprendizaje-automatico/PRACTICAS/p2-2-knn-psoto212-main/p2-2-knn-psoto212-main/P2_2_LogReg_KNN_solution.py","curso-2/aprendizaje-automatico/PRACTICAS/p2-2-knn-psoto212-main/p2-2-knn-psoto212-main/P2_2_LogReg_KNN_solution.py","conservado","f250757cfded62ef703be14565243507a655e39b"
"curso-2/aprendizaje-automatico/PRACTICAS/p2-2-knn-psoto212-main/p2-2-knn-psoto212-main/README.md","curso-2/aprendizaje-automatico/PRACTICAS/p2-2-knn-psoto212-main/p2-2-knn-psoto212-main/README.md","conservado","c1d9d4ef82977c350fcf6cd79b5b72202a4c0a98"
"curso-2/aprendizaje-automatico/PRACTICAS/p2-2-knn-psoto212-main/p2-2-knn-psoto212-main/notebook/Lab_2_2_kNN.ipynb","curso-2/aprendizaje-automatico/PRACTICAS/p2-2-knn-psoto212-main/p2-2-knn-psoto212-main/notebook/Lab_2_2_kNN.ipynb","conservado","1ad5f18acf660e3f2e3e615e6bd04e2899f92f7c"
"curso-2/aprendizaje-automatico/PRACTICAS/p2-2-knn-psoto212-main/p2-2-knn-psoto212-main/notebook/__init__.py","curso-2/aprendizaje-automatico/PRACTICAS/p2-2-knn-psoto212-main/p2-2-knn-psoto212-main/notebook/__init__.py","conservado","e69de29bb2d1d6434b8b29ae775ad8c2e48c5391"
"curso-2/aprendizaje-automatico/PRACTICAS/p2-2-knn-psoto212-main/p2-2-knn-psoto212-main/pre_commit.sh","curso-2/aprendizaje-automatico/PRACTICAS/p2-2-knn-psoto212-main/p2-2-knn-psoto212-main/pre_commit.sh","conservado","335d96a674dc5e2695b0b95466a8755d86c7a266"
"curso-2/aprendizaje-automatico/PRACTICAS/p2-2-knn-psoto212-main/p2-2-knn-psoto212-main/src/Lab_2_2_kNN.py","curso-2/aprendizaje-automatico/PRACTICAS/p2-2-knn-psoto212-main/p2-2-knn-psoto212-main/src/Lab_2_2_kNN.py","conservado","862f9a6070e892e9948eca6594d50ad6e7fac964"
"curso-2/aprendizaje-automatico/PRACTICAS/p2-2-knn-psoto212-main/p2-2-knn-psoto212-main/src/__init__.py","curso-2/aprendizaje-automatico/PRACTICAS/p2-2-knn-psoto212-main/p2-2-knn-psoto212-main/src/__init__.py","conservado","8b137891791fe96927ad78e64b0aad7bded08bdc"
"curso-2/aprendizaje-automatico/PRACTICAS/p2-2-knn-psoto212-main/p2-2-knn-psoto212-main/tests/__init__.py","curso-2/aprendizaje-automatico/PRACTICAS/p2-2-knn-psoto212-main/p2-2-knn-psoto212-main/tests/__init__.py","conservado","8b137891791fe96927ad78e64b0aad7bded08bdc"
"curso-2/aprendizaje-automatico/PRACTICAS/p2-2-knn-psoto212-main/p2-2-knn-psoto212-main/tests/test_lab_2_2_knn.py","curso-2/aprendizaje-automatico/PRACTICAS/p2-2-knn-psoto212-main/p2-2-knn-psoto212-main/tests/test_lab_2_2_knn.py","conservado","470530ceefc8709b792578e428a3945a7a00068c"
"curso-2/aprendizaje-automatico/PRACTICAS/p2-3-linear-regression-psoto212-main/p2-3-linear-regression-psoto212-main/.gitignore","curso-2/aprendizaje-automatico/PRACTICAS/p2-3-linear-regression-psoto212-main/p2-3-linear-regression-psoto212-main/.gitignore","conservado","b834cdec56bd924473550685275026157a384ff9"
"curso-2/aprendizaje-automatico/PRACTICAS/p2-3-linear-regression-psoto212-main/p2-3-linear-regression-psoto212-main/README.md","curso-2/aprendizaje-automatico/PRACTICAS/p2-3-linear-regression-psoto212-main/p2-3-linear-regression-psoto212-main/README.md","conservado","5af0fb0c26919e90451d3b6119b719a406ca236b"
"curso-2/aprendizaje-automatico/PRACTICAS/p2-3-linear-regression-psoto212-main/p2-3-linear-regression-psoto212-main/notebook/Lab_2_3_LinearRegression.ipynb","curso-2/aprendizaje-automatico/PRACTICAS/p2-3-linear-regression-psoto212-main/p2-3-linear-regression-psoto212-main/notebook/Lab_2_3_LinearRegression.ipynb","conservado","8aa307955573816307d2fbee2edcb6a7acc0dee5"
"curso-2/aprendizaje-automatico/PRACTICAS/p2-3-linear-regression-psoto212-main/p2-3-linear-regression-psoto212-main/notebook/__init__.py","curso-2/aprendizaje-automatico/PRACTICAS/p2-3-linear-regression-psoto212-main/p2-3-linear-regression-psoto212-main/notebook/__init__.py","conservado","e69de29bb2d1d6434b8b29ae775ad8c2e48c5391"
"curso-2/aprendizaje-automatico/PRACTICAS/p2-3-linear-regression-psoto212-main/p2-3-linear-regression-psoto212-main/pre_commit.sh","curso-2/aprendizaje-automatico/PRACTICAS/p2-3-linear-regression-psoto212-main/p2-3-linear-regression-psoto212-main/pre_commit.sh","conservado","335d96a674dc5e2695b0b95466a8755d86c7a266"
"curso-2/aprendizaje-automatico/PRACTICAS/p2-3-linear-regression-psoto212-main/p2-3-linear-regression-psoto212-main/requirements.txt","curso-2/aprendizaje-automatico/PRACTICAS/p2-3-linear-regression-psoto212-main/p2-3-linear-regression-psoto212-main/requirements.txt","conservado","5b786006918fb39a7cfc929c7e4528cf512b1708"
"curso-2/aprendizaje-automatico/PRACTICAS/p2-3-linear-regression-psoto212-main/p2-3-linear-regression-psoto212-main/src/.gitignore","curso-2/aprendizaje-automatico/PRACTICAS/p2-3-linear-regression-psoto212-main/p2-3-linear-regression-psoto212-main/src/.gitignore","conservado","b834cdec56bd924473550685275026157a384ff9"
"curso-2/aprendizaje-automatico/PRACTICAS/p2-3-linear-regression-psoto212-main/p2-3-linear-regression-psoto212-main/src/README.md","curso-2/aprendizaje-automatico/PRACTICAS/p2-3-linear-regression-psoto212-main/p2-3-linear-regression-psoto212-main/src/README.md","conservado","5af0fb0c26919e90451d3b6119b719a406ca236b"
"curso-2/aprendizaje-automatico/PRACTICAS/p2-3-linear-regression-psoto212-main/p2-3-linear-regression-psoto212-main/src/__init__.py","curso-2/aprendizaje-automatico/PRACTICAS/p2-3-linear-regression-psoto212-main/p2-3-linear-regression-psoto212-main/src/__init__.py","conservado","8b137891791fe96927ad78e64b0aad7bded08bdc"
"curso-2/aprendizaje-automatico/PRACTICAS/p2-3-linear-regression-psoto212-main/p2-3-linear-regression-psoto212-main/src/lab_2_3_LinearRegression.py","curso-2/aprendizaje-automatico/PRACTICAS/p2-3-linear-regression-psoto212-main/p2-3-linear-regression-psoto212-main/src/lab_2_3_LinearRegression.py","conservado","e9bdb0d0060627f8e6a02b24c3bf6670054f08eb"
"curso-2/aprendizaje-automatico/PRACTICAS/p2-3-linear-regression-psoto212-main/p2-3-linear-regression-psoto212-main/src/notebook/Lab_2_3_LinearRegression.ipynb","curso-2/aprendizaje-automatico/PRACTICAS/p2-3-linear-regression-psoto212-main/p2-3-linear-regression-psoto212-main/src/notebook/Lab_2_3_LinearRegression.ipynb","conservado","8aa307955573816307d2fbee2edcb6a7acc0dee5"
"curso-2/aprendizaje-automatico/PRACTICAS/p2-3-linear-regression-psoto212-main/p2-3-linear-regression-psoto212-main/src/notebook/__init__.py","curso-2/aprendizaje-automatico/PRACTICAS/p2-3-linear-regression-psoto212-main/p2-3-linear-regression-psoto212-main/src/notebook/__init__.py","conservado","e69de29bb2d1d6434b8b29ae775ad8c2e48c5391"
"curso-2/aprendizaje-automatico/PRACTICAS/p2-3-linear-regression-psoto212-main/p2-3-linear-regression-psoto212-main/src/pre_commit.sh","curso-2/aprendizaje-automatico/PRACTICAS/p2-3-linear-regression-psoto212-main/p2-3-linear-regression-psoto212-main/src/pre_commit.sh","conservado","335d96a674dc5e2695b0b95466a8755d86c7a266"
"curso-2/aprendizaje-automatico/PRACTICAS/p2-3-linear-regression-psoto212-main/p2-3-linear-regression-psoto212-main/src/requirements.txt","curso-2/aprendizaje-automatico/PRACTICAS/p2-3-linear-regression-psoto212-main/p2-3-linear-regression-psoto212-main/src/requirements.txt","conservado","5b786006918fb39a7cfc929c7e4528cf512b1708"
"curso-2/aprendizaje-automatico/PRACTICAS/p2-3-linear-regression-psoto212-main/p2-3-linear-regression-psoto212-main/src/src/__init__.py","curso-2/aprendizaje-automatico/PRACTICAS/p2-3-linear-regression-psoto212-main/p2-3-linear-regression-psoto212-main/src/src/__init__.py","conservado","8b137891791fe96927ad78e64b0aad7bded08bdc"
"curso-2/aprendizaje-automatico/PRACTICAS/p2-3-linear-regression-psoto212-main/p2-3-linear-regression-psoto212-main/src/src/lab_2_3_LinearRegression.py","curso-2/aprendizaje-automatico/PRACTICAS/p2-3-linear-regression-psoto212-main/p2-3-linear-regression-psoto212-main/src/src/lab_2_3_LinearRegression.py","conservado","2c58321a47502903b2bb25b5708725778d0de144"
"curso-2/aprendizaje-automatico/PRACTICAS/p2-3-linear-regression-psoto212-main/p2-3-linear-regression-psoto212-main/src/tests/__init__.py","curso-2/aprendizaje-automatico/PRACTICAS/p2-3-linear-regression-psoto212-main/p2-3-linear-regression-psoto212-main/src/tests/__init__.py","conservado","8b137891791fe96927ad78e64b0aad7bded08bdc"
"curso-2/aprendizaje-automatico/PRACTICAS/p2-3-linear-regression-psoto212-main/p2-3-linear-regression-psoto212-main/src/tests/test_lab_2_3_LinearRegression.py","curso-2/aprendizaje-automatico/PRACTICAS/p2-3-linear-regression-psoto212-main/p2-3-linear-regression-psoto212-main/src/tests/test_lab_2_3_LinearRegression.py","conservado","a4084a4d55beafa817648685345c90bdefbac126"
"curso-2/aprendizaje-automatico/PRACTICAS/p2-3-linear-regression-psoto212-main/p2-3-linear-regression-psoto212-main/tests/__init__.py","curso-2/aprendizaje-automatico/PRACTICAS/p2-3-linear-regression-psoto212-main/p2-3-linear-regression-psoto212-main/tests/__init__.py","conservado","8b137891791fe96927ad78e64b0aad7bded08bdc"
"curso-2/aprendizaje-automatico/PRACTICAS/p2-3-linear-regression-psoto212-main/p2-3-linear-regression-psoto212-main/tests/test_lab_2_3_LinearRegression.py","curso-2/aprendizaje-automatico/PRACTICAS/p2-3-linear-regression-psoto212-main/p2-3-linear-regression-psoto212-main/tests/test_lab_2_3_LinearRegression.py","conservado","a4084a4d55beafa817648685345c90bdefbac126"
"curso-2/aprendizaje-automatico/PRACTICAS/p2-4-linear-regression-ii-psoto212-main/p2-4-linear-regression-ii-psoto212-main/.gitignore","curso-2/aprendizaje-automatico/PRACTICAS/p2-4-linear-regression-ii-psoto212-main/p2-4-linear-regression-ii-psoto212-main/.gitignore","conservado","4bf77d044409267d046d2b74099f64bb9003e836"
"curso-2/aprendizaje-automatico/PRACTICAS/p2-4-linear-regression-ii-psoto212-main/p2-4-linear-regression-ii-psoto212-main/README.md","curso-2/aprendizaje-automatico/PRACTICAS/p2-4-linear-regression-ii-psoto212-main/p2-4-linear-regression-ii-psoto212-main/README.md","conservado","e9064ffa4087eea4ee7a710e1df90b061d4c1a3e"
"curso-2/aprendizaje-automatico/PRACTICAS/p2-4-linear-regression-ii-psoto212-main/p2-4-linear-regression-ii-psoto212-main/notebook/Lab_2_4_LR2.ipynb","curso-2/aprendizaje-automatico/PRACTICAS/p2-4-linear-regression-ii-psoto212-main/p2-4-linear-regression-ii-psoto212-main/notebook/Lab_2_4_LR2.ipynb","conservado","2450360b48d9e92bc96c4276cdfea5cc55231334"
"curso-2/aprendizaje-automatico/PRACTICAS/p2-4-linear-regression-ii-psoto212-main/p2-4-linear-regression-ii-psoto212-main/notebook/__init__.py","curso-2/aprendizaje-automatico/PRACTICAS/p2-4-linear-regression-ii-psoto212-main/p2-4-linear-regression-ii-psoto212-main/notebook/__init__.py","conservado","e69de29bb2d1d6434b8b29ae775ad8c2e48c5391"
"curso-2/aprendizaje-automatico/PRACTICAS/p2-4-linear-regression-ii-psoto212-main/p2-4-linear-regression-ii-psoto212-main/src/Lab_2_4_LR2.py","curso-2/aprendizaje-automatico/PRACTICAS/p2-4-linear-regression-ii-psoto212-main/p2-4-linear-regression-ii-psoto212-main/src/Lab_2_4_LR2.py","conservado","2037f89f79d76b50382e246b8c0fe94fa8f5ad2b"
"curso-2/aprendizaje-automatico/PRACTICAS/p2-4-linear-regression-ii-psoto212-main/p2-4-linear-regression-ii-psoto212-main/src/__init__.py","curso-2/aprendizaje-automatico/PRACTICAS/p2-4-linear-regression-ii-psoto212-main/p2-4-linear-regression-ii-psoto212-main/src/__init__.py","conservado","e69de29bb2d1d6434b8b29ae775ad8c2e48c5391"
"curso-2/aprendizaje-automatico/PRACTICAS/p2-4-linear-regression-ii-psoto212-main/p2-4-linear-regression-ii-psoto212-main/tests/__init__.py","curso-2/aprendizaje-automatico/PRACTICAS/p2-4-linear-regression-ii-psoto212-main/p2-4-linear-regression-ii-psoto212-main/tests/__init__.py","conservado","e69de29bb2d1d6434b8b29ae775ad8c2e48c5391"
"curso-2/aprendizaje-automatico/PRACTICAS/p2-4-linear-regression-ii-psoto212-main/p2-4-linear-regression-ii-psoto212-main/tests/test_linear_regressor.py","curso-2/aprendizaje-automatico/PRACTICAS/p2-4-linear-regression-ii-psoto212-main/p2-4-linear-regression-ii-psoto212-main/tests/test_linear_regressor.py","conservado","af0673302c8cad186cad899cb6f89f99a57a135c"
"curso-2/aprendizaje-automatico/PRACTICAS/p2-4-linear-regression-ii-psoto212/.gitignore","curso-2/aprendizaje-automatico/PRACTICAS/p2-4-linear-regression-ii-psoto212/.gitignore","conservado","4bf77d044409267d046d2b74099f64bb9003e836"
"curso-2/aprendizaje-automatico/PRACTICAS/p2-4-linear-regression-ii-psoto212/README.md","curso-2/aprendizaje-automatico/PRACTICAS/p2-4-linear-regression-ii-psoto212/README.md","conservado","e9064ffa4087eea4ee7a710e1df90b061d4c1a3e"
"curso-2/aprendizaje-automatico/PRACTICAS/p2-4-linear-regression-ii-psoto212/notebook/Lab_2_4_LR2.ipynb","curso-2/aprendizaje-automatico/PRACTICAS/p2-4-linear-regression-ii-psoto212/notebook/Lab_2_4_LR2.ipynb","conservado","2450360b48d9e92bc96c4276cdfea5cc55231334"
"curso-2/aprendizaje-automatico/PRACTICAS/p2-4-linear-regression-ii-psoto212/notebook/__init__.py","curso-2/aprendizaje-automatico/PRACTICAS/p2-4-linear-regression-ii-psoto212/notebook/__init__.py","conservado","e69de29bb2d1d6434b8b29ae775ad8c2e48c5391"
"curso-2/aprendizaje-automatico/PRACTICAS/p2-4-linear-regression-ii-psoto212/src/Lab_2_4_LR2.py","curso-2/aprendizaje-automatico/PRACTICAS/p2-4-linear-regression-ii-psoto212/src/Lab_2_4_LR2.py","conservado","2037f89f79d76b50382e246b8c0fe94fa8f5ad2b"
"curso-2/aprendizaje-automatico/PRACTICAS/p2-4-linear-regression-ii-psoto212/src/__init__.py","curso-2/aprendizaje-automatico/PRACTICAS/p2-4-linear-regression-ii-psoto212/src/__init__.py","conservado","e69de29bb2d1d6434b8b29ae775ad8c2e48c5391"
"curso-2/aprendizaje-automatico/PRACTICAS/p2-4-linear-regression-ii-psoto212/tests/__init__.py","curso-2/aprendizaje-automatico/PRACTICAS/p2-4-linear-regression-ii-psoto212/tests/__init__.py","conservado","e69de29bb2d1d6434b8b29ae775ad8c2e48c5391"
"curso-2/aprendizaje-automatico/PRACTICAS/p2-4-linear-regression-ii-psoto212/tests/test_linear_regressor.py","curso-2/aprendizaje-automatico/PRACTICAS/p2-4-linear-regression-ii-psoto212/tests/test_linear_regressor.py","conservado","af0673302c8cad186cad899cb6f89f99a57a135c"
"curso-2/aprendizaje-automatico/PRACTICAS/p2-5-logistic-regression-psoto212-main/p2-5-logistic-regression-psoto212-main/README.md","curso-2/aprendizaje-automatico/PRACTICAS/p2-5-logistic-regression-psoto212-main/p2-5-logistic-regression-psoto212-main/README.md","conservado","6ed7856c1f81346ce2412a0915fa40b93f31a528"
"curso-2/aprendizaje-automatico/PRACTICAS/p2-5-logistic-regression-psoto212-main/p2-5-logistic-regression-psoto212-main/notebook/Lab2_5_LogisticRegression_and_regularization.ipynb","curso-2/aprendizaje-automatico/PRACTICAS/p2-5-logistic-regression-psoto212-main/p2-5-logistic-regression-psoto212-main/notebook/Lab2_5_LogisticRegression_and_regularization.ipynb","conservado","946ed4133b508e81e936c786f5506ddbc1023af2"
"curso-2/aprendizaje-automatico/PRACTICAS/p2-5-logistic-regression-psoto212-main/p2-5-logistic-regression-psoto212-main/notebook/__init__.py","curso-2/aprendizaje-automatico/PRACTICAS/p2-5-logistic-regression-psoto212-main/p2-5-logistic-regression-psoto212-main/notebook/__init__.py","conservado","e69de29bb2d1d6434b8b29ae775ad8c2e48c5391"
"curso-2/aprendizaje-automatico/PRACTICAS/p2-5-logistic-regression-psoto212-main/p2-5-logistic-regression-psoto212-main/src/Lab2_5_LogisticRegression_and_regularization.py","curso-2/aprendizaje-automatico/PRACTICAS/p2-5-logistic-regression-psoto212-main/p2-5-logistic-regression-psoto212-main/src/Lab2_5_LogisticRegression_and_regularization.py","conservado","c5262ea4bf211aa1e9525c2b23b79c5cb05477fb"
"curso-2/aprendizaje-automatico/PRACTICAS/p2-5-logistic-regression-psoto212-main/p2-5-logistic-regression-psoto212-main/src/__init__.py","curso-2/aprendizaje-automatico/PRACTICAS/p2-5-logistic-regression-psoto212-main/p2-5-logistic-regression-psoto212-main/src/__init__.py","conservado","e69de29bb2d1d6434b8b29ae775ad8c2e48c5391"
"curso-2/aprendizaje-automatico/PRACTICAS/p2-5-logistic-regression-psoto212-main/p2-5-logistic-regression-psoto212-main/src/utils.py","curso-2/aprendizaje-automatico/PRACTICAS/p2-5-logistic-regression-psoto212-main/p2-5-logistic-regression-psoto212-main/src/utils.py","conservado","01dbc9874c82f406266372dd56aea92b0812aade"
"curso-2/aprendizaje-automatico/PRACTICAS/p2-5-logistic-regression-psoto212-main/p2-5-logistic-regression-psoto212-main/tests/__init__.py","curso-2/aprendizaje-automatico/PRACTICAS/p2-5-logistic-regression-psoto212-main/p2-5-logistic-regression-psoto212-main/tests/__init__.py","conservado","e69de29bb2d1d6434b8b29ae775ad8c2e48c5391"
"curso-2/aprendizaje-automatico/PRACTICAS/p2-5-logistic-regression-psoto212-main/p2-5-logistic-regression-psoto212-main/tests/test_logistic_regressor.py","curso-2/aprendizaje-automatico/PRACTICAS/p2-5-logistic-regression-psoto212-main/p2-5-logistic-regression-psoto212-main/tests/test_logistic_regressor.py","conservado","36c88edbe2271d88eeba52010f5aa165e7543bfe"
"curso-2/aprendizaje-automatico/PRACTICAS/p2-5-logistic-regression-psoto212/README.md","curso-2/aprendizaje-automatico/PRACTICAS/p2-5-logistic-regression-psoto212/README.md","conservado","6ed7856c1f81346ce2412a0915fa40b93f31a528"
"curso-2/aprendizaje-automatico/PRACTICAS/p2-5-logistic-regression-psoto212/notebook/Lab2_5_LogisticRegression_and_regularization.ipynb","curso-2/aprendizaje-automatico/PRACTICAS/p2-5-logistic-regression-psoto212/notebook/Lab2_5_LogisticRegression_and_regularization.ipynb","conservado","946ed4133b508e81e936c786f5506ddbc1023af2"
"curso-2/aprendizaje-automatico/PRACTICAS/p2-5-logistic-regression-psoto212/notebook/__init__.py","curso-2/aprendizaje-automatico/PRACTICAS/p2-5-logistic-regression-psoto212/notebook/__init__.py","conservado","e69de29bb2d1d6434b8b29ae775ad8c2e48c5391"
"curso-2/aprendizaje-automatico/PRACTICAS/p2-5-logistic-regression-psoto212/src/Lab2_5_LogisticRegression_and_regularization.py","curso-2/aprendizaje-automatico/PRACTICAS/p2-5-logistic-regression-psoto212/src/Lab2_5_LogisticRegression_and_regularization.py","conservado","c5262ea4bf211aa1e9525c2b23b79c5cb05477fb"
"curso-2/aprendizaje-automatico/PRACTICAS/p2-5-logistic-regression-psoto212/src/__init__.py","curso-2/aprendizaje-automatico/PRACTICAS/p2-5-logistic-regression-psoto212/src/__init__.py","conservado","e69de29bb2d1d6434b8b29ae775ad8c2e48c5391"
"curso-2/aprendizaje-automatico/PRACTICAS/p2-5-logistic-regression-psoto212/src/utils.py","curso-2/aprendizaje-automatico/PRACTICAS/p2-5-logistic-regression-psoto212/src/utils.py","conservado","01dbc9874c82f406266372dd56aea92b0812aade"
"curso-2/aprendizaje-automatico/PRACTICAS/p2-5-logistic-regression-psoto212/tests/__init__.py","curso-2/aprendizaje-automatico/PRACTICAS/p2-5-logistic-regression-psoto212/tests/__init__.py","conservado","e69de29bb2d1d6434b8b29ae775ad8c2e48c5391"
"curso-2/aprendizaje-automatico/PRACTICAS/p2-5-logistic-regression-psoto212/tests/test_logistic_regressor.py","curso-2/aprendizaje-automatico/PRACTICAS/p2-5-logistic-regression-psoto212/tests/test_logistic_regressor.py","conservado","36c88edbe2271d88eeba52010f5aa165e7543bfe"
"curso-2/aprendizaje-automatico/PRACTICAS/p2-6-cross-validation-psoto212-main/README.md","curso-2/aprendizaje-automatico/PRACTICAS/p2-6-cross-validation-psoto212-main/README.md","conservado","810fa00a64d1c6f768149edcfcf87a733258d33f"
"curso-2/aprendizaje-automatico/PRACTICAS/p2-6-cross-validation-psoto212-main/notebook/Lab2_6_CV.ipynb","curso-2/aprendizaje-automatico/PRACTICAS/p2-6-cross-validation-psoto212-main/notebook/Lab2_6_CV.ipynb","conservado","529bb3ed2226bddb00a9730326dc813e8509fcad"
"curso-2/aprendizaje-automatico/PRACTICAS/p2-6-cross-validation-psoto212-main/notebook/__init__.py","curso-2/aprendizaje-automatico/PRACTICAS/p2-6-cross-validation-psoto212-main/notebook/__init__.py","conservado","e69de29bb2d1d6434b8b29ae775ad8c2e48c5391"
"curso-2/aprendizaje-automatico/PRACTICAS/p2-6-cross-validation-psoto212-main/src/Lab2_6_CV.py","curso-2/aprendizaje-automatico/PRACTICAS/p2-6-cross-validation-psoto212-main/src/Lab2_6_CV.py","conservado","883e474762b8b95be6aece221df7d0534767eeb6"
"curso-2/aprendizaje-automatico/PRACTICAS/p2-6-cross-validation-psoto212-main/src/__init__.py","curso-2/aprendizaje-automatico/PRACTICAS/p2-6-cross-validation-psoto212-main/src/__init__.py","conservado","e69de29bb2d1d6434b8b29ae775ad8c2e48c5391"
"curso-2/aprendizaje-automatico/PRACTICAS/p2-6-cross-validation-psoto212-main/tests/__init__.py","curso-2/aprendizaje-automatico/PRACTICAS/p2-6-cross-validation-psoto212-main/tests/__init__.py","conservado","e69de29bb2d1d6434b8b29ae775ad8c2e48c5391"
"curso-2/aprendizaje-automatico/PRACTICAS/p2-6-cross-validation-psoto212-main/tests/test_cross_validation.py","curso-2/aprendizaje-automatico/PRACTICAS/p2-6-cross-validation-psoto212-main/tests/test_cross_validation.py","conservado","0781c81cd5d2b1ea7858f664b0b2d5c8298df8a2"
"curso-2/aprendizaje-automatico/PRACTICAS/p2-7-lda-psoto212-master/p2-7-lda-psoto212-master/.gitignore","curso-2/aprendizaje-automatico/PRACTICAS/p2-7-lda-psoto212-master/p2-7-lda-psoto212-master/.gitignore","conservado","b834cdec56bd924473550685275026157a384ff9"
"curso-2/aprendizaje-automatico/PRACTICAS/p2-7-lda-psoto212-master/p2-7-lda-psoto212-master/README.md","curso-2/aprendizaje-automatico/PRACTICAS/p2-7-lda-psoto212-master/p2-7-lda-psoto212-master/README.md","conservado","39dc1431465a982dc0681af617211b14543f3d78"
"curso-2/aprendizaje-automatico/PRACTICAS/p2-7-lda-psoto212-master/p2-7-lda-psoto212-master/notebook/Lab2_7_LDA.ipynb","curso-2/aprendizaje-automatico/PRACTICAS/p2-7-lda-psoto212-master/p2-7-lda-psoto212-master/notebook/Lab2_7_LDA.ipynb","conservado","3026eeb6b498ad684fdfc326143087e29279c5be"
"curso-2/aprendizaje-automatico/PRACTICAS/p2-7-lda-psoto212-master/p2-7-lda-psoto212-master/notebook/__init__.py","curso-2/aprendizaje-automatico/PRACTICAS/p2-7-lda-psoto212-master/p2-7-lda-psoto212-master/notebook/__init__.py","conservado","e69de29bb2d1d6434b8b29ae775ad8c2e48c5391"
"curso-2/aprendizaje-automatico/PRACTICAS/p2-7-lda-psoto212-master/p2-7-lda-psoto212-master/pre_commit.sh","curso-2/aprendizaje-automatico/PRACTICAS/p2-7-lda-psoto212-master/p2-7-lda-psoto212-master/pre_commit.sh","conservado","335d96a674dc5e2695b0b95466a8755d86c7a266"
"curso-2/aprendizaje-automatico/PRACTICAS/p2-7-lda-psoto212-master/p2-7-lda-psoto212-master/src/LDA_model_sol.py","curso-2/aprendizaje-automatico/PRACTICAS/p2-7-lda-psoto212-master/p2-7-lda-psoto212-master/src/LDA_model_sol.py","conservado","c02041b140b55b69e1e4e3dc139a64dec59bf57a"
"curso-2/aprendizaje-automatico/PRACTICAS/p2-7-lda-psoto212-master/p2-7-lda-psoto212-master/src/__init__.py","curso-2/aprendizaje-automatico/PRACTICAS/p2-7-lda-psoto212-master/p2-7-lda-psoto212-master/src/__init__.py","conservado","e69de29bb2d1d6434b8b29ae775ad8c2e48c5391"
"curso-2/aprendizaje-automatico/PRACTICAS/p2-7-lda-psoto212-master/p2-7-lda-psoto212-master/tests/__init__.py","curso-2/aprendizaje-automatico/PRACTICAS/p2-7-lda-psoto212-master/p2-7-lda-psoto212-master/tests/__init__.py","conservado","e69de29bb2d1d6434b8b29ae775ad8c2e48c5391"
"curso-2/aprendizaje-automatico/PRACTICAS/p2-7-lda-psoto212-master/p2-7-lda-psoto212-master/tests/test_lab_2_7_LDA.py","curso-2/aprendizaje-automatico/PRACTICAS/p2-7-lda-psoto212-master/p2-7-lda-psoto212-master/tests/test_lab_2_7_LDA.py","conservado","5f485f1c42e3d5897b61b3170bd24f86ab10685e"
"curso-2/aprendizaje-automatico/PRACTICAS/p2-8-decision-tree-psoto212-main/p2-8-decision-tree-psoto212-main/.gitignore","curso-2/aprendizaje-automatico/PRACTICAS/p2-8-decision-tree-psoto212-main/p2-8-decision-tree-psoto212-main/.gitignore","conservado","b834cdec56bd924473550685275026157a384ff9"
"curso-2/aprendizaje-automatico/PRACTICAS/p2-8-decision-tree-psoto212-main/p2-8-decision-tree-psoto212-main/README.md","curso-2/aprendizaje-automatico/PRACTICAS/p2-8-decision-tree-psoto212-main/p2-8-decision-tree-psoto212-main/README.md","conservado","cb839fc9e362a75470b2b0497e91a6c2dfe09922"
"curso-2/aprendizaje-automatico/PRACTICAS/p2-8-decision-tree-psoto212-main/p2-8-decision-tree-psoto212-main/notebook/Lab2_8_Trees.ipynb","curso-2/aprendizaje-automatico/PRACTICAS/p2-8-decision-tree-psoto212-main/p2-8-decision-tree-psoto212-main/notebook/Lab2_8_Trees.ipynb","conservado","ef7b4af0db8bad68da85a94ccb404aa0a776360c"
"curso-2/aprendizaje-automatico/PRACTICAS/p2-8-decision-tree-psoto212-main/p2-8-decision-tree-psoto212-main/notebook/__init__.py","curso-2/aprendizaje-automatico/PRACTICAS/p2-8-decision-tree-psoto212-main/p2-8-decision-tree-psoto212-main/notebook/__init__.py","conservado","e69de29bb2d1d6434b8b29ae775ad8c2e48c5391"
"curso-2/aprendizaje-automatico/PRACTICAS/p2-8-decision-tree-psoto212-main/p2-8-decision-tree-psoto212-main/pre_commit.sh","curso-2/aprendizaje-automatico/PRACTICAS/p2-8-decision-tree-psoto212-main/p2-8-decision-tree-psoto212-main/pre_commit.sh","conservado","335d96a674dc5e2695b0b95466a8755d86c7a266"
"curso-2/aprendizaje-automatico/PROYECTO/proyecto_ml_final/proyecto_ml/Proyecto_Pedro_de_Soto/01_EDA_preprocesado.py","curso-2/aprendizaje-automatico/PROYECTO/proyecto_ml_final/proyecto_ml/Proyecto_Pedro_de_Soto/01_EDA_preprocesado.py","conservado","a0c3a397eab39d66daecabad905838d0934f9cb4"
"curso-2/bases-datos/PRACTICAS/PRACTICA_1/practica_PEDRO_DESOTO_ENRILE.py","curso-2/bases-datos/PRACTICAS/PRACTICA_1/practica_PEDRO_DESOTO_ENRILE.py","conservado","c86c91dba086393fc412df6d8a51effe0a2d5416"
"curso-2/bases-datos/PRACTICAS/PRACTICA_2/PEDRO_DESOTO_ENRILE_SQL_Avanzado.py","curso-2/bases-datos/PRACTICAS/PRACTICA_2/PEDRO_DESOTO_ENRILE_SQL_Avanzado.py","conservado","229e86f8752844eb5e7329a341cfa9fc93a32f3a"
"curso-2/bases-datos/PRACTICAS/PRACTICA_3/Pedro_deSoto_Enrile_Lastfm_SQL/Pedro_de_Soto_Enrile_Lastfm_SQL.py","curso-2/bases-datos/PRACTICAS/PRACTICA_3/Pedro_deSoto_Enrile_Lastfm_SQL/Pedro_de_Soto_Enrile_Lastfm_SQL.py","conservado","5bc4b87d079f268348a8d0cbed603309a9afe65c"
"curso-2/bases-datos/PRACTICAS/PRACTICA_4/Benchamarking.py","curso-2/bases-datos/PRACTICAS/PRACTICA_4/Benchamarking.py","conservado","6547bb55ee2a2222896a6d9519e9b406867703fe"
"curso-2/bases-datos/PRACTICAS/PRACTICA_5/Pedro_deSoto_Enrile_MongoDB_Basico.py","curso-2/bases-datos/PRACTICAS/PRACTICA_5/Pedro_deSoto_Enrile_MongoDB_Basico.py","conservado","f09a3d28ec9cac74009e4a97737ae9f0b4b5f25e"
"curso-2/bases-datos/PRACTICAS/PRACTICA_6/benchmarking.py","curso-2/bases-datos/PRACTICAS/PRACTICA_6/benchmarking.py","conservado","30a15259025afb79dad48522f8dab22d6f86b405"
"curso-2/bases-datos/PRACTICAS/PRACTICA_6/load_data.py","curso-2/bases-datos/PRACTICAS/PRACTICA_6/load_data.py","conservado","da88c69227168b6a946fa64eb1122c8e52715307"
"curso-2/bases-datos/PRACTICAS/PRACTICA_7/Pedro_deSoto_Enrile_Neo4J_Basico.py","curso-2/bases-datos/PRACTICAS/PRACTICA_7/Pedro_deSoto_Enrile_Neo4J_Basico.py","conservado","a6486fc8b1a275ab07f3d587a4ced6f2e2a03115"
"curso-2/bases-datos/PRACTICAS/Pedro_DeSoto_Enrile_BenchmarkingMongoDBMySQL/benchmarking.py","curso-2/bases-datos/PRACTICAS/Pedro_DeSoto_Enrile_BenchmarkingMongoDBMySQL/benchmarking.py","conservado","30a15259025afb79dad48522f8dab22d6f86b405"
"curso-2/bases-datos/PRACTICAS/Pedro_DeSoto_Enrile_BenchmarkingMongoDBMySQL/load_data.py","curso-2/bases-datos/PRACTICAS/Pedro_DeSoto_Enrile_BenchmarkingMongoDBMySQL/load_data.py","conservado","da88c69227168b6a946fa64eb1122c8e52715307"
"curso-2/ecuaciones-diferenciales/MATLAB/vdp1.m","","retirado","c15ac046ae28316149043384d68a2e6dcd947ba2"
"curso-2/fundamentos-sistemas-operativos/CODIGOS_EJEMPLOS/CodigosEjemplosProcesosHilos.2/CodigosEjemplosProcesosHilos/ProcessAndThreadsTutorial.py","curso-2/fundamentos-sistemas-operativos/CODIGOS_EJEMPLOS/CodigosEjemplosProcesosHilos.2/CodigosEjemplosProcesosHilos/ProcessAndThreadsTutorial.py","conservado","c1bc401025ec876ea11ff8f5cd6e61e5a1db9507"
"curso-2/fundamentos-sistemas-operativos/CODIGOS_EJEMPLOS/CodigosEjemplosProcesosHilos.2/CodigosEjemplosProcesosHilos/Process_basico.py","curso-2/fundamentos-sistemas-operativos/CODIGOS_EJEMPLOS/CodigosEjemplosProcesosHilos.2/CodigosEjemplosProcesosHilos/Process_basico.py","conservado","371529d49b634648e73554905133d974f722bfe3"
"curso-2/fundamentos-sistemas-operativos/CODIGOS_EJEMPLOS/CodigosEjemplosProcesosHilos.2/CodigosEjemplosProcesosHilos/Thread_basico.py","curso-2/fundamentos-sistemas-operativos/CODIGOS_EJEMPLOS/CodigosEjemplosProcesosHilos.2/CodigosEjemplosProcesosHilos/Thread_basico.py","conservado","2d9871e0068405f20ddf470a3d768f1eb68b3fbd"
"curso-2/fundamentos-sistemas-operativos/CODIGOS_EJEMPLOS/CodigosEjemplos_SEMAFOROS/EjemploCodigos/cena_filosofos.py","curso-2/fundamentos-sistemas-operativos/CODIGOS_EJEMPLOS/CodigosEjemplos_SEMAFOROS/EjemploCodigos/cena_filosofos.py","conservado","6589ed4788cfa7fce35f610f95e42b9a92526135"
"curso-2/fundamentos-sistemas-operativos/CODIGOS_EJEMPLOS/CodigosEjemplos_SEMAFOROS/EjemploCodigos/cena_filosofos_otra_solucion.py","curso-2/fundamentos-sistemas-operativos/CODIGOS_EJEMPLOS/CodigosEjemplos_SEMAFOROS/EjemploCodigos/cena_filosofos_otra_solucion.py","conservado","fd22928c475ee84b23e15e197858a99adfac277d"
"curso-2/fundamentos-sistemas-operativos/CODIGOS_EJEMPLOS/CodigosEjemplos_SEMAFOROS/EjemploCodigos/cena_filosofos_prev_interbloqueo.py","curso-2/fundamentos-sistemas-operativos/CODIGOS_EJEMPLOS/CodigosEjemplos_SEMAFOROS/EjemploCodigos/cena_filosofos_prev_interbloqueo.py","conservado","7a2e8f906beb404eb667778002c49a6ebc54e9b1"
"curso-2/fundamentos-sistemas-operativos/CODIGOS_EJEMPLOS/CodigosEjemplos_SEMAFOROS/EjemploCodigos/lectores_escritores.py","curso-2/fundamentos-sistemas-operativos/CODIGOS_EJEMPLOS/CodigosEjemplos_SEMAFOROS/EjemploCodigos/lectores_escritores.py","conservado","8184d589d15b4a8d96fe08f56b0baa294bb5e639"
"curso-2/fundamentos-sistemas-operativos/CODIGOS_EJEMPLOS/CodigosEjemplos_SEMAFOROS/EjemploCodigos/orden_cadena.py","curso-2/fundamentos-sistemas-operativos/CODIGOS_EJEMPLOS/CodigosEjemplos_SEMAFOROS/EjemploCodigos/orden_cadena.py","conservado","72ca9d26b3821a21af0d99da921cd8ac2388b0f8"
"curso-2/fundamentos-sistemas-operativos/CODIGOS_EJEMPLOS/CodigosEjemplos_SEMAFOROS/EjemploCodigos/semaphore_basic.py","curso-2/fundamentos-sistemas-operativos/CODIGOS_EJEMPLOS/CodigosEjemplos_SEMAFOROS/EjemploCodigos/semaphore_basic.py","conservado","9116df660be4408c70de2ea569f8f2e049bb2001"
"curso-2/fundamentos-sistemas-operativos/CODIGOS_EJEMPLOS/CodigosEjemplos_SEMAFOROS/EjemploCodigos/semaphore_basic_sol.py","curso-2/fundamentos-sistemas-operativos/CODIGOS_EJEMPLOS/CodigosEjemplos_SEMAFOROS/EjemploCodigos/semaphore_basic_sol.py","conservado","280d7c04bd4214d0722ddf7154e357fc7ca5a462"
"curso-2/fundamentos-sistemas-operativos/CODIGOS_EJEMPLOS/CodigosEjemplos_SEMAFOROS/EjemploCodigos/sushi_bar.py","curso-2/fundamentos-sistemas-operativos/CODIGOS_EJEMPLOS/CodigosEjemplos_SEMAFOROS/EjemploCodigos/sushi_bar.py","conservado","df847b940d28cd0aca76f44f728a5d1ea24918b3"
"curso-2/fundamentos-sistemas-operativos/CODIGOS_EJEMPLOS/CodigosSenales/CodigosSenales/SIGINT.py","curso-2/fundamentos-sistemas-operativos/CODIGOS_EJEMPLOS/CodigosSenales/CodigosSenales/SIGINT.py","conservado","b81012b36fe607bc460a6d37085373dbb5690785"
"curso-2/fundamentos-sistemas-operativos/CODIGOS_EJEMPLOS/CodigosSenales/CodigosSenales/alarm.py","curso-2/fundamentos-sistemas-operativos/CODIGOS_EJEMPLOS/CodigosSenales/CodigosSenales/alarm.py","conservado","6b57c7bdd19770365ffccf2819e602ae0ffbbd83"
"curso-2/fundamentos-sistemas-operativos/CODIGOS_EJEMPLOS/CodigosSenales/CodigosSenales/sennales.py","curso-2/fundamentos-sistemas-operativos/CODIGOS_EJEMPLOS/CodigosSenales/CodigosSenales/sennales.py","conservado","c17c20e2076c35302e0b3cc766e47eb2069f607d"
"curso-2/fundamentos-sistemas-operativos/CODIGOS_EJEMPLOS/codigos_moodle_PROCESOS_HILOS/exercise_python.py","curso-2/fundamentos-sistemas-operativos/CODIGOS_EJEMPLOS/codigos_moodle_PROCESOS_HILOS/exercise_python.py","conservado","9b859182dab2064a928a9176d7386128638913e0"
"curso-2/fundamentos-sistemas-operativos/CODIGOS_EJEMPLOS/codigos_moodle_PROCESOS_HILOS/factorial_pila.py","curso-2/fundamentos-sistemas-operativos/CODIGOS_EJEMPLOS/codigos_moodle_PROCESOS_HILOS/factorial_pila.py","conservado","e5e2d5145acba8090354deae95d030894612e3c3"
"curso-2/fundamentos-sistemas-operativos/CODIGOS_EJEMPLOS/codigos_moodle_PROCESOS_HILOS/orphan.py","curso-2/fundamentos-sistemas-operativos/CODIGOS_EJEMPLOS/codigos_moodle_PROCESOS_HILOS/orphan.py","conservado","f89eb4dd5233b20ece097c4c55f98b2e7c34f1e2"
"curso-2/fundamentos-sistemas-operativos/CODIGOS_EJEMPLOS/codigos_moodle_PROCESOS_HILOS/pool_process.py","curso-2/fundamentos-sistemas-operativos/CODIGOS_EJEMPLOS/codigos_moodle_PROCESOS_HILOS/pool_process.py","conservado","b51a5ca459665bc28ca1ad793740367a28a954ac"
"curso-2/fundamentos-sistemas-operativos/CODIGOS_EJEMPLOS/codigos_moodle_PROCESOS_HILOS/pool_thread.py","curso-2/fundamentos-sistemas-operativos/CODIGOS_EJEMPLOS/codigos_moodle_PROCESOS_HILOS/pool_thread.py","conservado","e1718d6dc9076f1ec3eaee410c4eb542569fc7b7"
"curso-2/fundamentos-sistemas-operativos/CODIGOS_EJEMPLOS/codigos_moodle_PROCESOS_HILOS/process.py","curso-2/fundamentos-sistemas-operativos/CODIGOS_EJEMPLOS/codigos_moodle_PROCESOS_HILOS/process.py","conservado","15c69b50bef993f7c3e77df131f5ef88f855d1e9"
"curso-2/fundamentos-sistemas-operativos/CODIGOS_EJEMPLOS/codigos_moodle_PROCESOS_HILOS/thread.py","curso-2/fundamentos-sistemas-operativos/CODIGOS_EJEMPLOS/codigos_moodle_PROCESOS_HILOS/thread.py","conservado","987654b02dd9743f02ba83f23eeeec11d566ff78"
"curso-2/fundamentos-sistemas-operativos/CODIGOS_EJEMPLOS/codigos_moodle_PROCESOS_HILOS/zombie.py","curso-2/fundamentos-sistemas-operativos/CODIGOS_EJEMPLOS/codigos_moodle_PROCESOS_HILOS/zombie.py","conservado","97a23882740b20c9db3efa9807097107e1fc0113"
"curso-2/fundamentos-sistemas-operativos/COMANDOS/codigos_algoritmos/codigos_moodle/exercise_python.py","curso-2/fundamentos-sistemas-operativos/COMANDOS/codigos_algoritmos/codigos_moodle/exercise_python.py","conservado","9b859182dab2064a928a9176d7386128638913e0"
"curso-2/fundamentos-sistemas-operativos/COMANDOS/codigos_algoritmos/codigos_moodle/factorial_pila.py","curso-2/fundamentos-sistemas-operativos/COMANDOS/codigos_algoritmos/codigos_moodle/factorial_pila.py","conservado","e5e2d5145acba8090354deae95d030894612e3c3"
"curso-2/fundamentos-sistemas-operativos/COMANDOS/codigos_algoritmos/codigos_moodle/orphan.py","curso-2/fundamentos-sistemas-operativos/COMANDOS/codigos_algoritmos/codigos_moodle/orphan.py","conservado","f89eb4dd5233b20ece097c4c55f98b2e7c34f1e2"
"curso-2/fundamentos-sistemas-operativos/COMANDOS/codigos_algoritmos/codigos_moodle/pool_process.py","curso-2/fundamentos-sistemas-operativos/COMANDOS/codigos_algoritmos/codigos_moodle/pool_process.py","conservado","b51a5ca459665bc28ca1ad793740367a28a954ac"
"curso-2/fundamentos-sistemas-operativos/COMANDOS/codigos_algoritmos/codigos_moodle/pool_thread.py","curso-2/fundamentos-sistemas-operativos/COMANDOS/codigos_algoritmos/codigos_moodle/pool_thread.py","conservado","e1718d6dc9076f1ec3eaee410c4eb542569fc7b7"
"curso-2/fundamentos-sistemas-operativos/COMANDOS/codigos_algoritmos/codigos_moodle/process.py","curso-2/fundamentos-sistemas-operativos/COMANDOS/codigos_algoritmos/codigos_moodle/process.py","conservado","15c69b50bef993f7c3e77df131f5ef88f855d1e9"
"curso-2/fundamentos-sistemas-operativos/COMANDOS/codigos_algoritmos/codigos_moodle/thread.py","curso-2/fundamentos-sistemas-operativos/COMANDOS/codigos_algoritmos/codigos_moodle/thread.py","conservado","987654b02dd9743f02ba83f23eeeec11d566ff78"
"curso-2/fundamentos-sistemas-operativos/COMANDOS/codigos_algoritmos/codigos_moodle/zombie.py","curso-2/fundamentos-sistemas-operativos/COMANDOS/codigos_algoritmos/codigos_moodle/zombie.py","conservado","97a23882740b20c9db3efa9807097107e1fc0113"
"curso-2/fundamentos-sistemas-operativos/COMANDOS/codigos_bash_manual/codigos_bash_manual/bienvenida.sh","curso-2/fundamentos-sistemas-operativos/COMANDOS/codigos_bash_manual/codigos_bash_manual/bienvenida.sh","conservado","c3e5a0303f085fdb5f31dd63963381985c5f4c1c"
"curso-2/fundamentos-sistemas-operativos/COMANDOS/codigos_bash_manual/codigos_bash_manual/condicionales.sh","curso-2/fundamentos-sistemas-operativos/COMANDOS/codigos_bash_manual/codigos_bash_manual/condicionales.sh","conservado","94ee89366d73fd5326ede4b2f015d7bcc685a014"
"curso-2/fundamentos-sistemas-operativos/COMANDOS/codigos_bash_manual/codigos_bash_manual/condicionales_fichero_directorio.sh","curso-2/fundamentos-sistemas-operativos/COMANDOS/codigos_bash_manual/codigos_bash_manual/condicionales_fichero_directorio.sh","conservado","9e4c3bf6fc3f05eab86c0cbc90f53572180e67bf"
"curso-2/fundamentos-sistemas-operativos/COMANDOS/codigos_bash_manual/codigos_bash_manual/descarga.sh","curso-2/fundamentos-sistemas-operativos/COMANDOS/codigos_bash_manual/codigos_bash_manual/descarga.sh","conservado","cb0d49bcc36873e5a630f89cab4eb7ed21af6595"
"curso-2/fundamentos-sistemas-operativos/COMANDOS/codigos_bash_manual/codigos_bash_manual/ejecucion_python.sh","curso-2/fundamentos-sistemas-operativos/COMANDOS/codigos_bash_manual/codigos_bash_manual/ejecucion_python.sh","conservado","a0b9f6e2ed5271bfd141b462e0c682abd8f4d97a"
"curso-2/fundamentos-sistemas-operativos/COMANDOS/codigos_bash_manual/codigos_bash_manual/ejecucion_python_mejorado.sh","curso-2/fundamentos-sistemas-operativos/COMANDOS/codigos_bash_manual/codigos_bash_manual/ejecucion_python_mejorado.sh","conservado","51548d35ac66cff34d28853cbd6cde48b58ccf7f"
"curso-2/fundamentos-sistemas-operativos/COMANDOS/codigos_bash_manual/codigos_bash_manual/ejemplo_python_bash.py","curso-2/fundamentos-sistemas-operativos/COMANDOS/codigos_bash_manual/codigos_bash_manual/ejemplo_python_bash.py","conservado","292340387a045807d8cda6574fa097f7ab329569"
"curso-2/fundamentos-sistemas-operativos/COMANDOS/codigos_bash_manual/codigos_bash_manual/francisco_goya.html","curso-2/fundamentos-sistemas-operativos/COMANDOS/codigos_bash_manual/codigos_bash_manual/francisco_goya.html","conservado","bcd6ec3cccbf831edc6a18da0564390cbed27176"
"curso-2/fundamentos-sistemas-operativos/COMANDOS/codigos_bash_manual/codigos_bash_manual/francisco_goya_2.html","curso-2/fundamentos-sistemas-operativos/COMANDOS/codigos_bash_manual/codigos_bash_manual/francisco_goya_2.html","conservado","bcd6ec3cccbf831edc6a18da0564390cbed27176"
"curso-2/fundamentos-sistemas-operativos/COMANDOS/codigos_bash_manual/codigos_bash_manual/funciones.sh","curso-2/fundamentos-sistemas-operativos/COMANDOS/codigos_bash_manual/codigos_bash_manual/funciones.sh","conservado","594182f201b9d184fd86a231c60de6f2d3ad310a"
"curso-2/fundamentos-sistemas-operativos/COMANDOS/codigos_bash_manual/codigos_bash_manual/hola_mundo.sh","curso-2/fundamentos-sistemas-operativos/COMANDOS/codigos_bash_manual/codigos_bash_manual/hola_mundo.sh","conservado","e433be9c49571f51e3080dd6d43f30feb2e6c3be"
"curso-2/fundamentos-sistemas-operativos/COMANDOS/codigos_bash_manual/codigos_bash_manual/lectura_fichero.sh","curso-2/fundamentos-sistemas-operativos/COMANDOS/codigos_bash_manual/codigos_bash_manual/lectura_fichero.sh","conservado","5f3015593196c9067dd3006f1262db4793915653"
"curso-2/fundamentos-sistemas-operativos/COMANDOS/codigos_bash_manual/codigos_bash_manual/while.sh","curso-2/fundamentos-sistemas-operativos/COMANDOS/codigos_bash_manual/codigos_bash_manual/while.sh","conservado","2b03e8f9e9b6ca8bd0a59dba0f151ec227810ee9"
"curso-2/fundamentos-sistemas-operativos/EJERCICIOS_INTER/codigos_bash_manual/codigos_bash_manual/bienvenida.sh","curso-2/fundamentos-sistemas-operativos/EJERCICIOS_INTER/codigos_bash_manual/codigos_bash_manual/bienvenida.sh","conservado","c3e5a0303f085fdb5f31dd63963381985c5f4c1c"
"curso-2/fundamentos-sistemas-operativos/EJERCICIOS_INTER/codigos_bash_manual/codigos_bash_manual/condicionales.sh","curso-2/fundamentos-sistemas-operativos/EJERCICIOS_INTER/codigos_bash_manual/codigos_bash_manual/condicionales.sh","conservado","94ee89366d73fd5326ede4b2f015d7bcc685a014"
"curso-2/fundamentos-sistemas-operativos/EJERCICIOS_INTER/codigos_bash_manual/codigos_bash_manual/condicionales_fichero_directorio.sh","curso-2/fundamentos-sistemas-operativos/EJERCICIOS_INTER/codigos_bash_manual/codigos_bash_manual/condicionales_fichero_directorio.sh","conservado","9e4c3bf6fc3f05eab86c0cbc90f53572180e67bf"
"curso-2/fundamentos-sistemas-operativos/EJERCICIOS_INTER/codigos_bash_manual/codigos_bash_manual/descarga.sh","curso-2/fundamentos-sistemas-operativos/EJERCICIOS_INTER/codigos_bash_manual/codigos_bash_manual/descarga.sh","conservado","cb0d49bcc36873e5a630f89cab4eb7ed21af6595"
"curso-2/fundamentos-sistemas-operativos/EJERCICIOS_INTER/codigos_bash_manual/codigos_bash_manual/ejecucion_python.sh","curso-2/fundamentos-sistemas-operativos/EJERCICIOS_INTER/codigos_bash_manual/codigos_bash_manual/ejecucion_python.sh","conservado","a0b9f6e2ed5271bfd141b462e0c682abd8f4d97a"
"curso-2/fundamentos-sistemas-operativos/EJERCICIOS_INTER/codigos_bash_manual/codigos_bash_manual/ejecucion_python_mejorado.sh","curso-2/fundamentos-sistemas-operativos/EJERCICIOS_INTER/codigos_bash_manual/codigos_bash_manual/ejecucion_python_mejorado.sh","conservado","51548d35ac66cff34d28853cbd6cde48b58ccf7f"
"curso-2/fundamentos-sistemas-operativos/EJERCICIOS_INTER/codigos_bash_manual/codigos_bash_manual/ejemplo_python_bash.py","curso-2/fundamentos-sistemas-operativos/EJERCICIOS_INTER/codigos_bash_manual/codigos_bash_manual/ejemplo_python_bash.py","conservado","292340387a045807d8cda6574fa097f7ab329569"
"curso-2/fundamentos-sistemas-operativos/EJERCICIOS_INTER/codigos_bash_manual/codigos_bash_manual/francisco_goya.html","curso-2/fundamentos-sistemas-operativos/EJERCICIOS_INTER/codigos_bash_manual/codigos_bash_manual/francisco_goya.html","conservado","bcd6ec3cccbf831edc6a18da0564390cbed27176"
"curso-2/fundamentos-sistemas-operativos/EJERCICIOS_INTER/codigos_bash_manual/codigos_bash_manual/francisco_goya_2.html","curso-2/fundamentos-sistemas-operativos/EJERCICIOS_INTER/codigos_bash_manual/codigos_bash_manual/francisco_goya_2.html","conservado","bcd6ec3cccbf831edc6a18da0564390cbed27176"
"curso-2/fundamentos-sistemas-operativos/EJERCICIOS_INTER/codigos_bash_manual/codigos_bash_manual/funciones.sh","curso-2/fundamentos-sistemas-operativos/EJERCICIOS_INTER/codigos_bash_manual/codigos_bash_manual/funciones.sh","conservado","594182f201b9d184fd86a231c60de6f2d3ad310a"
"curso-2/fundamentos-sistemas-operativos/EJERCICIOS_INTER/codigos_bash_manual/codigos_bash_manual/hola_mundo.sh","curso-2/fundamentos-sistemas-operativos/EJERCICIOS_INTER/codigos_bash_manual/codigos_bash_manual/hola_mundo.sh","conservado","e433be9c49571f51e3080dd6d43f30feb2e6c3be"
"curso-2/fundamentos-sistemas-operativos/EJERCICIOS_INTER/codigos_bash_manual/codigos_bash_manual/lectura_fichero.sh","curso-2/fundamentos-sistemas-operativos/EJERCICIOS_INTER/codigos_bash_manual/codigos_bash_manual/lectura_fichero.sh","conservado","5f3015593196c9067dd3006f1262db4793915653"
"curso-2/fundamentos-sistemas-operativos/EJERCICIOS_INTER/codigos_bash_manual/codigos_bash_manual/while.sh","curso-2/fundamentos-sistemas-operativos/EJERCICIOS_INTER/codigos_bash_manual/codigos_bash_manual/while.sh","conservado","2b03e8f9e9b6ca8bd0a59dba0f151ec227810ee9"
"curso-2/fundamentos-sistemas-operativos/PROYECTO_FINAL/ProyectoFUSO_JavierArraiza_PedroDeSoto/ProyectoFUSO_JavierArraiza_PedroDeSoto/Proyecto Final Def/apartado1_Javier_Pedro.sh","curso-2/fundamentos-sistemas-operativos/PROYECTO_FINAL/ProyectoFUSO_JavierArraiza_PedroDeSoto/ProyectoFUSO_JavierArraiza_PedroDeSoto/Proyecto Final Def/apartado1_Javier_Pedro.sh","conservado","440cb0429c600ec20481ab0e6dd2fed54f7979aa"
"curso-2/fundamentos-sistemas-operativos/PROYECTO_FINAL/ProyectoFUSO_JavierArraiza_PedroDeSoto/ProyectoFUSO_JavierArraiza_PedroDeSoto/Proyecto Final Def/apartado3_Pedro_Javier.sh","curso-2/fundamentos-sistemas-operativos/PROYECTO_FINAL/ProyectoFUSO_JavierArraiza_PedroDeSoto/ProyectoFUSO_JavierArraiza_PedroDeSoto/Proyecto Final Def/apartado3_Pedro_Javier.sh","conservado","78b1abfc3fa6e9d16fd407fca9cc556863a2ef4f"
"curso-2/fundamentos-sistemas-operativos/PROYECTO_FINAL/ProyectoFUSO_JavierArraiza_PedroDeSoto/ProyectoFUSO_JavierArraiza_PedroDeSoto/Proyecto Final Def/apartado_despliegue_Bash_JavierArraiza_PedrodeSoto.sh","curso-2/fundamentos-sistemas-operativos/PROYECTO_FINAL/ProyectoFUSO_JavierArraiza_PedroDeSoto/ProyectoFUSO_JavierArraiza_PedroDeSoto/Proyecto Final Def/apartado_despliegue_Bash_JavierArraiza_PedrodeSoto.sh","conservado","4f9d9996dd0e7d6f8e64bc2375d03ca4b6f2c51f"
"curso-2/fundamentos-sistemas-operativos/PROYECTO_FINAL/ProyectoFUSO_JavierArraiza_PedroDeSoto/ProyectoFUSO_JavierArraiza_PedroDeSoto/Proyecto Final Def/python_apartado3.py","curso-2/fundamentos-sistemas-operativos/PROYECTO_FINAL/ProyectoFUSO_JavierArraiza_PedroDeSoto/ProyectoFUSO_JavierArraiza_PedroDeSoto/Proyecto Final Def/python_apartado3.py","conservado","40b7bf0a83db189be0ae7f5ec2826f2290cddd93"
"curso-2/fundamentos-sistemas-operativos/PROYECTO_FINAL/ProyectoFUSO_JavierArraiza_PedroDeSoto/ProyectoFUSO_JavierArraiza_PedroDeSoto/Proyecto Final Def/requests_Javier_Arraiza_Pedro_DeSoto.py","curso-2/fundamentos-sistemas-operativos/PROYECTO_FINAL/ProyectoFUSO_JavierArraiza_PedroDeSoto/ProyectoFUSO_JavierArraiza_PedroDeSoto/Proyecto Final Def/requests_Javier_Arraiza_Pedro_DeSoto.py","conservado","63d6d588ad9d48735d5f6ed95f1b68c637b7748e"
"curso-2/fundamentos-sistemas-operativos/PROYECTO_FINAL/ProyectoFUSO_JavierArraiza_PedroDeSoto/ProyectoFUSO_JavierArraiza_PedroDeSoto/Proyecto Final Def/requirements.txt","curso-2/fundamentos-sistemas-operativos/PROYECTO_FINAL/ProyectoFUSO_JavierArraiza_PedroDeSoto/ProyectoFUSO_JavierArraiza_PedroDeSoto/Proyecto Final Def/requirements.txt","conservado","5f25d5f1a2e87b947854d684c287793e5bea129d"
"curso-2/fundamentos-sistemas-operativos/PROYECTO_FINAL/ProyectoFUSO_JavierArraiza_PedroDeSoto/ProyectoFUSO_JavierArraiza_PedroDeSoto/Proyecto Final Def/topn_selection_Pedro_Javier.py","curso-2/fundamentos-sistemas-operativos/PROYECTO_FINAL/ProyectoFUSO_JavierArraiza_PedroDeSoto/ProyectoFUSO_JavierArraiza_PedroDeSoto/Proyecto Final Def/topn_selection_Pedro_Javier.py","conservado","28fba0700931f07dc8c66692f407c620c1d0cabd"
"curso-2/fundamentos-sistemas-operativos/PROYECTO_FINAL/apartado_despliegue_Bash_JavierArraiza_PedrodeSoto.sh","curso-2/fundamentos-sistemas-operativos/PROYECTO_FINAL/apartado_despliegue_Bash_JavierArraiza_PedrodeSoto.sh","conservado","206e94fd85157a19e145a397a3cfb928c4f3b24e"
"curso-2/fundamentos-sistemas-operativos/PROYECTO_FINAL/requests_Javier_Arraiza_Pedro_DeSoto.py","curso-2/fundamentos-sistemas-operativos/PROYECTO_FINAL/requests_Javier_Arraiza_Pedro_DeSoto.py","conservado","63d6d588ad9d48735d5f6ed95f1b68c637b7748e"
"curso-2/fundamentos-sistemas-operativos/PROYECTO_FINAL/requirements.txt","curso-2/fundamentos-sistemas-operativos/PROYECTO_FINAL/requirements.txt","conservado","51886f33c6bceae438182d303535e09a6f228d88"
"curso-2/fundamentos-sistemas-operativos/Pedro_deSoto_Exclusion_Mutua/Ejercicio1_Ap1_Pedro_deSoto.py","curso-2/fundamentos-sistemas-operativos/Pedro_deSoto_Exclusion_Mutua/Ejercicio1_Ap1_Pedro_deSoto.py","conservado","9a5ce815d1ce8a53157aefaf720fe00de5e4bed9"
"curso-2/fundamentos-sistemas-operativos/Pedro_deSoto_Exclusion_Mutua/Ejercicio1_Ap2_Pedro_deSoto.py","curso-2/fundamentos-sistemas-operativos/Pedro_deSoto_Exclusion_Mutua/Ejercicio1_Ap2_Pedro_deSoto.py","conservado","e69de29bb2d1d6434b8b29ae775ad8c2e48c5391"
"curso-2/fundamentos-sistemas-operativos/Pedro_deSoto_Exclusion_Mutua/Ejercicio2_Pedro_deSoto.py","curso-2/fundamentos-sistemas-operativos/Pedro_deSoto_Exclusion_Mutua/Ejercicio2_Pedro_deSoto.py","conservado","e69de29bb2d1d6434b8b29ae775ad8c2e48c5391"
"curso-2/fundamentos-sistemas-operativos/Pedro_deSoto_Exclusion_Mutua/Ejercicio3_Pedro_deSoto.py","curso-2/fundamentos-sistemas-operativos/Pedro_deSoto_Exclusion_Mutua/Ejercicio3_Pedro_deSoto.py","conservado","e69de29bb2d1d6434b8b29ae775ad8c2e48c5391"
"curso-2/fundamentos-sistemas-operativos/Practica_2/material_alumnos/material_alumnos/ap1_alumnos.sh","curso-2/fundamentos-sistemas-operativos/Practica_2/material_alumnos/material_alumnos/ap1_alumnos.sh","conservado","a9bf588e2f88457fdf73ac7361ef1d596fb81453"
"curso-2/fundamentos-sistemas-operativos/Practica_2/material_alumnos/material_alumnos/ap1_codigo_python.py","curso-2/fundamentos-sistemas-operativos/Practica_2/material_alumnos/material_alumnos/ap1_codigo_python.py","conservado","c23b5e56e6defd6e1697965bcefc8268aa0683f2"
"curso-2/fundamentos-sistemas-operativos/Practica_2/material_alumnos/material_alumnos/ap2_alumnos.sh","curso-2/fundamentos-sistemas-operativos/Practica_2/material_alumnos/material_alumnos/ap2_alumnos.sh","conservado","42bf0807378b5762e2a464f84db1158a2d149751"
"curso-2/fundamentos-sistemas-operativos/Practica_2/material_alumnos/material_alumnos/ap2_codigo_python.py","curso-2/fundamentos-sistemas-operativos/Practica_2/material_alumnos/material_alumnos/ap2_codigo_python.py","conservado","b428a98a293dece638845e4082d98b19d0b9d9d7"
"curso-2/fundamentos-sistemas-operativos/Practica_2/material_alumnos/material_alumnos/ap3_alumnos.sh","curso-2/fundamentos-sistemas-operativos/Practica_2/material_alumnos/material_alumnos/ap3_alumnos.sh","conservado","60c90cc3f0ca1f3146a3d08367ff1e75fe72e5f2"
"curso-2/fundamentos-sistemas-operativos/Practica_2/material_alumnos/material_alumnos/ap3_codigo_python.py","curso-2/fundamentos-sistemas-operativos/Practica_2/material_alumnos/material_alumnos/ap3_codigo_python.py","conservado","8f9c9e6c7d93c6f36bd2b9ed8c433686398c7b65"
"curso-2/fundamentos-sistemas-operativos/Practica_3/model_training.py","curso-2/fundamentos-sistemas-operativos/Practica_3/model_training.py","conservado","e58b871a8aa0d962b4262d08dca7cd34fa07f09d"
"curso-2/fundamentos-sistemas-operativos/Practica_3/plot_color_quantization.py","curso-2/fundamentos-sistemas-operativos/Practica_3/plot_color_quantization.py","conservado","365c94c7373796c696360a11620909ecfc2c3737"
"curso-2/fundamentos-sistemas-operativos/Practica_3/plot_face_recognition.py","curso-2/fundamentos-sistemas-operativos/Practica_3/plot_face_recognition.py","conservado","dda7a243e6281148276988ad18b2aa1dacefdce6"
"curso-2/fundamentos-sistemas-operativos/Practica_3/utils.py","curso-2/fundamentos-sistemas-operativos/Practica_3/utils.py","conservado","a15e8a85d6046e742b2fca9f1713b6fa10aae3b2"
"curso-2/fundamentos-sistemas-operativos/Practica_4/Ejercicio1_PedrodSoto.py","curso-2/fundamentos-sistemas-operativos/Practica_4/Ejercicio1_PedrodSoto.py","conservado","a961464a8ab5daf134d8a6731a0109c92fa52233"
"curso-2/fundamentos-sistemas-operativos/Practica_4/Ejercicio3_PedrodSoto.py","curso-2/fundamentos-sistemas-operativos/Practica_4/Ejercicio3_PedrodSoto.py","conservado","7902ab3fbe213adf8935da8d8371e81c587be463"
"curso-2/fundamentos-sistemas-operativos/Practica_4/Ejercicio4_PedrodSoto.py","curso-2/fundamentos-sistemas-operativos/Practica_4/Ejercicio4_PedrodSoto.py","conservado","8b5385462cd9d1d478043c7b6add17bfb33f06ba"
"curso-2/fundamentos-sistemas-operativos/Practica_4/Ejercicio_PedrodSoto.py","curso-2/fundamentos-sistemas-operativos/Practica_4/Ejercicio_PedrodSoto.py","conservado","def01b887fb29c7d722300f242e9126f6a4b3a66"
"curso-2/fundamentos-sistemas-operativos/Practica_6/Ejercicio1_Ap1_Pedro_deSoto.py","curso-2/fundamentos-sistemas-operativos/Practica_6/Ejercicio1_Ap1_Pedro_deSoto.py","conservado","9a5ce815d1ce8a53157aefaf720fe00de5e4bed9"
"curso-2/fundamentos-sistemas-operativos/Practica_6/Ejercicio1_Ap2_Pedro_deSoto.py","curso-2/fundamentos-sistemas-operativos/Practica_6/Ejercicio1_Ap2_Pedro_deSoto.py","conservado","e69de29bb2d1d6434b8b29ae775ad8c2e48c5391"
"curso-2/fundamentos-sistemas-operativos/Practica_6/Ejercicio2_Pedro_deSoto.py","curso-2/fundamentos-sistemas-operativos/Practica_6/Ejercicio2_Pedro_deSoto.py","conservado","e69de29bb2d1d6434b8b29ae775ad8c2e48c5391"
"curso-2/fundamentos-sistemas-operativos/Practica_6/Ejercicio3_Pedro_deSoto.py","curso-2/fundamentos-sistemas-operativos/Practica_6/Ejercicio3_Pedro_deSoto.py","conservado","e69de29bb2d1d6434b8b29ae775ad8c2e48c5391"
"curso-2/fundamentos-sistemas-operativos/Practica_6/practica_fuso.py","curso-2/fundamentos-sistemas-operativos/Practica_6/practica_fuso.py","conservado","51ed834d612e8a23c9046c674a71cdc91752b6fe"
"curso-2/fundamentos-sistemas-operativos/Practica_7/Pedro_deSoto_Gestion_Memoria/Ejercicio1_Pedro_deSoto.py","curso-2/fundamentos-sistemas-operativos/Practica_7/Pedro_deSoto_Gestion_Memoria/Ejercicio1_Pedro_deSoto.py","conservado","676bfb612f74a30d3d84a2120f252da669cda886"
"curso-2/fundamentos-sistemas-operativos/Practica_7/Pedro_deSoto_Gestion_Memoria/Ejercicio2_Pedro_deSoto.py","curso-2/fundamentos-sistemas-operativos/Practica_7/Pedro_deSoto_Gestion_Memoria/Ejercicio2_Pedro_deSoto.py","conservado","4ece62658e73504d63e57f1301a0c8603bc9092b"
"curso-2/fundamentos-sistemas-operativos/Practica_7/Pedro_deSoto_Gestion_Memoria/Ejercicio3_harvesine2_Pedro_deSoto.py","curso-2/fundamentos-sistemas-operativos/Practica_7/Pedro_deSoto_Gestion_Memoria/Ejercicio3_harvesine2_Pedro_deSoto.py","conservado","b712b6216f189e2e506d69e63d6a435e20ffe6ad"
"curso-2/fundamentos-sistemas-operativos/Practica_7/Pedro_deSoto_Gestion_Memoria/Ejercicio3_haversine1_Pedro_deSoto.py","curso-2/fundamentos-sistemas-operativos/Practica_7/Pedro_deSoto_Gestion_Memoria/Ejercicio3_haversine1_Pedro_deSoto.py","conservado","10c3ec82176579f11500adccbb3955844f68daed"
"curso-2/fundamentos-sistemas-operativos/Practica_7/Pedro_deSoto_Gestion_Memoria/Ejercicio4_Pedro_deSoto.py","curso-2/fundamentos-sistemas-operativos/Practica_7/Pedro_deSoto_Gestion_Memoria/Ejercicio4_Pedro_deSoto.py","conservado","56a8fb97dae7f9da74323f3e9c2ee6eecf0a80e7"
"curso-2/fundamentos-sistemas-operativos/Practica_7/haversine_alumnos.py","curso-2/fundamentos-sistemas-operativos/Practica_7/haversine_alumnos.py","conservado","0623a415548aa75f542f509f3c0b552d0c7d7328"
"curso-2/fundamentos-sistemas-operativos/practica_examen_final/dia1.ipynb","curso-2/fundamentos-sistemas-operativos/practica_examen_final/dia1.ipynb","conservado","e866dc91d7452058da6a0290b300388e522059f1"
"curso-2/fundamentos-sistemas-operativos/practica_examen_final/dia1.py","curso-2/fundamentos-sistemas-operativos/practica_examen_final/dia1.py","conservado","92bc05086f704e7b4d734d4437a0062308655145"
"curso-2/fundamentos-sistemas-operativos/practica_examen_final/dia2.py","curso-2/fundamentos-sistemas-operativos/practica_examen_final/dia2.py","conservado","e69de29bb2d1d6434b8b29ae775ad8c2e48c5391"
"curso-2/fundamentos-sistemas-operativos/practica_examen_final/dia2.sh","curso-2/fundamentos-sistemas-operativos/practica_examen_final/dia2.sh","conservado","6b42ce967ab34ccbb05e022715971a1c0967c06f"
"curso-2/fundamentos-sistemas-operativos/practica_examen_final/swfe.py","curso-2/fundamentos-sistemas-operativos/practica_examen_final/swfe.py","conservado","43cbbe12848644c62b573763371253831f35b412"
"curso-2/inteligencia-artificial/PROYECTO/kurtz.py","curso-2/fundamentos-de-la-inteligencia-artificial/PROYECTO/kurtz.py","renombrado","2d8c4fb6d86991d3fc6f9acdea4f3965b6c2b8cf"
"curso-2/inteligencia-artificial/PROYECTO/palacio.py","curso-2/fundamentos-de-la-inteligencia-artificial/PROYECTO/palacio.py","renombrado","e69de29bb2d1d6434b8b29ae775ad8c2e48c5391"
"curso-2/inteligencia-artificial/PROYECTO_ENTREGA/kurtz.py","curso-2/fundamentos-de-la-inteligencia-artificial/PROYECTO_ENTREGA/kurtz.py","renombrado","2d8c4fb6d86991d3fc6f9acdea4f3965b6c2b8cf"
"curso-2/inteligencia-artificial/PROYECTO_ENTREGA/palacio.py","curso-2/fundamentos-de-la-inteligencia-artificial/PROYECTO_ENTREGA/palacio.py","renombrado","e69de29bb2d1d6434b8b29ae775ad8c2e48c5391"
"curso-2/inteligencia-artificial/Practica_1/Practica_1.py","curso-2/fundamentos-de-la-inteligencia-artificial/Practica_1/Practica_1.py","renombrado","0b5b1017efeff7ca5943c664e08ecf681f13ed78"
"curso-2/inteligencia-artificial/github/p2-search-agent-roomba-psoto212/README.md","curso-2/fundamentos-de-la-inteligencia-artificial/github/p2-search-agent-roomba-psoto212/README.md","renombrado","3d364768f59355dfa0659742099904cb5a4a04e5"
"curso-2/inteligencia-artificial/github/p2-search-agent-roomba-psoto212/notebook/EXERCISE_1_FIA_24_25_agentes_reflex.ipynb","curso-2/fundamentos-de-la-inteligencia-artificial/github/p2-search-agent-roomba-psoto212/notebook/EXERCISE_1_FIA_24_25_agentes_reflex.ipynb","renombrado","e326b263b16dd3b99ce1ae56e545edbde52dc0b8"
"curso-2/inteligencia-artificial/github/p2-search-agent-roomba-psoto212/notebook/__init__.py","curso-2/fundamentos-de-la-inteligencia-artificial/github/p2-search-agent-roomba-psoto212/notebook/__init__.py","renombrado","e69de29bb2d1d6434b8b29ae775ad8c2e48c5391"
"curso-2/inteligencia-artificial/github/p2-search-agent-roomba-psoto212/requirements.txt","curso-2/fundamentos-de-la-inteligencia-artificial/github/p2-search-agent-roomba-psoto212/requirements.txt","renombrado","ef444c017aeafe573e8cb87e55bf8a7c54ed5579"
"curso-2/inteligencia-artificial/github/p2-search-agent-roomba-psoto212/src/__init__.py","curso-2/fundamentos-de-la-inteligencia-artificial/github/p2-search-agent-roomba-psoto212/src/__init__.py","renombrado","e69de29bb2d1d6434b8b29ae775ad8c2e48c5391"
"curso-2/inteligencia-artificial/github/p2-search-agent-roomba-psoto212/src/agents.py","curso-2/fundamentos-de-la-inteligencia-artificial/github/p2-search-agent-roomba-psoto212/src/agents.py","renombrado","cbc675da0c6eb93bacb93d66f0724ed28418aa5e"
"curso-2/inteligencia-artificial/github/p2-search-agent-roomba-psoto212/src/environments.py","curso-2/fundamentos-de-la-inteligencia-artificial/github/p2-search-agent-roomba-psoto212/src/environments.py","renombrado","38ec5d798e1c7f64aba30ca9855988dfe8f1f899"
"curso-2/inteligencia-artificial/github/p2-search-agent-roomba-psoto212/src/simulations.py","curso-2/fundamentos-de-la-inteligencia-artificial/github/p2-search-agent-roomba-psoto212/src/simulations.py","renombrado","811adf73998a20cc7812fa4396639fc84d93138a"
"curso-2/inteligencia-artificial/github/p2-search-agent-roomba-psoto212/template_FIA_25_26_agentes_reflex.ipynb","curso-2/fundamentos-de-la-inteligencia-artificial/github/p2-search-agent-roomba-psoto212/template_FIA_25_26_agentes_reflex.ipynb","renombrado","9c92407736fa03f1ebf84665ef4dd730424a3a39"
"curso-2/inteligencia-artificial/github/p2-search-agent-roomba-psoto212/tests/test_agents.py","curso-2/fundamentos-de-la-inteligencia-artificial/github/p2-search-agent-roomba-psoto212/tests/test_agents.py","renombrado","49bf8f4d1ca015d70ffe097cef051aa883f7dfb3"
"curso-2/matematica-discreta/Nueva carpeta/rsa.py","curso-2/matematica-discreta/PRACTICA_2/rsa.py","renombrado","b3290907219ecaf1f73fb654f1f0bc16e5749518"
"curso-2/matematica-discreta/PRACTICA_1/Materiales Práctica 1-20250923/imatlab.py","curso-2/matematica-discreta/PRACTICA_1/Materiales Práctica 1-20250923/imatlab.py","conservado","78e052b17157360047b5d53b933651a7a0e15d88"
"curso-2/matematica-discreta/PRACTICA_1/Materiales Práctica 1-20250923/imatlab_benchmark.py","curso-2/matematica-discreta/PRACTICA_1/Materiales Práctica 1-20250923/imatlab_benchmark.py","conservado","34b965047114fb1133733c07b51c214a56be1d32"
"curso-2/matematica-discreta/PRACTICA_1/Materiales Práctica 1-20250923/modular.py","curso-2/matematica-discreta/PRACTICA_1/Materiales Práctica 1-20250923/modular.py","conservado","13098e60493c43c7f2d33b2c6a0266bd55a8d55d"
"curso-2/matematica-discreta/PRACTICA_1/Materiales Práctica 1-20250923/test_P10_legendre.py","curso-2/matematica-discreta/PRACTICA_1/Materiales Práctica 1-20250923/test_P10_legendre.py","conservado","3274b04206663c5beacb657918ef8b2f07a84a56"
"curso-2/matematica-discreta/PRACTICA_1/Materiales Práctica 1-20250923/test_P11_P12_sistema.py","curso-2/matematica-discreta/PRACTICA_1/Materiales Práctica 1-20250923/test_P11_P12_sistema.py","conservado","723c7b056457c61d81456f60252217d60b4a36b9"
"curso-2/matematica-discreta/PRACTICA_1/Materiales Práctica 1-20250923/test_P13_P14_raiz.py","curso-2/matematica-discreta/PRACTICA_1/Materiales Práctica 1-20250923/test_P13_P14_raiz.py","conservado","c4f73846ade4bb307c5bd01acce017b87ab8c282"
"curso-2/matematica-discreta/PRACTICA_1/Materiales Práctica 1-20250923/test_P1_es_primo.py","curso-2/matematica-discreta/PRACTICA_1/Materiales Práctica 1-20250923/test_P1_es_primo.py","conservado","3c4316ccc959f55577698a44f327a59d6a448687"
"curso-2/matematica-discreta/PRACTICA_1/Materiales Práctica 1-20250923/test_P2_lista_primos.py","curso-2/matematica-discreta/PRACTICA_1/Materiales Práctica 1-20250923/test_P2_lista_primos.py","conservado","aabc0853dd58ddf63ff5ad1286de886f096b486e"
"curso-2/matematica-discreta/PRACTICA_1/Materiales Práctica 1-20250923/test_P3_factorizar.py","curso-2/matematica-discreta/PRACTICA_1/Materiales Práctica 1-20250923/test_P3_factorizar.py","conservado","f9e4fa574708ae5e9ce9dc371c1d07abc6c59e1a"
"curso-2/matematica-discreta/PRACTICA_1/Materiales Práctica 1-20250923/test_P4_P5_mcd.py","curso-2/matematica-discreta/PRACTICA_1/Materiales Práctica 1-20250923/test_P4_P5_mcd.py","conservado","5f0ee2e8cf916c2d03cb69e7efc611b2409864f9"
"curso-2/matematica-discreta/PRACTICA_1/Materiales Práctica 1-20250923/test_P6_coprimos.py","curso-2/matematica-discreta/PRACTICA_1/Materiales Práctica 1-20250923/test_P6_coprimos.py","conservado","5b203a4dc13387995623a561e0120e574a459f71"
"curso-2/matematica-discreta/PRACTICA_1/Materiales Práctica 1-20250923/test_P7_potencia.py","curso-2/matematica-discreta/PRACTICA_1/Materiales Práctica 1-20250923/test_P7_potencia.py","conservado","60cdb8c0429baac49cb38f4827be7c2ae7389926"
"curso-2/matematica-discreta/PRACTICA_1/Materiales Práctica 1-20250923/test_P8_inversa.py","curso-2/matematica-discreta/PRACTICA_1/Materiales Práctica 1-20250923/test_P8_inversa.py","conservado","254bfb31c5d8404dd5b2015aa8c480450f515268"
"curso-2/matematica-discreta/PRACTICA_1/Materiales Práctica 1-20250923/test_P9_euler.py","curso-2/matematica-discreta/PRACTICA_1/Materiales Práctica 1-20250923/test_P9_euler.py","conservado","47b132d9d2f9b9478219d698c6230a7485e53826"
"curso-2/matematica-discreta/PRACTICA_1/Materiales Práctica 1-20250923/test_imatlab.py","curso-2/matematica-discreta/PRACTICA_1/Materiales Práctica 1-20250923/test_imatlab.py","conservado","7c599a77910c85d0ac3fbc45dac1e9c6590597b4"
"curso-2/matematica-discreta/PRACTICA_1/Materiales Práctica 1-20251002/imatlab.py","curso-2/matematica-discreta/PRACTICA_1/Materiales Práctica 1-20251002/imatlab.py","conservado","b3c1f0a1c5fefd30490cd30248c0f1ad60c22e4d"
"curso-2/matematica-discreta/PRACTICA_1/Materiales Práctica 1-20251002/imatlab_benchmark.py","curso-2/matematica-discreta/PRACTICA_1/Materiales Práctica 1-20251002/imatlab_benchmark.py","conservado","34b965047114fb1133733c07b51c214a56be1d32"
"curso-2/matematica-discreta/PRACTICA_1/Materiales Práctica 1-20251002/modular.py","curso-2/matematica-discreta/PRACTICA_1/Materiales Práctica 1-20251002/modular.py","conservado","095a5b0e7e4d0a75877894c527b9d68bdd60d943"
"curso-2/matematica-discreta/PRACTICA_1/Materiales Práctica 1-20251002/tests/test_P10_legendre.py","curso-2/matematica-discreta/PRACTICA_1/Materiales Práctica 1-20251002/tests/test_P10_legendre.py","conservado","3274b04206663c5beacb657918ef8b2f07a84a56"
"curso-2/matematica-discreta/PRACTICA_1/Materiales Práctica 1-20251002/tests/test_P11_P12_sistema.py","curso-2/matematica-discreta/PRACTICA_1/Materiales Práctica 1-20251002/tests/test_P11_P12_sistema.py","conservado","723c7b056457c61d81456f60252217d60b4a36b9"
"curso-2/matematica-discreta/PRACTICA_1/Materiales Práctica 1-20251002/tests/test_P13_P14_raiz.py","curso-2/matematica-discreta/PRACTICA_1/Materiales Práctica 1-20251002/tests/test_P13_P14_raiz.py","conservado","c4f73846ade4bb307c5bd01acce017b87ab8c282"
"curso-2/matematica-discreta/PRACTICA_1/Materiales Práctica 1-20251002/tests/test_P1_es_primo.py","curso-2/matematica-discreta/PRACTICA_1/Materiales Práctica 1-20251002/tests/test_P1_es_primo.py","conservado","3c4316ccc959f55577698a44f327a59d6a448687"
"curso-2/matematica-discreta/PRACTICA_1/Materiales Práctica 1-20251002/tests/test_P2_lista_primos.py","curso-2/matematica-discreta/PRACTICA_1/Materiales Práctica 1-20251002/tests/test_P2_lista_primos.py","conservado","aabc0853dd58ddf63ff5ad1286de886f096b486e"
"curso-2/matematica-discreta/PRACTICA_1/Materiales Práctica 1-20251002/tests/test_P3_factorizar.py","curso-2/matematica-discreta/PRACTICA_1/Materiales Práctica 1-20251002/tests/test_P3_factorizar.py","conservado","f9e4fa574708ae5e9ce9dc371c1d07abc6c59e1a"
"curso-2/matematica-discreta/PRACTICA_1/Materiales Práctica 1-20251002/tests/test_P4_P5_mcd.py","curso-2/matematica-discreta/PRACTICA_1/Materiales Práctica 1-20251002/tests/test_P4_P5_mcd.py","conservado","5f0ee2e8cf916c2d03cb69e7efc611b2409864f9"
"curso-2/matematica-discreta/PRACTICA_1/Materiales Práctica 1-20251002/tests/test_P6_coprimos.py","curso-2/matematica-discreta/PRACTICA_1/Materiales Práctica 1-20251002/tests/test_P6_coprimos.py","conservado","5b203a4dc13387995623a561e0120e574a459f71"
"curso-2/matematica-discreta/PRACTICA_1/Materiales Práctica 1-20251002/tests/test_P7_potencia.py","curso-2/matematica-discreta/PRACTICA_1/Materiales Práctica 1-20251002/tests/test_P7_potencia.py","conservado","60cdb8c0429baac49cb38f4827be7c2ae7389926"
"curso-2/matematica-discreta/PRACTICA_1/Materiales Práctica 1-20251002/tests/test_P8_inversa.py","curso-2/matematica-discreta/PRACTICA_1/Materiales Práctica 1-20251002/tests/test_P8_inversa.py","conservado","254bfb31c5d8404dd5b2015aa8c480450f515268"
"curso-2/matematica-discreta/PRACTICA_1/Materiales Práctica 1-20251002/tests/test_P9_euler.py","curso-2/matematica-discreta/PRACTICA_1/Materiales Práctica 1-20251002/tests/test_P9_euler.py","conservado","47b132d9d2f9b9478219d698c6230a7485e53826"
"curso-2/matematica-discreta/PRACTICA_1/Materiales Práctica 1-20251002/tests/test_imatlab.py","curso-2/matematica-discreta/PRACTICA_1/Materiales Práctica 1-20251002/tests/test_imatlab.py","conservado","7c599a77910c85d0ac3fbc45dac1e9c6590597b4"
"curso-2/matematica-discreta/PRACTICA_1/imatlab.py","curso-2/matematica-discreta/PRACTICA_1/imatlab.py","conservado","7c59835453c905c6c2c8398b94f18dbc6bebc386"
"curso-2/matematica-discreta/PRACTICA_1/imatlab_benchmark.py","curso-2/matematica-discreta/PRACTICA_1/imatlab_benchmark.py","conservado","bcfcec3a392fe282f74cb201e370f4e6ea776c30"
"curso-2/matematica-discreta/PRACTICA_1/modular.py","curso-2/matematica-discreta/PRACTICA_1/modular.py","conservado","db6778d70479604b2695b131ccecf57689dc0f2c"
"curso-2/metodos-numericos/PRACTICAS/COMPLETAS/practica2/practica2_codigo.py","curso-2/metodos-numericos/PRACTICAS/COMPLETAS/practica2/practica2_codigo.py","conservado","b5b6ab8d1b2102e73314e5d2488b37cc1884d454"
"curso-2/metodos-numericos/PRACTICAS/COMPLETAS/practica3/ej_4.py","curso-2/metodos-numericos/PRACTICAS/COMPLETAS/practica3/ej_4.py","conservado","25168c09669b36da1c4591bbfed28e81ac53a71f"
"curso-2/metodos-numericos/PRACTICAS/COMPLETAS/practica3/ej_5.py","curso-2/metodos-numericos/PRACTICAS/COMPLETAS/practica3/ej_5.py","conservado","37f9fc35639a58628956a1cbb3feace3a7d7e7c4"
"curso-2/metodos-numericos/PRACTICAS/COMPLETAS/practica3/ej_6.py","curso-2/metodos-numericos/PRACTICAS/COMPLETAS/practica3/ej_6.py","conservado","0fca60bdb6ddc9aae8a38255f38efcec011f52ae"
"curso-2/metodos-numericos/PRACTICAS/COMPLETAS/practica3/ej_7.py","curso-2/metodos-numericos/PRACTICAS/COMPLETAS/practica3/ej_7.py","conservado","e7b57ddf2297472395f8c5950a2f0d8d47a82f12"
"curso-2/metodos-numericos/PRACTICAS/PRACTICA_3/ej_4.py","curso-2/metodos-numericos/PRACTICAS/PRACTICA_3/ej_4.py","conservado","3fdaf5eaabcd819aa79b08121df127873006bf85"
"curso-2/metodos-numericos/PRACTICAS/PRACTICA_3/ej_6.py","curso-2/metodos-numericos/PRACTICAS/PRACTICA_3/ej_6.py","conservado","1c061f61cf232a0bc1cb5ce5cb25a587528c372d"
"curso-2/metodos-numericos/PRACTICAS/PRACTICA_4/practica4_metodos/Practica 4 Metodos/ap1_iv.py","curso-2/metodos-numericos/PRACTICAS/PRACTICA_4/practica4_metodos/Practica 4 Metodos/ap1_iv.py","conservado","b268286128dd8c7e907462c462abf5a795eec9b8"
"curso-2/metodos-numericos/PRACTICAS/PRACTICA_4/practica4_metodos/Practica 4 Metodos/ap2_i_ii.py","curso-2/metodos-numericos/PRACTICAS/PRACTICA_4/practica4_metodos/Practica 4 Metodos/ap2_i_ii.py","conservado","3728d9abb2f271cac0dd1bde2540678f4c788ac5"
"curso-2/metodos-numericos/PRACTICAS/PRACTICA_4/practica4_metodos/Practica 4 Metodos/ap2_iii.py","curso-2/metodos-numericos/PRACTICAS/PRACTICA_4/practica4_metodos/Practica 4 Metodos/ap2_iii.py","conservado","36448a567310afb785ce23ed80969a2ae92fdd93"
"curso-2/metodos-numericos/PRACTICAS/PRACTICA_4/practica4_metodos/Practica 4 Metodos/ap3_c.py","curso-2/metodos-numericos/PRACTICAS/PRACTICA_4/practica4_metodos/Practica 4 Metodos/ap3_c.py","conservado","948e2daee2cc2dabeb50020fc3dca89e1e5eb78f"
"curso-2/metodos-numericos/PRACTICAS/PRACTICA_4/practica4_metodos/Practica 4 Metodos/ap3_d.py","curso-2/metodos-numericos/PRACTICAS/PRACTICA_4/practica4_metodos/Practica 4 Metodos/ap3_d.py","conservado","125a4c4b88d13ff96959486a5f835073b5efc993"
"curso-2/metodos-numericos/PRACTICAS/PRACTICA_4/practica4_metodos/Practica 4 Metodos/ap3_e.py","curso-2/metodos-numericos/PRACTICAS/PRACTICA_4/practica4_metodos/Practica 4 Metodos/ap3_e.py","conservado","0c7ed909544e8b46a1f40294b5ab5789d3c59587"
"curso-2/metodos-numericos/PRACTICAS/PRACTICA_5/2.3.PY","curso-2/metodos-numericos/PRACTICAS/PRACTICA_5/2.3.PY","conservado","ed08a0d9d5d1973335d45d8525d02bfa25cf62b4"
"curso-2/metodos-numericos/PRACTICAS/PRACTICA_6/3d_e.py","curso-2/metodos-numericos/PRACTICAS/PRACTICA_6/3d_e.py","conservado","262586a50e392965592b9657cdc06ce0cb0f583e"
"curso-2/metodos-numericos/final_practica/final.ipynb","","retirado","41dfb9d810cf551c2a496e4881da4400e3d81524"
"curso-2/metodos-numericos/final_practica/final_1.py","","retirado","edd08e23106e6cd9b78460af643490b308c25754"
"curso-2/metodos-numericos/final_practica/final_2.py","","retirado","deb7a1390cdf1fc0e2604713e4ad16d22572e6a7"
"curso-2/metodos-numericos/final_practica/final_3.py","","retirado","27283356c82ab343a0fa3167a5ccb2a3845474f2"
"curso-2/metodos-numericos/final_practica/final_4.py","","retirado","e68f15042c698bc714af4a11f5fa0a8d6c4b0429"
"curso-2/metodos-numericos/inter/2025-2026_01-inter-notebook.ipynb","","retirado","1bff0402937c5f6a7e19423265ff998d276eb4ca"
"curso-2/metodos-numericos/inter/fichero.ipynb","","retirado","bb1f34712fa61b7adbb06ae6593fa3c74bcd4198"
"curso-2/metodos-numericos/practica_final/lagrange.py","","retirado","ee3aa03086bddfb15be487b522ebe9b1e2c14608"
"curso-2/metodos-numericos/practica_final/metodos_raices.py","","retirado","e7b68870c7d5f87dcb422c703c0f70d61412125f"
"curso-2/metodos-numericos/practica_final/newton.py","","retirado","92c0626b656f2fe6d0ae29573fd4079f94a40623"
"curso-2/metodos-numericos/practica_final/pto_medio.py","","retirado","0128699ffa38a776c3ced25400e07c99c959b49e"
"curso-2/metodos-numericos/practica_final/rectangulo.py","","retirado","296d55e2a4428559dce8e57cd8f74dbdb1c3d2cb"
"curso-2/metodos-numericos/practica_final/simpson.py","","retirado","21def418a4c34aeffa09b875335d0a1668786809"
"curso-2/metodos-numericos/practica_final/simpson_3_8.py","","retirado","18dfc6466c4c2fa2961bf1fcaf918a44f6cd538a"
"curso-2/metodos-numericos/practica_final/spline.py","","retirado","582fee933c00f9e8c450a4ff252e6594cbeee460"
"curso-2/metodos-numericos/practica_final/trapecio_compuesto.py","","retirado","65de9bf609b1bd2e81a69e899464e8ac0a11564a"
"curso-2/metodos-numericos/practica_final/zprueba.py","","retirado","6596f727382cd31f09172a99ea58a262480838fc"
"curso-2/sistemas/EXAMEN LAB AÑOS ENTERIORES/examen_lab/examen_lab/examen_1.py","","retirado","f40c99e005b2fd75f30981d353bd05411bf59ec6"
"curso-2/sistemas/EXAMEN LAB AÑOS ENTERIORES/examen_lab/examen_lab/examen_2.py","","retirado","edd7168b1ca973efbf35cef70d776e82ff5be98d"
"curso-2/sistemas/EXAMEN LAB AÑOS ENTERIORES/examen_lab/examen_lab/examen_3.py","","retirado","efc2bde529f030b94c81deda1afcb94ebc997af3"
"curso-2/sistemas/EXAMEN LAB AÑOS ENTERIORES/practica_examen_lab/practica_examen_lab/ej1_comparador.py","","retirado","49a761e17cdfc9c2837d279b37b86137609baa86"
"curso-2/sistemas/EXAMEN LAB AÑOS ENTERIORES/practica_examen_lab/practica_examen_lab/ej1_contraseña.py","","retirado","ed6ed498ff57d0bbecb8fa4fa17b9192c3f0a0a8"
"curso-2/sistemas/EXAMEN LAB AÑOS ENTERIORES/practica_examen_lab/practica_examen_lab/ej1_dificil.py","","retirado","e9c5f3adc93c8c5aba6902519a9f57c97c294a14"
"curso-2/sistemas/EXAMEN LAB AÑOS ENTERIORES/practica_examen_lab/practica_examen_lab/ej1_examen.py","","retirado","6b159042c01cfc7648ca1dbe347881e48f544de0"
"curso-2/sistemas/EXAMEN LAB AÑOS ENTERIORES/practica_examen_lab/practica_examen_lab/ej1_facil.py","","retirado","bb1e4d10c3bc39da420582778a4a5c806c115946"
"curso-2/sistemas/EXAMEN LAB AÑOS ENTERIORES/practica_examen_lab/practica_examen_lab/ej1_morse.py","","retirado","ba29d12276f62a35952c02372f345d76a4e21fe3"
"curso-2/sistemas/EXAMEN LAB AÑOS ENTERIORES/practica_examen_lab/practica_examen_lab/ej1_simon.py","","retirado","db94a80d8253a7b476fbc1103ba7bfba3bc37ae6"
"curso-2/sistemas/EXAMEN LAB AÑOS ENTERIORES/practica_examen_lab/practica_examen_lab/ej1_sumar16.py","","retirado","2cf4296cac61b9790f5a546fb18df44619b37510"
"curso-2/sistemas/EXAMEN LAB AÑOS ENTERIORES/practica_examen_lab/practica_examen_lab/ej2_comparador.py","","retirado","8d6c067b376bd26949658b214b444fb875bca046"
"curso-2/sistemas/EXAMEN LAB AÑOS ENTERIORES/practica_examen_lab/practica_examen_lab/ej2_contraseña.py","","retirado","dc19b3d8f011acbbb1be0fb9d5d6edfd8e186d39"
"curso-2/sistemas/EXAMEN LAB AÑOS ENTERIORES/practica_examen_lab/practica_examen_lab/ej2_dificil.py","","retirado","423fa565f445cb4718519908211859bd320f6ea1"
"curso-2/sistemas/EXAMEN LAB AÑOS ENTERIORES/practica_examen_lab/practica_examen_lab/ej2_examen.py","","retirado","80fecc98e8ef62988889fcdb2fbabade3002cdfd"
"curso-2/sistemas/EXAMEN LAB AÑOS ENTERIORES/practica_examen_lab/practica_examen_lab/ej2_facil.py","","retirado","1d5468325340e52f307eb865e6650583a1fba726"
"curso-2/sistemas/EXAMEN LAB AÑOS ENTERIORES/practica_examen_lab/practica_examen_lab/ej2_morse.py","","retirado","6ac19ddd318cdc7e567e64de9455e3a55b71cb90"
"curso-2/sistemas/EXAMEN LAB AÑOS ENTERIORES/practica_examen_lab/practica_examen_lab/ej2_sumar16.py","","retirado","1f44fca4a17dfb49d5963be464e65ddb68e996b5"
"curso-2/sistemas/EXAMEN LAB AÑOS ENTERIORES/practica_examen_lab/practica_examen_lab/ej3.py","","retirado","cb727b3e1bdff4bc583a9012642fc1e6573426a8"
"curso-2/sistemas/EXAMEN LAB AÑOS ENTERIORES/practica_examen_lab/practica_examen_lab/ej3_sumar16.py","","retirado","3706d7d1485f778640c3005c59b014f2e854423c"
"curso-2/sistemas/EXAMEN LAB AÑOS ENTERIORES/practica_examen_lab/practica_examen_lab/limpiar.py","","retirado","a55d6ee29bc90ce3599969a7a4ef73f48a41e520"
"curso-2/sistemas/EXAMEN LAB AÑOS ENTERIORES/practica_examen_lab/practica_examen_lab/pruebas_ex_lab/pruebas_ex_lab/cuenta_atras.py","","retirado","fb5081fd032ade77c864a7d2c37782686a863c80"
"curso-2/sistemas/EXAMEN LAB AÑOS ENTERIORES/practica_examen_lab/practica_examen_lab/pruebas_ex_lab/pruebas_ex_lab/examen_dificil.py","","retirado","ee01ca32a17248cbf0a48a91ae97881f116d23a5"
"curso-2/sistemas/EXAMEN LAB AÑOS ENTERIORES/practica_examen_lab/practica_examen_lab/pruebas_ex_lab/pruebas_ex_lab/examen_facil.py","","retirado","be12d9f4dcf34d8e30355e557383733f157ea5c9"
"curso-2/sistemas/EXAMEN LAB AÑOS ENTERIORES/practica_examen_lab/practica_examen_lab/pruebas_ex_lab/pruebas_ex_lab/maquina_estados.py","","retirado","21a77fe7de65df8085fb2b33d2c9a5de858ed975"
"curso-2/sistemas/EXAMEN LAB AÑOS ENTERIORES/practica_examen_lab/practica_examen_lab/pruebas_ex_lab/pruebas_ex_lab/salidas_temporizadas.py","","retirado","06576cd1dca3f6b8915c58a5bf19f61a348a6f96"
"curso-2/sistemas/EXAMEN LAB AÑOS ENTERIORES/practica_examen_lab/practica_examen_lab/pruebas_ex_lab/pruebas_ex_lab/tiempo_respuesta_max.py","","retirado","17aa3be98ffde8f1ee01d4e9ecb5514687c06a40"
"curso-2/sistemas/LABORATORIO/PRACTICA3/2.1.RPi.GPIO (1).py","curso-2/sistemas/LABORATORIO/PRACTICA3/2.1.RPi.GPIO (1).py","conservado","94ad2da846301f92ae29c6255639424d9caccded"
"curso-2/sistemas/LABORATORIO/PRACTICA3/2_2_2a.py","curso-2/sistemas/LABORATORIO/PRACTICA3/2_2_2a.py","conservado","d16fd373b656229d13ed334f1353457df7f009f5"
"curso-2/sistemas/LABORATORIO/PRACTICA3/2_2_2b.py","curso-2/sistemas/LABORATORIO/PRACTICA3/2_2_2b.py","conservado","70500585e1cb60c0c29f77b611441fd60350fdd2"
"curso-2/sistemas/LABORATORIO/PRACTICA3/2_2_3a.py","curso-2/sistemas/LABORATORIO/PRACTICA3/2_2_3a.py","conservado","1226a419ada025d4523d69ef22499f442a627e8f"
"curso-2/sistemas/LABORATORIO/PRACTICA3/2_2_3b.py","curso-2/sistemas/LABORATORIO/PRACTICA3/2_2_3b.py","conservado","6c6fd01d4587b0576baa0ca540bb4168ff0af0db"
"curso-2/sistemas/LABORATORIO/PRACTICA3/contador_modo_binario_barra.py","curso-2/sistemas/LABORATORIO/PRACTICA3/contador_modo_binario_barra.py","conservado","8e31ef87ce1bd1cf8751766f201523d9e3f04265"
"curso-2/sistemas/LABORATORIO/PRACTICA3/ejercicio3.py","curso-2/sistemas/LABORATORIO/PRACTICA3/ejercicio3.py","conservado","01b6d01699385e0ff3a47a3ed190f36cc3becf9b"
"curso-2/sistemas/LABORATORIO/PRACTICA3/ejercicio_pares_apagados_impares_toggle.py","curso-2/sistemas/LABORATORIO/PRACTICA3/ejercicio_pares_apagados_impares_toggle.py","conservado","031ea9410470cd6f1de3c2eb462602c710d9f77f"
"curso-2/sistemas/LABORATORIO/PRACTICA3/prueba.py","curso-2/sistemas/LABORATORIO/PRACTICA3/prueba.py","conservado","cf03ae1dd6f13631b5b0b4bacfdfb3a8de40eea6"
"curso-2/sistemas/LABORATORIO/PRACTICA4/4.1.py","curso-2/sistemas/LABORATORIO/PRACTICA4/4.1.py","conservado","3973a187ad4bace9dd4687d3c5be70fb79f69446"
"curso-2/sistemas/LABORATORIO/PRACTICA4/4.2.py","curso-2/sistemas/LABORATORIO/PRACTICA4/4.2.py","conservado","43c9b5afaa7074e9522b724a668a6d9860540147"
"curso-2/sistemas/LABORATORIO/PRACTICA4/4.3.1.py","curso-2/sistemas/LABORATORIO/PRACTICA4/4.3.1.py","conservado","3637acaa9cacd5bd6d4f2aef7354a9a7c681077b"
"curso-2/sistemas/LABORATORIO/PRACTICA4/4.3.2.py","curso-2/sistemas/LABORATORIO/PRACTICA4/4.3.2.py","conservado","aa28e144175ade466e488984706ec7a25e910fe8"
"curso-2/sistemas/LABORATORIO/PRACTICA4/4.4.1.py","curso-2/sistemas/LABORATORIO/PRACTICA4/4.4.1.py","conservado","1b2d239f5ba1229aaa43c4c1e38de7140585a72c"
"curso-2/sistemas/LABORATORIO/PRACTICA4/4.4.2.py","curso-2/sistemas/LABORATORIO/PRACTICA4/4.4.2.py","conservado","9d6bd388450fea5120e8d7c8e46849840d4e1d00"
"curso-2/sistemas/LABORATORIO/PRACTICA4/4.5.1.py","curso-2/sistemas/LABORATORIO/PRACTICA4/4.5.1.py","conservado","7170d8e811d5ec6b2dbd8fffa1d7551c771aec4a"
"curso-2/sistemas/LABORATORIO/PRACTICA4/4.5.2.py","curso-2/sistemas/LABORATORIO/PRACTICA4/4.5.2.py","conservado","ecaee2166adf945ac3e3237064c80ee4fef0c802"
"curso-2/sistemas/LABORATORIO/PRACTICA4/leds_periodo_mas_puls.py","curso-2/sistemas/LABORATORIO/PRACTICA4/leds_periodo_mas_puls.py","conservado","b0fdf4bcaf90206f914ac3b528b9857da1aec5d7"
"curso-2/sistemas/LABORATORIO/PRACTICA4/leds_periodo_puls_cambio_velocidad.py","curso-2/sistemas/LABORATORIO/PRACTICA4/leds_periodo_puls_cambio_velocidad.py","conservado","8ab2fbb9367fa1616c7943cf5bfd92105fbd0c90"
"curso-2/sistemas/LABORATORIO/PRACTICA4/leds_subiendo1_pulsador_parado_y_reset.py","curso-2/sistemas/LABORATORIO/PRACTICA4/leds_subiendo1_pulsador_parado_y_reset.py","conservado","40d596215747d3be688aea3ad00ebd29e9f1d4c8"
"curso-2/sistemas/LABORATORIO/PRACTICA4/main.py","curso-2/sistemas/LABORATORIO/PRACTICA4/main.py","conservado","e69de29bb2d1d6434b8b29ae775ad8c2e48c5391"
"curso-2/sistemas/LABORATORIO/PRACTICA4/medidor_equipaje.py","curso-2/sistemas/LABORATORIO/PRACTICA4/medidor_equipaje.py","conservado","e69de29bb2d1d6434b8b29ae775ad8c2e48c5391"
"curso-2/sistemas/LABORATORIO/PRACTICA4/pines_subiendo_y_alternando_al_pulsar.py","curso-2/sistemas/LABORATORIO/PRACTICA4/pines_subiendo_y_alternando_al_pulsar.py","conservado","60963c04874dca18c0380e9aa04737e2821a593b"
"curso-2/sistemas/LABORATORIO/PRACTICA4/prueba.py","curso-2/sistemas/LABORATORIO/PRACTICA4/prueba.py","conservado","15c86692411acb0a3e2c3f4fbffbf9db6fda97ff"
"curso-2/sistemas/LABORATORIO/PRACTICA4/pwm_modos_apagado_tempora.py","curso-2/sistemas/LABORATORIO/PRACTICA4/pwm_modos_apagado_tempora.py","conservado","f7c214aeec820f742f7ac627509ce133662e4fa4"
"curso-2/sistemas/LABORATORIO/PRACTICA4/servo_manual_emergencia.py","curso-2/sistemas/LABORATORIO/PRACTICA4/servo_manual_emergencia.py","conservado","2ac5f2f4528b4c9c8cbc276e20e13b6a8b0f46f1"
"curso-2/sistemas/LABORATORIO/ejercicio.py","","retirado","0517cb50639bcf58743252812f83b6a1b34d1f62"
"curso-2/sistemas/LABORATORIO/examen/ejercicio4.py","","retirado","ce57f6e50ee7088d18285a31c103806658db90c3"
"curso-2/sistemas/LABORATORIO/examen/ejercicio_1.py","","retirado","5ba1fdfef5878d89807052b79284f90740b0a857"
"curso-2/sistemas/LABORATORIO/prueba.py","","retirado","174f1fcb1349a456122231c9bdac1190f257d73c"
"curso-2/sistemas/LABORATORIO/repesca/ejercicio1.py","","retirado","e69de29bb2d1d6434b8b29ae775ad8c2e48c5391"
"curso-2/sistemas/LABORATORIO/repesca/ejercicio2.py","","retirado","c061cf25d9cc385e12340d2534db891a09151fba"
"curso-2/sistemas/practica_final.py","","retirado","33cd1126b528f168cc1aefa7815413737f6c560b"
"curso-3/analisis-y-predicciones/PRACTICAS/Lab1_Decomposition_v5/Lab_1_Decomposition_v5.R","curso-3/analisis-y-predicciones/PRACTICAS/Lab1_Decomposition_v5/Lab_1_Decomposition_v5.R","conservado","631d981c4bbb77ad7b902ea2a6ded5a109c18c48"
"curso-3/analisis-y-predicciones/PRACTICAS/Lab1_Decomposition_v5/Practica1.R","curso-3/analisis-y-predicciones/PRACTICAS/Lab1_Decomposition_v5/Practica1.R","conservado","7bacab950a991c61c7e552d2a5e6cfed096670c6"
"curso-3/geometria/SAGE/PRACTICAS/practica 1 Funciones básicas ENUNCIADOS.ipynb","","retirado","454f7ef284b073d90f51b7ecceb8224981a126eb"
"curso-3/geometria/SAGE/Untitled.ipynb","","retirado","2fd64429bf421126b7000c94ce0f6fd186fbd01f"
"curso-3/paradigmas/REPOSITORIOS/PRACTICA1/PRACTICA1.slnx","curso-3/paradigmas/REPOSITORIOS/PRACTICA1/PRACTICA1.slnx","conservado","68e50e0e523cd45750edab80117901fbfb2a1fae"
"curso-3/paradigmas/REPOSITORIOS/PRACTICA1/PRACTICA1/PRACTICA1.csproj","curso-3/paradigmas/REPOSITORIOS/PRACTICA1/PRACTICA1/PRACTICA1.csproj","conservado","dfb40caafcf9a51ea0f8d9d43c9f3f6bc58c492d"
"curso-3/paradigmas/REPOSITORIOS/PRACTICA1/PRACTICA1/Program.cs","curso-3/paradigmas/REPOSITORIOS/PRACTICA1/PRACTICA1/Program.cs","conservado","789e3510250d25291c64e63701a95cbce571c4c8"
"curso-3/paradigmas/REPOSITORIOS/PRACTICA2/PRACTICA2.slnx","curso-3/paradigmas/REPOSITORIOS/PRACTICA2/PRACTICA2.slnx","conservado","5e3a302dfe599ced1f437ef2bbcb63c7b0f0b6da"
"curso-3/paradigmas/REPOSITORIOS/PRACTICA2/PRACTICA2/PRACTICA2.csproj","curso-3/paradigmas/REPOSITORIOS/PRACTICA2/PRACTICA2/PRACTICA2.csproj","conservado","dfb40caafcf9a51ea0f8d9d43c9f3f6bc58c492d"
"curso-3/paradigmas/REPOSITORIOS/PRACTICA2/PRACTICA2/Program.cs","curso-3/paradigmas/REPOSITORIOS/PRACTICA2/PRACTICA2/Program.cs","conservado","789e3510250d25291c64e63701a95cbce571c4c8"
"curso-3/paradigmas/REPOSITORIOS/PRACTICA_3/PRACTICA_3.slnx","curso-3/paradigmas/REPOSITORIOS/PRACTICA_3/PRACTICA_3.slnx","conservado","4d429e1f716716c60e9e2d781e14d41852a596ac"
"curso-3/paradigmas/REPOSITORIOS/PRACTICA_3/PRACTICA_3/PRACTICA_3.csproj","curso-3/paradigmas/REPOSITORIOS/PRACTICA_3/PRACTICA_3/PRACTICA_3.csproj","conservado","7f1dc2eb2fc771c832f1b1bb8628f7a90f4f9534"
"curso-3/paradigmas/REPOSITORIOS/PRACTICA_3/PRACTICA_3/Program.cs","curso-3/paradigmas/REPOSITORIOS/PRACTICA_3/PRACTICA_3/Program.cs","conservado","c169f35c330410a15f757dd289bc1c2d4331ab32"
"curso-3/vision-ordenador/LAB/Material Lab_1/Lab_1/src/lab_1.ipynb","curso-3/vision-ordenador/LAB/Material Lab_1/Lab_1/src/lab_1.ipynb","conservado","fc209609d239a9109ed0ac1100c9b71372bb11c2"
"curso-3/vision-ordenador/LAB/Material Lab_1/Lab_1/src/utils.py","curso-3/vision-ordenador/LAB/Material Lab_1/Lab_1/src/utils.py","conservado","482117d0b48dffadac9ff0dc22f0bd0933751fcb"
"curso-3/vision-ordenador/LAB/Material Lab_1/Lab_1/template/README.md","curso-3/vision-ordenador/LAB/Material Lab_1/Lab_1/template/README.md","conservado","3b1590f06c5942fdfd7c97229dfc48dab0052820"
"docs/procedencia.csv","docs/procedencia.csv","conservado","b762b92e2e681a4bffab4a4b9a431e0a284a584b"
"docs/validacion.md","docs/validacion.md","conservado","a3d2d736a0794e3c8fe49350eca83b25f7955076"
