origen,repositorio,archivo,sha256,estado_publicacion
1º de iMat/1º CUATRI/PROBABILIDAD Y ESTADÍSTICA/CHULETAS DESCRIPTIVAS/CHU-T3/chu_DISTR_CONTINUAS_PRYES_v1.0.ipynb,imat-practicas,curso-1/probabilidad-estadistica/CHULETAS DESCRIPTIVAS/CHU-T3/chu_DISTR_CONTINUAS_PRYES_v1.0.ipynb,072794d4c869b8bcd1963bfa3915016f9dc1d014be8b625d7daf3a4a1d74c34b,incluido
1º de iMat/1º CUATRI/PROBABILIDAD Y ESTADÍSTICA/CHULETAS DESCRIPTIVAS/CHU-T3/chu_DISTR_DISCRETAS_PRYES_v1.0.ipynb,imat-practicas,curso-1/probabilidad-estadistica/CHULETAS DESCRIPTIVAS/CHU-T3/chu_DISTR_DISCRETAS_PRYES_v1.0.ipynb,0ee6f7a2cb144fdce97408884accf94fc2263c29f28b32b84af4991a2222661a,incluido
1º de iMat/1º CUATRI/PROBABILIDAD Y ESTADÍSTICA/CHULETAS DESCRIPTIVAS/CHULETA 1/chu_DESCRIPTIVA_PRyES_v1.7.ipynb,imat-practicas,curso-1/probabilidad-estadistica/CHULETAS DESCRIPTIVAS/CHULETA 1/chu_DESCRIPTIVA_PRyES_v1.7.ipynb,902a280e57831b9b76ea24c53885db23c2044408f4a731afdcf38b5a5c0aef2f,incluido
1º de iMat/1º CUATRI/PROBABILIDAD Y ESTADÍSTICA/CHULETAS DESCRIPTIVAS/STACH-2-PRO/STACH-2-PRO/chu_COMB_PRyES_v1.0.ipynb,imat-practicas,curso-1/probabilidad-estadistica/CHULETAS DESCRIPTIVAS/STACH-2-PRO/STACH-2-PRO/chu_COMB_PRyES_v1.0.ipynb,9db28006bd7b6f5c3d2c12c1c10190526783b7fffcc0bbc0b1f0e3ad0e64fa79,incluido
1º de iMat/1º CUATRI/PROBABILIDAD Y ESTADÍSTICA/CHULETAS DESCRIPTIVAS/STACH-2-PRO/STACH-2-PRO/E01T2comb_PRyES.ipynb,imat-practicas,curso-1/probabilidad-estadistica/CHULETAS DESCRIPTIVAS/STACH-2-PRO/STACH-2-PRO/E01T2comb_PRyES.ipynb,a69623e79a00ee98b44019e437cbed679f4edd53a83b79a547e864e3bae6d9d6,incluido
1º de iMat/1º CUATRI/PROBABILIDAD Y ESTADÍSTICA/CHULETAS DESCRIPTIVAS/STACH-2-PRO/STACH-2-PRO/PB01T2comb_PRyES.ipynb,imat-practicas,curso-1/probabilidad-estadistica/CHULETAS DESCRIPTIVAS/STACH-2-PRO/STACH-2-PRO/PB01T2comb_PRyES.ipynb,d04c85572d6f31c82786f27da6d99badd1d79250bcc327db12d57e558283f7ee,incluido
1º de iMat/1º CUATRI/PROBABILIDAD Y ESTADÍSTICA/CHULETAS DESCRIPTIVAS/STACH-2-PRO/STACH-2-PRO/PB02T2comb_PRyES.ipynb,imat-practicas,curso-1/probabilidad-estadistica/CHULETAS DESCRIPTIVAS/STACH-2-PRO/STACH-2-PRO/PB02T2comb_PRyES.ipynb,0a622357d998ea335c6142156dd1b752e058779811963b3b02db5974dc3f78fe,incluido
1º de iMat/1º CUATRI/PROBABILIDAD Y ESTADÍSTICA/CHULETAS DESCRIPTIVAS/STACH-2-PRO/STACH-2-PRO/PB03T2comb_PRyES.ipynb,imat-practicas,curso-1/probabilidad-estadistica/CHULETAS DESCRIPTIVAS/STACH-2-PRO/STACH-2-PRO/PB03T2comb_PRyES.ipynb,ef3c6f9ea171e64cba8e8f0d393ee6b55ee198683a1a70df843c64e13e049700,incluido
1º de iMat/1º CUATRI/PROBABILIDAD Y ESTADÍSTICA/EJERCICIOS/codigoPR2/codigoPR2/PR2_PRyES.ipynb,imat-practicas,curso-1/probabilidad-estadistica/EJERCICIOS/codigoPR2/codigoPR2/PR2_PRyES.ipynb,f28768c136e2c80458c5bee0de3ad7a3a910afcfd5067d4b0997cb06d0be6af5,incluido
1º de iMat/1º CUATRI/PROBABILIDAD Y ESTADÍSTICA/EJERCICIOS/ENUNCIADOS/codigoPR1/PR1_PRyES.ipynb,imat-practicas,curso-1/probabilidad-estadistica/EJERCICIOS/ENUNCIADOS/codigoPR1/PR1_PRyES.ipynb,605133c78256549b8ab2d4389ad93c10aeb3498721e752a57924a7c2a7893f0b,incluido
1º de iMat/1º CUATRI/PROBABILIDAD Y ESTADÍSTICA/EJERCICIOS/ENUNCIADOS/codigoPR1/sPR1_PRyES.ipynb,imat-practicas,curso-1/probabilidad-estadistica/EJERCICIOS/ENUNCIADOS/codigoPR1/sPR1_PRyES.ipynb,25d4b62d7b2111f192db7546f16ea5a2cef1a07ca6dfaec3eb275e617f3c1913,incluido
1º de iMat/1º CUATRI/PROBABILIDAD Y ESTADÍSTICA/EJERCICIOS/T2-EJE/T2-EJE/E01T2_PRYES.ipynb,imat-practicas,curso-1/probabilidad-estadistica/EJERCICIOS/T2-EJE/T2-EJE/E01T2_PRYES.ipynb,15ab6033983db4b6253f7bbfb83acc8d124487979acb4826b4489a31004ab424,incluido
1º de iMat/1º CUATRI/PROBABILIDAD Y ESTADÍSTICA/EJERCICIOS/T2-EJE/T2-EJE/E02T2_PRYES.ipynb,imat-practicas,curso-1/probabilidad-estadistica/EJERCICIOS/T2-EJE/T2-EJE/E02T2_PRYES.ipynb,c9e593a313cc8dd82f7ffd94bc735ca545ff10d390c419dddab1b30c334701d0,incluido
1º de iMat/1º CUATRI/PROBABILIDAD Y ESTADÍSTICA/EJERCICIOS/T2-EJE/T2-EJE/E03T2_PRYES.ipynb,imat-practicas,curso-1/probabilidad-estadistica/EJERCICIOS/T2-EJE/T2-EJE/E03T2_PRYES.ipynb,e07ba4d1644dbc0fac6b53885e2f75f42935e0a5ddafa6a7a503102f650f5bd8,incluido
1º de iMat/1º CUATRI/PROBABILIDAD Y ESTADÍSTICA/EJERCICIOS/T2-EJE/T2-EJE/E04T2_PRYES.ipynb,imat-practicas,curso-1/probabilidad-estadistica/EJERCICIOS/T2-EJE/T2-EJE/E04T2_PRYES.ipynb,d3beea575a2907a341e05fd75fff13b8a481f40536a156c02a1b36bee1c5de3a,incluido
1º de iMat/1º CUATRI/PROBABILIDAD Y ESTADÍSTICA/EJERCICIOS/T2-EJE-SOL/sE01T2_PRYES.ipynb,imat-practicas,curso-1/probabilidad-estadistica/EJERCICIOS/T2-EJE-SOL/sE01T2_PRYES.ipynb,1f9791ee058b1b77657f6ae45c42d9aaebba1be47ee22f9dff8bafd939b1ca10,incluido
1º de iMat/1º CUATRI/PROBABILIDAD Y ESTADÍSTICA/EJERCICIOS/T2-EJE-SOL/sE02T2_PRYES.ipynb,imat-practicas,curso-1/probabilidad-estadistica/EJERCICIOS/T2-EJE-SOL/sE02T2_PRYES.ipynb,503d047be5dc3a5f0f8028f8cf98f5b3f18d7bc4497e3d210bcfa9d919e30102,incluido
1º de iMat/1º CUATRI/PROBABILIDAD Y ESTADÍSTICA/EJERCICIOS/T2-EJE-SOL/sE03T2_PRYES.ipynb,imat-practicas,curso-1/probabilidad-estadistica/EJERCICIOS/T2-EJE-SOL/sE03T2_PRYES.ipynb,af8adb27c2b7bffa56bfb7091fa8ef3acb8fe3a9c6c31d953a568b26304bffb3,incluido
1º de iMat/1º CUATRI/PROBABILIDAD Y ESTADÍSTICA/EJERCICIOS/T2-EJE-SOL/sE04T2_PRYES.ipynb,imat-practicas,curso-1/probabilidad-estadistica/EJERCICIOS/T2-EJE-SOL/sE04T2_PRYES.ipynb,89f340f09299d41709f73452e4930f2d46fa871e29706d381016cdc05ea05016,incluido
1º de iMat/1º CUATRI/PROBABILIDAD Y ESTADÍSTICA/EJERCICIOS/T2-PRO/PB01T2_PRyES.ipynb,imat-practicas,curso-1/probabilidad-estadistica/EJERCICIOS/T2-PRO/PB01T2_PRyES.ipynb,8e5a17639063d4ea579548a993fc2b5fdfea3b96221851d5a1f473bccef877c5,incluido
1º de iMat/1º CUATRI/PROBABILIDAD Y ESTADÍSTICA/EJERCICIOS/T2-PRO/PB02T2_PRyES.ipynb,imat-practicas,curso-1/probabilidad-estadistica/EJERCICIOS/T2-PRO/PB02T2_PRyES.ipynb,26b88466e4bba5831f5e180260826a74e6fda6642a44ac511dee7fc92060c8ac,incluido
1º de iMat/1º CUATRI/PROBABILIDAD Y ESTADÍSTICA/EJERCICIOS/T2-PRO/PB03T2_PRYES.ipynb,imat-practicas,curso-1/probabilidad-estadistica/EJERCICIOS/T2-PRO/PB03T2_PRYES.ipynb,c2fe52acbf66e38f344c451c2787d9cb5b07a6149c2f52dd5008dc420905faa1,incluido
1º de iMat/1º CUATRI/PROBABILIDAD Y ESTADÍSTICA/EJERCICIOS/T2-PRO/PB04T2_PRyES.ipynb,imat-practicas,curso-1/probabilidad-estadistica/EJERCICIOS/T2-PRO/PB04T2_PRyES.ipynb,9f9b2f0d525f0195c951c85a45cbb28d2f779100419602deda65ca7b0722a474,incluido
1º de iMat/1º CUATRI/PROBABILIDAD Y ESTADÍSTICA/EJERCICIOS/T3-PRO/PB01T3_PRYES.ipynb,imat-practicas,curso-1/probabilidad-estadistica/EJERCICIOS/T3-PRO/PB01T3_PRYES.ipynb,2ddaab5a57f8c359d637febc676327848417399edc65dc5dbf5797285270d882,incluido
1º de iMat/1º CUATRI/PROBABILIDAD Y ESTADÍSTICA/EJERCICIOS/T3-PRO/PB02T3_PRYES.ipynb,imat-practicas,curso-1/probabilidad-estadistica/EJERCICIOS/T3-PRO/PB02T3_PRYES.ipynb,9fea0d5699889c6f6fa9bd92ff1f256429fb2f3ccbbd1a72cf6f537719409fd0,incluido
1º de iMat/1º CUATRI/PROBABILIDAD Y ESTADÍSTICA/EJERCICIOS/T3-PRO/PB03T3_PRYES.ipynb,imat-practicas,curso-1/probabilidad-estadistica/EJERCICIOS/T3-PRO/PB03T3_PRYES.ipynb,159c2a8a032db18402378d77a6eec6ae9404c99b1fb82de92ab165a22d077f32,incluido
1º de iMat/1º CUATRI/PROBABILIDAD Y ESTADÍSTICA/EJERCICIOS/T3-PRO/PB04T3_PRYES.ipynb,imat-practicas,curso-1/probabilidad-estadistica/EJERCICIOS/T3-PRO/PB04T3_PRYES.ipynb,f02a7d382fb50a71ebc03004f3abf151ed182824bec9f096e072030e7558828b,incluido
1º de iMat/1º CUATRI/PROBABILIDAD Y ESTADÍSTICA/EJERCICIOS/T3-PRO/PB05T3_PRYES.ipynb,imat-practicas,curso-1/probabilidad-estadistica/EJERCICIOS/T3-PRO/PB05T3_PRYES.ipynb,888643aac0ca6e7c103067f2f22fb557dcf8be74a02648aa81417a596cc6cabe,incluido
1º de iMat/1º CUATRI/PROBABILIDAD Y ESTADÍSTICA/EJERCICIOS/T3-PRO/PB06T3_PRYES.ipynb,imat-practicas,curso-1/probabilidad-estadistica/EJERCICIOS/T3-PRO/PB06T3_PRYES.ipynb,d4d1b5c1d5cba66aa4cb2058c2cc37275589ce761f85159f03ad111430ead304,incluido
1º de iMat/1º CUATRI/PROBABILIDAD Y ESTADÍSTICA/EJERCICIOS/T3-PRO/PB07T3_PRYES.ipynb,imat-practicas,curso-1/probabilidad-estadistica/EJERCICIOS/T3-PRO/PB07T3_PRYES.ipynb,45809f7f0af6ec07ebdad3b02daaa07bcc5fedeea7c387054402386330af298b,incluido
1º de iMat/1º CUATRI/PROBABILIDAD Y ESTADÍSTICA/EJERCICIOS/T3D-EJE-SOL/sE01T3_PRYES.ipynb,imat-practicas,curso-1/probabilidad-estadistica/EJERCICIOS/T3D-EJE-SOL/sE01T3_PRYES.ipynb,e894767eaf21c82402c2dd63f6bf6127cd2f0d95f246299aafa4d52880ff44d6,incluido
1º de iMat/1º CUATRI/PROBABILIDAD Y ESTADÍSTICA/EJERCICIOS/T3D-EJE-SOL/sE02T3_PRYES.ipynb,imat-practicas,curso-1/probabilidad-estadistica/EJERCICIOS/T3D-EJE-SOL/sE02T3_PRYES.ipynb,b188e7542b4f75305f8bfd52e227536f78726af986d7a7bb4340fd6758fa95f9,incluido
1º de iMat/1º CUATRI/PROBABILIDAD Y ESTADÍSTICA/EJERCICIOS/T3D-EJE-SOL/sE03T3_PRYES.ipynb,imat-practicas,curso-1/probabilidad-estadistica/EJERCICIOS/T3D-EJE-SOL/sE03T3_PRYES.ipynb,b8a263b99b52a71f1734c75eee424743015e1c3b195fb84dac3f268e7beb8f36,incluido
1º de iMat/1º CUATRI/PROBABILIDAD Y ESTADÍSTICA/EJERCICIOS/T3D-EJE-SOL/sE04T3_PRYES.ipynb,imat-practicas,curso-1/probabilidad-estadistica/EJERCICIOS/T3D-EJE-SOL/sE04T3_PRYES.ipynb,d34afa3c0fe3173eaf708039b2c87f400b649bb1d6f9d52fc573ee4d7e4a7ad8,incluido
1º de iMat/1º CUATRI/PROBABILIDAD Y ESTADÍSTICA/EJERCICIOS/T3D-EJE-SOL/sE05T3_PRYES.ipynb,imat-practicas,curso-1/probabilidad-estadistica/EJERCICIOS/T3D-EJE-SOL/sE05T3_PRYES.ipynb,3a8e51658565110c8f22aca2707e90a85b723f7d9dff87c00a1e10437a1d00b0,incluido
1º de iMat/1º CUATRI/PROBABILIDAD Y ESTADÍSTICA/practica parcial diciembre/T1-EJE/E01T1_PRYES.ipynb,imat-practicas,curso-1/probabilidad-estadistica/practica parcial diciembre/T1-EJE/E01T1_PRYES.ipynb,d50824b3e532218e1dd78afd2fb9a6ece505e66863f8d399378b997c61a6baba,incluido
1º de iMat/1º CUATRI/PROBABILIDAD Y ESTADÍSTICA/practica parcial diciembre/T1-EJE/E02T1_PRYES.ipynb,imat-practicas,curso-1/probabilidad-estadistica/practica parcial diciembre/T1-EJE/E02T1_PRYES.ipynb,44f5368e9a2d6863af2364ebcc34b6ce628307a3ac292282e240cb58c8ec9681,incluido
1º de iMat/1º CUATRI/PROBABILIDAD Y ESTADÍSTICA/practica parcial diciembre/T1-EJE/E03T1_PRYES.ipynb,imat-practicas,curso-1/probabilidad-estadistica/practica parcial diciembre/T1-EJE/E03T1_PRYES.ipynb,bec96410c21d4fd1f29855c68119aff0c16893f3ebca2d09951e499d9c294e39,incluido
1º de iMat/1º CUATRI/PROBABILIDAD Y ESTADÍSTICA/practica parcial diciembre/T1-EJE/E04T1_PRYES.ipynb,imat-practicas,curso-1/probabilidad-estadistica/practica parcial diciembre/T1-EJE/E04T1_PRYES.ipynb,288fbe7e1850e95b3d7d69a7dd7003ea2dc1b5c2d365ab19fb6e4aaf4d47a212,incluido
1º de iMat/1º CUATRI/PROBABILIDAD Y ESTADÍSTICA/practica parcial diciembre/T1-EJE/E05T1_PRYES.ipynb,imat-practicas,curso-1/probabilidad-estadistica/practica parcial diciembre/T1-EJE/E05T1_PRYES.ipynb,c59937ebbf46c5312e2bc6f095f66536034473cdcf561f12027283a413fe16e5,incluido
1º de iMat/1º CUATRI/PROBABILIDAD Y ESTADÍSTICA/practica parcial diciembre/T1-EJE/E06T1_PRYES.ipynb,imat-practicas,curso-1/probabilidad-estadistica/practica parcial diciembre/T1-EJE/E06T1_PRYES.ipynb,f19e22d9d85646e8ae7c307bbbd40649996801f188c561616ca96e51685a928b,incluido
1º de iMat/1º CUATRI/PROBABILIDAD Y ESTADÍSTICA/practica parcial diciembre/T1-EJE/E07T1_PRYES.ipynb,imat-practicas,curso-1/probabilidad-estadistica/practica parcial diciembre/T1-EJE/E07T1_PRYES.ipynb,934c1240598e2e0d999eceaa3a6d2d06837123c5e171316c3a33838e90bb517e,incluido
1º de iMat/1º CUATRI/PROBABILIDAD Y ESTADÍSTICA/practica parcial diciembre/T1-EJE/E08T1_PRYES.ipynb,imat-practicas,curso-1/probabilidad-estadistica/practica parcial diciembre/T1-EJE/E08T1_PRYES.ipynb,749bf73f07777fe929d199523d26f3af4f9ac47ec1e25b34781b606e9c9cf98e,incluido
1º de iMat/1º CUATRI/PROBABILIDAD Y ESTADÍSTICA/practica parcial diciembre/T1-EJE/E09T1_PRYES.ipynb,imat-practicas,curso-1/probabilidad-estadistica/practica parcial diciembre/T1-EJE/E09T1_PRYES.ipynb,86870cdb3221246729b436c7c9d868ac15d143eaffab45453a1256a80a7945fb,incluido
1º de iMat/1º CUATRI/PROBABILIDAD Y ESTADÍSTICA/practica parcial diciembre/T2-EJE/E01T2_PRYES.ipynb,imat-practicas,curso-1/probabilidad-estadistica/practica parcial diciembre/T2-EJE/E01T2_PRYES.ipynb,15ab6033983db4b6253f7bbfb83acc8d124487979acb4826b4489a31004ab424,incluido
1º de iMat/1º CUATRI/PROBABILIDAD Y ESTADÍSTICA/practica parcial diciembre/T2-EJE/E02T2_PRYES.ipynb,imat-practicas,curso-1/probabilidad-estadistica/practica parcial diciembre/T2-EJE/E02T2_PRYES.ipynb,c9e593a313cc8dd82f7ffd94bc735ca545ff10d390c419dddab1b30c334701d0,incluido
1º de iMat/1º CUATRI/PROBABILIDAD Y ESTADÍSTICA/practica parcial diciembre/T2-EJE/E03T2_PRYES.ipynb,imat-practicas,curso-1/probabilidad-estadistica/practica parcial diciembre/T2-EJE/E03T2_PRYES.ipynb,e07ba4d1644dbc0fac6b53885e2f75f42935e0a5ddafa6a7a503102f650f5bd8,incluido
1º de iMat/1º CUATRI/PROBABILIDAD Y ESTADÍSTICA/practica parcial diciembre/T2-EJE/E04T2_PRYES.ipynb,imat-practicas,curso-1/probabilidad-estadistica/practica parcial diciembre/T2-EJE/E04T2_PRYES.ipynb,d3beea575a2907a341e05fd75fff13b8a481f40536a156c02a1b36bee1c5de3a,incluido
1º de iMat/1º CUATRI/PROBABILIDAD Y ESTADÍSTICA/practica parcial diciembre/T2-EJE-SOL/sE01T2_PRYES.ipynb,imat-practicas,curso-1/probabilidad-estadistica/practica parcial diciembre/T2-EJE-SOL/sE01T2_PRYES.ipynb,1f9791ee058b1b77657f6ae45c42d9aaebba1be47ee22f9dff8bafd939b1ca10,incluido
1º de iMat/1º CUATRI/PROBABILIDAD Y ESTADÍSTICA/practica parcial diciembre/T2-EJE-SOL/sE02T2_PRYES.ipynb,imat-practicas,curso-1/probabilidad-estadistica/practica parcial diciembre/T2-EJE-SOL/sE02T2_PRYES.ipynb,503d047be5dc3a5f0f8028f8cf98f5b3f18d7bc4497e3d210bcfa9d919e30102,incluido
1º de iMat/1º CUATRI/PROBABILIDAD Y ESTADÍSTICA/practica parcial diciembre/T2-EJE-SOL/sE03T2_PRYES.ipynb,imat-practicas,curso-1/probabilidad-estadistica/practica parcial diciembre/T2-EJE-SOL/sE03T2_PRYES.ipynb,af8adb27c2b7bffa56bfb7091fa8ef3acb8fe3a9c6c31d953a568b26304bffb3,incluido
1º de iMat/1º CUATRI/PROBABILIDAD Y ESTADÍSTICA/practica parcial diciembre/T2-EJE-SOL/sE04T2_PRYES.ipynb,imat-practicas,curso-1/probabilidad-estadistica/practica parcial diciembre/T2-EJE-SOL/sE04T2_PRYES.ipynb,89f340f09299d41709f73452e4930f2d46fa871e29706d381016cdc05ea05016,incluido
1º de iMat/1º CUATRI/PROBABILIDAD Y ESTADÍSTICA/practica parcial diciembre/T2-PRO/PB01T2_PRyES.ipynb,imat-practicas,curso-1/probabilidad-estadistica/practica parcial diciembre/T2-PRO/PB01T2_PRyES.ipynb,8e5a17639063d4ea579548a993fc2b5fdfea3b96221851d5a1f473bccef877c5,incluido
1º de iMat/1º CUATRI/PROBABILIDAD Y ESTADÍSTICA/practica parcial diciembre/T2-PRO/PB02T2_PRyES.ipynb,imat-practicas,curso-1/probabilidad-estadistica/practica parcial diciembre/T2-PRO/PB02T2_PRyES.ipynb,26b88466e4bba5831f5e180260826a74e6fda6642a44ac511dee7fc92060c8ac,incluido
1º de iMat/1º CUATRI/PROBABILIDAD Y ESTADÍSTICA/practica parcial diciembre/T2-PRO/PB03T2_PRYES.ipynb,imat-practicas,curso-1/probabilidad-estadistica/practica parcial diciembre/T2-PRO/PB03T2_PRYES.ipynb,c2fe52acbf66e38f344c451c2787d9cb5b07a6149c2f52dd5008dc420905faa1,incluido
1º de iMat/1º CUATRI/PROBABILIDAD Y ESTADÍSTICA/practica parcial diciembre/T2-PRO/PB04T2_PRyES.ipynb,imat-practicas,curso-1/probabilidad-estadistica/practica parcial diciembre/T2-PRO/PB04T2_PRyES.ipynb,9f9b2f0d525f0195c951c85a45cbb28d2f779100419602deda65ca7b0722a474,incluido
1º de iMat/1º CUATRI/PROBABILIDAD Y ESTADÍSTICA/practica parcial diciembre/T2-PROB-SOL/sPB01T2_PRyES.ipynb,imat-practicas,curso-1/probabilidad-estadistica/practica parcial diciembre/T2-PROB-SOL/sPB01T2_PRyES.ipynb,136569efbb8384efd7da198a540c9aeab6bfcb490e08173e3c64b9392a8a27b8,incluido
1º de iMat/1º CUATRI/PROBABILIDAD Y ESTADÍSTICA/practica parcial diciembre/T2-PROB-SOL/sPB02T2_PRyES.ipynb,imat-practicas,curso-1/probabilidad-estadistica/practica parcial diciembre/T2-PROB-SOL/sPB02T2_PRyES.ipynb,f12d8cc21472cc6227bf3e90d8b7b6a59603c7c72dea83464b822d0c2e3e76aa,incluido
1º de iMat/1º CUATRI/PROBABILIDAD Y ESTADÍSTICA/practica parcial diciembre/T2-PROB-SOL/sPB03T2_PRYES.ipynb,imat-practicas,curso-1/probabilidad-estadistica/practica parcial diciembre/T2-PROB-SOL/sPB03T2_PRYES.ipynb,a06f2a10ddc77149a35788f4d00916c6885250ad81a86273c4b99bd8407f2fea,incluido
1º de iMat/1º CUATRI/PROBABILIDAD Y ESTADÍSTICA/practica parcial diciembre/T2-PROB-SOL/sPB04T2_PRyES.ipynb,imat-practicas,curso-1/probabilidad-estadistica/practica parcial diciembre/T2-PROB-SOL/sPB04T2_PRyES.ipynb,3f8f3c9c6b7fd5475062d5dfc25d70b839c082457227adac2fffd8d4b9852663,incluido
1º de iMat/1º CUATRI/PROBABILIDAD Y ESTADÍSTICA/practica parcial diciembre/T3-PRO-SOL/sPB01T3_PRYES.ipynb,imat-practicas,curso-1/probabilidad-estadistica/practica parcial diciembre/T3-PRO-SOL/sPB01T3_PRYES.ipynb,b8c46ef6cc158556ddbd59b91cb545bcfd631446d301f7f095ece5e6fa10098c,incluido
1º de iMat/1º CUATRI/PROBABILIDAD Y ESTADÍSTICA/practica parcial diciembre/T3-PRO-SOL/sPB02T3_PRYES.ipynb,imat-practicas,curso-1/probabilidad-estadistica/practica parcial diciembre/T3-PRO-SOL/sPB02T3_PRYES.ipynb,71fea1e702d792a42d8099f89d665c057923c3c75a810b136093b928ebc9b989,incluido
1º de iMat/1º CUATRI/PROBABILIDAD Y ESTADÍSTICA/practica parcial diciembre/T3-PRO-SOL/sPB03T3_PRYES.ipynb,imat-practicas,curso-1/probabilidad-estadistica/practica parcial diciembre/T3-PRO-SOL/sPB03T3_PRYES.ipynb,de9f0b6e03bc1b028ddd24f7a25dd2a209e01bbde5e12c92a1fe880eedcc06ef,incluido
1º de iMat/1º CUATRI/PROBABILIDAD Y ESTADÍSTICA/practica parcial diciembre/T3-PRO-SOL/sPB04T3_PRyES.ipynb,imat-practicas,curso-1/probabilidad-estadistica/practica parcial diciembre/T3-PRO-SOL/sPB04T3_PRyES.ipynb,ea621dc4485c3529aeb9b829f59f0d61c89a84a3e5c0157919d269affc545f54,incluido
1º de iMat/1º CUATRI/PROBABILIDAD Y ESTADÍSTICA/practica parcial diciembre/T3-PRO-SOL/sPB05T3_PRYES.ipynb,imat-practicas,curso-1/probabilidad-estadistica/practica parcial diciembre/T3-PRO-SOL/sPB05T3_PRYES.ipynb,5d1a31b3b8c6735adb985ee0e2cd4e57729bfb2b45868b5e64708fb344f4eac8,incluido
1º de iMat/1º CUATRI/PROBABILIDAD Y ESTADÍSTICA/practica parcial diciembre/T3-PRO-SOL/sPB06T3_PRYES.ipynb,imat-practicas,curso-1/probabilidad-estadistica/practica parcial diciembre/T3-PRO-SOL/sPB06T3_PRYES.ipynb,954fc029ff70f22f48451afedf2d7e4bca1d182e45ddc7c321b5649366bbfcfe,incluido
1º de iMat/1º CUATRI/PROBABILIDAD Y ESTADÍSTICA/practica parcial diciembre/T3-PRO-SOL/sPB07T3_PRYES.ipynb,imat-practicas,curso-1/probabilidad-estadistica/practica parcial diciembre/T3-PRO-SOL/sPB07T3_PRYES.ipynb,89a8ed74a8c83e520a6cb80f4028f20eeb2c1bb986e08688faa48ed33bfd77c8,incluido
1º de iMat/1º CUATRI/PROBABILIDAD Y ESTADÍSTICA/practica parcial diciembre/T3C-EJE-SOL/sE01cT3_PRYES.ipynb,imat-practicas,curso-1/probabilidad-estadistica/practica parcial diciembre/T3C-EJE-SOL/sE01cT3_PRYES.ipynb,c0aa34bf75b5ae7fabeeb0f771228c8584631ca256967caceb9021509e65ee13,incluido
1º de iMat/1º CUATRI/PROBABILIDAD Y ESTADÍSTICA/practica parcial diciembre/T3C-EJE-SOL/sE02cT3_PRYES.ipynb,imat-practicas,curso-1/probabilidad-estadistica/practica parcial diciembre/T3C-EJE-SOL/sE02cT3_PRYES.ipynb,355132f8c82e5a6a54acab412ebd0260d3c362187602cd53f297d408778ea695,incluido
1º de iMat/1º CUATRI/PROBABILIDAD Y ESTADÍSTICA/practica parcial diciembre/T3C-EJE-SOL/sE03cT3_PRYES.ipynb,imat-practicas,curso-1/probabilidad-estadistica/practica parcial diciembre/T3C-EJE-SOL/sE03cT3_PRYES.ipynb,fc8c31d2307aaad268cced00f89b5bb3311dff31080b6fcfef6b156e80403dc7,incluido
1º de iMat/1º CUATRI/PROBABILIDAD Y ESTADÍSTICA/practica parcial diciembre/T3C-EJE-SOL/sE04cT3_PRYES.ipynb,imat-practicas,curso-1/probabilidad-estadistica/practica parcial diciembre/T3C-EJE-SOL/sE04cT3_PRYES.ipynb,11351c8957771c18dc7127bfd700ca9fbf96b3aef146c1f088dfd60639815fd7,incluido
1º de iMat/1º CUATRI/PROBABILIDAD Y ESTADÍSTICA/practica parcial diciembre/T3D-EJE-SOL/sE01T3_PRYES.ipynb,imat-practicas,curso-1/probabilidad-estadistica/practica parcial diciembre/T3D-EJE-SOL/sE01T3_PRYES.ipynb,e894767eaf21c82402c2dd63f6bf6127cd2f0d95f246299aafa4d52880ff44d6,incluido
1º de iMat/1º CUATRI/PROBABILIDAD Y ESTADÍSTICA/practica parcial diciembre/T3D-EJE-SOL/sE02T3_PRYES.ipynb,imat-practicas,curso-1/probabilidad-estadistica/practica parcial diciembre/T3D-EJE-SOL/sE02T3_PRYES.ipynb,b188e7542b4f75305f8bfd52e227536f78726af986d7a7bb4340fd6758fa95f9,incluido
1º de iMat/1º CUATRI/PROBABILIDAD Y ESTADÍSTICA/practica parcial diciembre/T3D-EJE-SOL/sE03T3_PRYES.ipynb,imat-practicas,curso-1/probabilidad-estadistica/practica parcial diciembre/T3D-EJE-SOL/sE03T3_PRYES.ipynb,b8a263b99b52a71f1734c75eee424743015e1c3b195fb84dac3f268e7beb8f36,incluido
1º de iMat/1º CUATRI/PROBABILIDAD Y ESTADÍSTICA/practica parcial diciembre/T3D-EJE-SOL/sE04T3_PRYES.ipynb,imat-practicas,curso-1/probabilidad-estadistica/practica parcial diciembre/T3D-EJE-SOL/sE04T3_PRYES.ipynb,d34afa3c0fe3173eaf708039b2c87f400b649bb1d6f9d52fc573ee4d7e4a7ad8,incluido
1º de iMat/1º CUATRI/PROBABILIDAD Y ESTADÍSTICA/practica parcial diciembre/T3D-EJE-SOL/sE05T3_PRYES.ipynb,imat-practicas,curso-1/probabilidad-estadistica/practica parcial diciembre/T3D-EJE-SOL/sE05T3_PRYES.ipynb,3a8e51658565110c8f22aca2707e90a85b723f7d9dff87c00a1e10437a1d00b0,incluido
1º de iMat/1º CUATRI/PROBABILIDAD Y ESTADÍSTICA/practica parcial diciembre/T3MD-EJE-SOL/sE01dT3M_PRYES.ipynb,imat-practicas,curso-1/probabilidad-estadistica/practica parcial diciembre/T3MD-EJE-SOL/sE01dT3M_PRYES.ipynb,30762187d71d934d79768f5d5dff1f4c9e9de41ce811e82a5b65ae14c0cd2411,incluido
1º de iMat/1º CUATRI/PROBABILIDAD Y ESTADÍSTICA/practica parcial diciembre/T3MD-EJE-SOL/sE02dT3M_PRYES.ipynb,imat-practicas,curso-1/probabilidad-estadistica/practica parcial diciembre/T3MD-EJE-SOL/sE02dT3M_PRYES.ipynb,46ce3985edf7bfe229c7f7eceb62d0f5da809bebca9a6882054fd1eca1df2139,incluido
1º de iMat/1º CUATRI/PROBABILIDAD Y ESTADÍSTICA/practica parcial diciembre/T3MD-EJE-SOL/sE03dT3M_PRYES.ipynb,imat-practicas,curso-1/probabilidad-estadistica/practica parcial diciembre/T3MD-EJE-SOL/sE03dT3M_PRYES.ipynb,50fd44a1bb4e6220d63c009d76d6546a6f67468442ef35dc552b0944ffe592d1,incluido
1º de iMat/1º CUATRI/PROGRAMACIÓN/Untitled.ipynb,imat-practicas,curso-1/programacion/Untitled.ipynb,24dc596ed1aecff888b5c0c31c7ed73962a080203e64ef499e8c4ae80b6ca37c,incluido
1º de iMat/1º CUATRI/PROGRAMACIÓN/examen recuperacion/main.py.py,imat-practicas,curso-1/programacion/examen recuperacion/main.py.py,ddebe1cc3e408c4b6740b14823bbce08c363a35877fe61aba67b8b1c1083bc09,incluido
1º de iMat/1º CUATRI/PROGRAMACIÓN/FINAL PROGRA/main.py,imat-practicas,curso-1/programacion/FINAL PROGRA/main.py,69d49a00c6ccb7560267d9b3170e8f201e84667dd944d3d3406b9732640ea706,excluido: sintaxis incompleta
1º de iMat/1º CUATRI/PROGRAMACIÓN/practica final/lista_enlazada_1.0.py,imat-practicas,curso-1/programacion/practica final/lista_enlazada_1.0.py,1ee58000d351fdf623983106f98068d90487417a278187efd0d55cd3df334bb3,incluido
1º de iMat/1º CUATRI/PROGRAMACIÓN/practica final/prueba1.ipynb,imat-practicas,curso-1/programacion/practica final/prueba1.ipynb,1e87b4e95ea541963ca9a9ed6f7a3a77c08051ac37875519394d736e75bb4116,incluido
1º de iMat/1º CUATRI/PROGRAMACIÓN/practica final/algoritmos/a-Insertion_selectionSort.py,imat-practicas,curso-1/programacion/practica final/algoritmos/a-Insertion_selectionSort.py,f450ea71976b36dc4648a8811ee35e5c4d87a8ad21c57e288bf04bb654019a38,incluido
1º de iMat/1º CUATRI/PROGRAMACIÓN/practica final/algoritmos/b-bubble.py,imat-practicas,curso-1/programacion/practica final/algoritmos/b-bubble.py,a1831737c7eab39560d6b1b666825f76ba203478ccb57e5f4b1d34131f90d872,incluido
1º de iMat/1º CUATRI/PROGRAMACIÓN/practica final/algoritmos/c-shaker.py,imat-practicas,curso-1/programacion/practica final/algoritmos/c-shaker.py,0a91c8c6b454f3f9af478ece63171955e4e8fe372b4ddef13ceb9bef84488ee3,incluido
1º de iMat/1º CUATRI/PROGRAMACIÓN/practica final/algoritmos/d-ShellSort.py,imat-practicas,curso-1/programacion/practica final/algoritmos/d-ShellSort.py,efb5b0ee3d612e3d453cadc6a7a341284672fbac97dc48414de3c2f4dcb92d13,incluido
1º de iMat/1º CUATRI/PROGRAMACIÓN/practica final/algoritmos/e-QuickSort.py,imat-practicas,curso-1/programacion/practica final/algoritmos/e-QuickSort.py,4c2b56c437a9822fd3d0be73249af3fae7bffce320c94a0e5b72e1e0a08bc772,incluido
1º de iMat/1º CUATRI/PROGRAMACIÓN/practica final/algoritmos/f-BucketSort.py,imat-practicas,curso-1/programacion/practica final/algoritmos/f-BucketSort.py,91a81bfedb64869d5f8cf7001335269d1565feec7bcfae5ade238c65baa1b259,incluido
1º de iMat/1º CUATRI/PROGRAMACIÓN/practica final/algoritmos/f-BucketSort2.py,imat-practicas,curso-1/programacion/practica final/algoritmos/f-BucketSort2.py,f3f231dab27f4028bd6042bcbaf9fec1c7686cbca0e3a8f42e96a858982096e5,incluido
1º de iMat/1º CUATRI/PROGRAMACIÓN/practica final/algoritmos/g-CountSort.py,imat-practicas,curso-1/programacion/practica final/algoritmos/g-CountSort.py,b1463c8bc21333a8940195fd046c509512127fad389456273b08f68bc6519cb5,incluido
1º de iMat/1º CUATRI/PROGRAMACIÓN/practica final/algoritmos/h-RadixSort.py,imat-practicas,curso-1/programacion/practica final/algoritmos/h-RadixSort.py,01a6f4a8199a318e632c9d360a2b695c83dd2ec305fd2a4e91e714683b1b20ff,incluido
1º de iMat/1º CUATRI/PROGRAMACIÓN/practica final/algoritmos/preubaaaa.py,imat-practicas,curso-1/programacion/practica final/algoritmos/preubaaaa.py,da6725d94f30d465783d89fb18461cc7b402963cc93c88d15a2673d5e43af6df,incluido
1º de iMat/1º CUATRI/PROGRAMACIÓN/practica final/algoritmos/prueba.ipynb,imat-practicas,curso-1/programacion/practica final/algoritmos/prueba.ipynb,759a8cb807770ed4d40526229f8bc4b7c122126af3d9dd2346e6ea37799c8548,incluido
1º de iMat/1º CUATRI/PROGRAMACIÓN/practica final/algoritmos/solfinal.ipynb,imat-practicas,curso-1/programacion/practica final/algoritmos/solfinal.ipynb,d190bd120eee6957654194606b2de423160f108fb5e40f582902c78367c89272,incluido
1º de iMat/1º CUATRI/PROGRAMACIÓN/practica final/soluciones/06.estructurada-piedra.ipynb,imat-practicas,curso-1/programacion/practica final/soluciones/06.estructurada-piedra.ipynb,8a15e460bb08880fdcde3c65a369831921bb04b667cbcc16de13bb34a21c86f1,incluido
1º de iMat/1º CUATRI/PROGRAMACIÓN/practica final/soluciones/1.ipynb,imat-practicas,curso-1/programacion/practica final/soluciones/1.ipynb,df0280abbd7576b8ede0e12171b45a3b25f8af3b421dc3d5f747a03198533255,incluido
1º de iMat/1º CUATRI/PROGRAMACIÓN/practica final/soluciones/1.py,imat-practicas,curso-1/programacion/practica final/soluciones/1.py,e3b0c44298fc1c149afbf4c8996fb92427ae41e4649b934ca495991b7852b855,incluido
1º de iMat/1º CUATRI/PROGRAMACIÓN/practica final/soluciones/2.ipynb,imat-practicas,curso-1/programacion/practica final/soluciones/2.ipynb,44a4d6be9cdcf68528610bae8e2272b6ca5b19691469078e6eaa079f991953bc,incluido
1º de iMat/1º CUATRI/PROGRAMACIÓN/practica final/soluciones/2022-23 Prueba Intersemestral Programación - Solución.ipynb,imat-practicas,curso-1/programacion/practica final/soluciones/2022-23 Prueba Intersemestral Programación - Solución.ipynb,aa0f6d047ab764c9aa2b680ad28fa109261b034302f370a005b23b729897ed51,incluido
1º de iMat/1º CUATRI/PROGRAMACIÓN/practica final/soluciones/2023-24 Prueba Intersemestral Programación - Solución.ipynb,imat-practicas,curso-1/programacion/practica final/soluciones/2023-24 Prueba Intersemestral Programación - Solución.ipynb,b94208a45cf8f2a9b135b3e23d7df5636e1462ada6296e43afbc17de755ef6c5,incluido
1º de iMat/1º CUATRI/PROGRAMACIÓN/practica final/soluciones/crear_fichero_5letras.py,imat-practicas,curso-1/programacion/practica final/soluciones/crear_fichero_5letras.py,bea0507e52666a95d9435e0824571716d540a2c05aa5f872aa4100f294f7b734,incluido
1º de iMat/1º CUATRI/PROGRAMACIÓN/practica final/soluciones/main.py,imat-practicas,curso-1/programacion/practica final/soluciones/main.py,f840950b0b37618e81ab17a3e9a55801a61851e8352b0d4deb408e9c64ed7ed0,incluido
1º de iMat/1º CUATRI/PROGRAMACIÓN/practica final/soluciones/recu.ipynb,imat-practicas,curso-1/programacion/practica final/soluciones/recu.ipynb,c03a060c81a4acd16529407bfdfe49baeaa547d2ef4d44586f7a812c6bb3871c,incluido
1º de iMat/1º CUATRI/PROGRAMACIÓN/practica final/soluciones/soluciones/chuleta22.py,imat-practicas,curso-1/programacion/practica final/soluciones/soluciones/chuleta22.py,b45d5522e5462a9c77f19462287b4af080754c748b5f5063102dc42e30ff3a3e,incluido
1º de iMat/1º CUATRI/PROGRAMACIÓN/practica final/soluciones/soluciones/dicc23.ipynb,imat-practicas,curso-1/programacion/practica final/soluciones/soluciones/dicc23.ipynb,77e35513402546b68e6f8944d7e6e8593a00f0cb679de7dc1ba1c19d202d7103,incluido
1º de iMat/1º CUATRI/PROGRAMACIÓN/practica final/soluciones/soluciones/dicc23.py,imat-practicas,curso-1/programacion/practica final/soluciones/soluciones/dicc23.py,e3b0c44298fc1c149afbf4c8996fb92427ae41e4649b934ca495991b7852b855,incluido
1º de iMat/1º CUATRI/PROGRAMACIÓN/practica final/soluciones/soluciones/ejercicio_1_sol.ipynb,imat-practicas,curso-1/programacion/practica final/soluciones/soluciones/ejercicio_1_sol.ipynb,50516435855c8804dd231a90a278461c890750622fc5d775f78111a8b2411b80,incluido
1º de iMat/1º CUATRI/PROGRAMACIÓN/practica final/soluciones/soluciones/ejercicio_10_sol.ipynb,imat-practicas,curso-1/programacion/practica final/soluciones/soluciones/ejercicio_10_sol.ipynb,4b9afd7e3f45ec3fea49c8c1a72b24f03ac2ac9c7030a3e46566180e4dcf3ee4,incluido
1º de iMat/1º CUATRI/PROGRAMACIÓN/practica final/soluciones/soluciones/ejercicio_11_sol.ipynb,imat-practicas,curso-1/programacion/practica final/soluciones/soluciones/ejercicio_11_sol.ipynb,d9b58089dc12dd4e1fd1ce097affbf3a59fb40d1b1b47903f53b55f541ba4b2e,incluido
1º de iMat/1º CUATRI/PROGRAMACIÓN/practica final/soluciones/soluciones/ejercicio_12_sol.ipynb,imat-practicas,curso-1/programacion/practica final/soluciones/soluciones/ejercicio_12_sol.ipynb,1881bb463b849e457ba41e958dd2bfaf00abe43a2330372e7d5697d022bcb685,incluido
1º de iMat/1º CUATRI/PROGRAMACIÓN/practica final/soluciones/soluciones/ejercicio_13_sol.ipynb,imat-practicas,curso-1/programacion/practica final/soluciones/soluciones/ejercicio_13_sol.ipynb,70741b983e0d7e6887651439e512e6e8a09835e9d921b33d1e7297a8109e61e4,incluido
1º de iMat/1º CUATRI/PROGRAMACIÓN/practica final/soluciones/soluciones/ejercicio_14_sol.ipynb,imat-practicas,curso-1/programacion/practica final/soluciones/soluciones/ejercicio_14_sol.ipynb,5cb4646211d8c1e46f527d865e22680f63e29defbbe770c04213bea0172ceee4,incluido
1º de iMat/1º CUATRI/PROGRAMACIÓN/practica final/soluciones/soluciones/ejercicio_15_sol.ipynb,imat-practicas,curso-1/programacion/practica final/soluciones/soluciones/ejercicio_15_sol.ipynb,e18acebcad633d02948014e3800124c6eecf47d010add283b12e44119563e208,incluido
1º de iMat/1º CUATRI/PROGRAMACIÓN/practica final/soluciones/soluciones/ejercicio_16_sol.ipynb,imat-practicas,curso-1/programacion/practica final/soluciones/soluciones/ejercicio_16_sol.ipynb,5e4095474f75993326e849fa44c2d446eff1694222b51d3a2bcdc78e23cf4c36,incluido
1º de iMat/1º CUATRI/PROGRAMACIÓN/practica final/soluciones/soluciones/ejercicio_17_sol.ipynb,imat-practicas,curso-1/programacion/practica final/soluciones/soluciones/ejercicio_17_sol.ipynb,2f0fc9930be0d7e9179bc07090bb1980c1fa8b7c0f36dd67c5fc9b89db5d3a25,incluido
1º de iMat/1º CUATRI/PROGRAMACIÓN/practica final/soluciones/soluciones/ejercicio_18_sol.ipynb,imat-practicas,curso-1/programacion/practica final/soluciones/soluciones/ejercicio_18_sol.ipynb,0feb4253f830334fc8a05f7d095a7b5b81699ab7e6fd03b6f66dc97d4545bdc0,incluido
1º de iMat/1º CUATRI/PROGRAMACIÓN/practica final/soluciones/soluciones/ejercicio_19_sol.ipynb,imat-practicas,curso-1/programacion/practica final/soluciones/soluciones/ejercicio_19_sol.ipynb,97c9c051df2cd3247e2d44c468abc9ae96b6b4d63e7d50dcd0c124add049bdbb,incluido
1º de iMat/1º CUATRI/PROGRAMACIÓN/practica final/soluciones/soluciones/ejercicio_2_sol.ipynb,imat-practicas,curso-1/programacion/practica final/soluciones/soluciones/ejercicio_2_sol.ipynb,171dc68008385390eaab225b45a3e6b17ffd6092928582a56392c4c1d14a190d,incluido
1º de iMat/1º CUATRI/PROGRAMACIÓN/practica final/soluciones/soluciones/ejercicio_20_sol.ipynb,imat-practicas,curso-1/programacion/practica final/soluciones/soluciones/ejercicio_20_sol.ipynb,2c21ef7ae53eca842bd22f0d3a08a47ba8918ffa02fdc4755790adefb5885e44,incluido
1º de iMat/1º CUATRI/PROGRAMACIÓN/practica final/soluciones/soluciones/ejercicio_21_sol.ipynb,imat-practicas,curso-1/programacion/practica final/soluciones/soluciones/ejercicio_21_sol.ipynb,5d12b8d16d8efcf25d5fc0445729d064cd6ba120e04fbfadf3ecd04a89a8c319,incluido
1º de iMat/1º CUATRI/PROGRAMACIÓN/practica final/soluciones/soluciones/ejercicio_22_sol.ipynb,imat-practicas,curso-1/programacion/practica final/soluciones/soluciones/ejercicio_22_sol.ipynb,3f073bce5bf863f981e5d8b4e40bbefc31bf128e9de6f24883edba0ebe4cf590,incluido
1º de iMat/1º CUATRI/PROGRAMACIÓN/practica final/soluciones/soluciones/ejercicio_23_sol.ipynb,imat-practicas,curso-1/programacion/practica final/soluciones/soluciones/ejercicio_23_sol.ipynb,ebf4b90520a7aa87f67388b10523a4df7b2a4be65089817b7bc7f85667d40138,incluido
1º de iMat/1º CUATRI/PROGRAMACIÓN/practica final/soluciones/soluciones/ejercicio_3_sol.ipynb,imat-practicas,curso-1/programacion/practica final/soluciones/soluciones/ejercicio_3_sol.ipynb,757294fe1e1a4814278877d68694636a75e18dbab8a1ea9ef797b7c9c0715a1e,incluido
1º de iMat/1º CUATRI/PROGRAMACIÓN/practica final/soluciones/soluciones/ejercicio_4_sol.ipynb,imat-practicas,curso-1/programacion/practica final/soluciones/soluciones/ejercicio_4_sol.ipynb,949cdae1d526b9347b87c694c42402d4f4013df8f1430dbf0c91f95efbd2d6b3,incluido
1º de iMat/1º CUATRI/PROGRAMACIÓN/practica final/soluciones/soluciones/ejercicio_5_sol.ipynb,imat-practicas,curso-1/programacion/practica final/soluciones/soluciones/ejercicio_5_sol.ipynb,3a9728cd9a7b6f07a9ea539075cd6e758fb837c77368b0be6dcdaefe696c8d75,incluido
1º de iMat/1º CUATRI/PROGRAMACIÓN/practica final/soluciones/soluciones/ejercicio_6_sol.ipynb,imat-practicas,curso-1/programacion/practica final/soluciones/soluciones/ejercicio_6_sol.ipynb,45706d7b20b5ee73d96afbb0ef4080e2a864d5fa2f95820ea1f27ce9adebeb64,incluido
1º de iMat/1º CUATRI/PROGRAMACIÓN/practica final/soluciones/soluciones/ejercicio_7_sol.ipynb,imat-practicas,curso-1/programacion/practica final/soluciones/soluciones/ejercicio_7_sol.ipynb,41eb65a6673ac3c03988f427a90730f7dc57ad6ff2e5149d2089ad9433aded78,incluido
1º de iMat/1º CUATRI/PROGRAMACIÓN/practica final/soluciones/soluciones/ejercicio_8_sol.ipynb,imat-practicas,curso-1/programacion/practica final/soluciones/soluciones/ejercicio_8_sol.ipynb,01dd01da66eb8bc66fedf5aabde22f856a39f8e38dce442ee8b83d1397b91e18,incluido
1º de iMat/1º CUATRI/PROGRAMACIÓN/practica final/soluciones/soluciones/ejercicio_9_sol.ipynb,imat-practicas,curso-1/programacion/practica final/soluciones/soluciones/ejercicio_9_sol.ipynb,0d9d963550f72ea6d2bc9bf8a30bfb5fb2415558b53ae5069aa85ae2f5b6114e,incluido
1º de iMat/1º CUATRI/PROGRAMACIÓN/practica final/soluciones/soluciones/ejercicio_clase1.ipynb,imat-practicas,curso-1/programacion/practica final/soluciones/soluciones/ejercicio_clase1.ipynb,ef1747c77d8456112b7412d599d51500fdeb6e89a475946168daf1f59e8b9f70,incluido
1º de iMat/1º CUATRI/PROGRAMACIÓN/practica final/soluciones/soluciones/recuu22.ipynb,imat-practicas,curso-1/programacion/practica final/soluciones/soluciones/recuu22.ipynb,2479bbdb08c539f2245bb39a917d4b387ba3a8bbd7ca46d8c53a7cd80b9122cc,incluido
1º de iMat/1º CUATRI/PROGRAMACIÓN/practica final/soluciones/soluciones/recuu22.py,imat-practicas,curso-1/programacion/practica final/soluciones/soluciones/recuu22.py,e3b0c44298fc1c149afbf4c8996fb92427ae41e4649b934ca495991b7852b855,incluido
1º de iMat/1º CUATRI/PROGRAMACIÓN/Practica inter/04.calculadora.ipynb,imat-practicas,curso-1/programacion/Practica inter/04.calculadora.ipynb,e72def975cdab3c78270fd20ea1e3867ac2a975d45e359af09678da8e04ada07,incluido
1º de iMat/1º CUATRI/PROGRAMACIÓN/Practica inter/05. Mini Práctica String.ipynb,imat-practicas,curso-1/programacion/Practica inter/05. Mini Práctica String.ipynb,314c4fc6b58861670e22befb0038ff9d0b243cfb9898c8247952dc3f86335bb8,incluido
1º de iMat/1º CUATRI/PROGRAMACIÓN/proyecto final progra/proyecto nuevo/jugador.py,imat-practicas,curso-1/programacion/proyecto final progra/proyecto nuevo/jugador.py,bc2f9af29cebeb0e2a16c36218a400e47e6f06394b7197c0d8f2e66e095682bb,incluido
1º de iMat/1º CUATRI/PROGRAMACIÓN/proyecto final progra/proyecto nuevo/main1.py,imat-practicas,curso-1/programacion/proyecto final progra/proyecto nuevo/main1.py,6037280b04fd0e0aab7e94b08abb6b74aae0fba3fcced9e210dc1f8f48f6f54a,incluido
1º de iMat/1º CUATRI/PROGRAMACIÓN/proyecto final progra/proyecto nuevo/partida.py,imat-practicas,curso-1/programacion/proyecto final progra/proyecto nuevo/partida.py,14842102a19b1d682fddf8aeec11aaab6c91698b7cb513699d01a5a0d67b896e,incluido
1º de iMat/1º CUATRI/PROGRAMACIÓN/proyecto final progra/proyecto nuevo/registro.py,imat-practicas,curso-1/programacion/proyecto final progra/proyecto nuevo/registro.py,aa152c0014446c70c73432fdd223faeffa97182b09c43c7379cf8d31c18c481e,incluido
1º de iMat/1º CUATRI/PROGRAMACIÓN/proyecto final progra/proyecto nuevo/tablero.py,imat-practicas,curso-1/programacion/proyecto final progra/proyecto nuevo/tablero.py,d1a049cd9b2fcb69a1158bf6cebba4bf7609d4ee98b41d991b8a6362fe6112b4,incluido
1º de iMat/1º CUATRI/PROGRAMACIÓN/proyecto final progra/proyecto nuevo/test.py,imat-practicas,curso-1/programacion/proyecto final progra/proyecto nuevo/test.py,e3b0c44298fc1c149afbf4c8996fb92427ae41e4649b934ca495991b7852b855,incluido
1º de iMat/1º CUATRI/PROGRAMACIÓN/PRÁCTICAS/GITHUB/programacion-imat/.gitignore,imat-practicas,curso-1/programacion/PRÁCTICAS/GITHUB/programacion-imat/.gitignore,00121c62c0818f7cc73d83db5b6e919bb0b04f9cfaf62f133b9aff07be10669c,incluido
1º de iMat/1º CUATRI/PROGRAMACIÓN/PRÁCTICAS/GITHUB/programacion-imat/README.md,imat-practicas,curso-1/programacion/PRÁCTICAS/GITHUB/programacion-imat/README.md,dd2d2ecdf2123085fb974570e8f6072ebef7f14799c31a6273ac36ea3bda5630,incluido
1º de iMat/1º CUATRI/PROGRAMACIÓN/PRÁCTICAS/GITHUB/programacion-imat/ejemplos_clase/00.ejemploCalculadora/Ejemplo de clase Calculadora Python.ipynb,imat-practicas,curso-1/programacion/PRÁCTICAS/GITHUB/programacion-imat/ejemplos_clase/00.ejemploCalculadora/Ejemplo de clase Calculadora Python.ipynb,d945f66127714f850162ca48ff476f72d65604aba3b6f2f6a82671458131a8e8,incluido
1º de iMat/1º CUATRI/PROGRAMACIÓN/PRÁCTICAS/GITHUB/programacion-imat/ejemplos_clase/02.python/primer_codigo_python.ipynb,imat-practicas,curso-1/programacion/PRÁCTICAS/GITHUB/programacion-imat/ejemplos_clase/02.python/primer_codigo_python.ipynb,fbfa09a56a5da8f0c71847f20ae474de8e95a5bdaa6822d59f222f7b43e7cc70,incluido
1º de iMat/1º CUATRI/PROGRAMACIÓN/PRÁCTICAS/GITHUB/programacion-imat/ejemplos_clase/04.tipos_datos/Ejemplos en clase del Tema 4.ipynb,imat-practicas,curso-1/programacion/PRÁCTICAS/GITHUB/programacion-imat/ejemplos_clase/04.tipos_datos/Ejemplos en clase del Tema 4.ipynb,5d1207bd1522b4c439e2b04de8099ac9de3ff65c93a7f1721f0fbde085f82648,incluido
1º de iMat/1º CUATRI/PROGRAMACIÓN/PRÁCTICAS/GITHUB/programacion-imat/ejemplos_clase/04.tipos_datos/Otro ejemplo nuevo.ipynb,imat-practicas,curso-1/programacion/PRÁCTICAS/GITHUB/programacion-imat/ejemplos_clase/04.tipos_datos/Otro ejemplo nuevo.ipynb,77bf8f70194a4cee19a695f294f38d0060eea84c143268573a7d9d0eb84e3514,incluido
1º de iMat/1º CUATRI/PROGRAMACIÓN/PRÁCTICAS/GITHUB/programacion-imat/innovacion_docente/02. I+D. Bloques a Programación - solucion.ipynb,imat-practicas,curso-1/programacion/PRÁCTICAS/GITHUB/programacion-imat/innovacion_docente/02. I+D. Bloques a Programación - solucion.ipynb,b650fe0c2ebbaa19e9b74054be8da5e30dc177fd39af5e8163715433bd09183f,incluido
1º de iMat/1º CUATRI/PROGRAMACIÓN/PRÁCTICAS/GITHUB/programacion-imat/innovacion_docente/02. I+D. Bloques a Programación.ipynb,imat-practicas,curso-1/programacion/PRÁCTICAS/GITHUB/programacion-imat/innovacion_docente/02. I+D. Bloques a Programación.ipynb,51e3f0927fde1f19a0dcc1085d4cfea83a31fba4e22ae7e1d54d79c50f6c2f10,incluido
1º de iMat/1º CUATRI/PROGRAMACIÓN/PRÁCTICAS/GITHUB/programacion-imat/mini_practicas/01.binario/01. Mini Práctica 1. Binario.ipynb,imat-practicas,curso-1/programacion/PRÁCTICAS/GITHUB/programacion-imat/mini_practicas/01.binario/01. Mini Práctica 1. Binario.ipynb,0a141733f86c020cf6db76b6c3d9082e622d111a7b3fd493bd4d92fe82e8ef69,incluido
1º de iMat/1º CUATRI/PROGRAMACIÓN/PRÁCTICAS/GITHUB/programacion-imat/practicas/01.scratch/01.scratch.ipynb,imat-practicas,curso-1/programacion/PRÁCTICAS/GITHUB/programacion-imat/practicas/01.scratch/01.scratch.ipynb,11312a432423037f8f156c6a5153ae75b67c31a36f5e824cbf12575830e65d2b,incluido
1º de iMat/1º CUATRI/PROGRAMACIÓN/PRÁCTICAS/GITHUB/programacion-imat/practicas/01.scratch/README.md,imat-practicas,curso-1/programacion/PRÁCTICAS/GITHUB/programacion-imat/practicas/01.scratch/README.md,2c929d3eddec8e34b5979a1b8c005862f9803cad51ae9b84c7b0732a8ef0f639,incluido
1º de iMat/1º CUATRI/PROGRAMACIÓN/PRÁCTICAS/GITHUB/programacion-imat/practicas/02.bloques_python/02.bloques_a_python-solucion.ipynb,imat-practicas,curso-1/programacion/PRÁCTICAS/GITHUB/programacion-imat/practicas/02.bloques_python/02.bloques_a_python-solucion.ipynb,6f35b7a10efce402e77aaeee1315dacf6d6227593cb2634dbf378b422a01d449,incluido
1º de iMat/1º CUATRI/PROGRAMACIÓN/PRÁCTICAS/GITHUB/programacion-imat/practicas/02.bloques_python/README.md,imat-practicas,curso-1/programacion/PRÁCTICAS/GITHUB/programacion-imat/practicas/02.bloques_python/README.md,c8a8b6b33e17bf5d98b9291302f64751f085964286c15590fbb3b522fdd0ddd0,incluido
1º de iMat/1º CUATRI/PROGRAMACIÓN/PRÁCTICAS/GITHUB/programacion-imat/practicas/03.bucles_condicionales/03.bucles_condicionales-solucion.ipynb,imat-practicas,curso-1/programacion/PRÁCTICAS/GITHUB/programacion-imat/practicas/03.bucles_condicionales/03.bucles_condicionales-solucion.ipynb,05152c9928450113ca5648c6dcbb2415d12d3231dc412e8ab2edff689b1dd738,incluido
1º de iMat/1º CUATRI/PROGRAMACIÓN/PRÁCTICAS/GITHUB/programacion-imat/practicas/03.bucles_condicionales/03.bucles_condicionales.ipynb,imat-practicas,curso-1/programacion/PRÁCTICAS/GITHUB/programacion-imat/practicas/03.bucles_condicionales/03.bucles_condicionales.ipynb,bc297734959194462cadaf2a8121ace55b552f062cb125496f615cec9c5c06ea,incluido
1º de iMat/1º CUATRI/PROGRAMACIÓN/PRÁCTICAS/GITHUB/programacion-imat/practicas/04.tipos_datos_calculadora/04.calculadora.ipynb,imat-practicas,curso-1/programacion/PRÁCTICAS/GITHUB/programacion-imat/practicas/04.tipos_datos_calculadora/04.calculadora.ipynb,fa6c929d5ccfca54067bdc557614247ec346e576e8cb96be21e813e0d65c8381,incluido
1º de iMat/1º CUATRI/PROGRAMACIÓN/PRÁCTICAS/GITHUB/programacion-imat/refuerzo/03.bucles/01. Refuerzo de bucles - solucion.ipynb,imat-practicas,curso-1/programacion/PRÁCTICAS/GITHUB/programacion-imat/refuerzo/03.bucles/01. Refuerzo de bucles - solucion.ipynb,6d58ea06303d38997bd8c8c15530b7c797257aedbde2e4f6b5450b6d812cb059,incluido
1º de iMat/1º CUATRI/PROGRAMACIÓN/PRÁCTICAS/GITHUB/programacion-imat/refuerzo/03.bucles/01. Refuerzo de bucles.ipynb,imat-practicas,curso-1/programacion/PRÁCTICAS/GITHUB/programacion-imat/refuerzo/03.bucles/01. Refuerzo de bucles.ipynb,bfd849423a8740be19012fbe947349d36a65f1cffc3ad9d94120dc4ea7f1b61e,incluido
1º de iMat/1º CUATRI/PROGRAMACIÓN/PRÁCTICAS/GITHUB/programacion-imat/retos/01.bucles/reto01.bucles-solucion.ipynb,imat-practicas,curso-1/programacion/PRÁCTICAS/GITHUB/programacion-imat/retos/01.bucles/reto01.bucles-solucion.ipynb,ff97a75f19601a9b5af21f8220011bf206c1178cfed4e657d7b752dfb6476928,incluido
1º de iMat/1º CUATRI/PROGRAMACIÓN/PRÁCTICAS/GITHUB/programacion-imat/retos/01.bucles/reto01.bucles.ipynb,imat-practicas,curso-1/programacion/PRÁCTICAS/GITHUB/programacion-imat/retos/01.bucles/reto01.bucles.ipynb,5bd4ccd2f513e08874cc34f3efdacc4d2573d2840e697dde9e73fa0251fc91a7,incluido
1º de iMat/1º CUATRI/PROGRAMACIÓN/PRÁCTICAS/GITHUB/programacion-imat/retos/02.programacion_papel/Reto 2. Bucles y condicionales en papel.ipynb,imat-practicas,curso-1/programacion/PRÁCTICAS/GITHUB/programacion-imat/retos/02.programacion_papel/Reto 2. Bucles y condicionales en papel.ipynb,cab59347b32ef574ec2d9805852bfc06449cc582301ff526271af24edaf45be1,incluido
1º de iMat/1º CUATRI/PROGRAMACIÓN/PRÁCTICAS/main.py/Untitled-1.py,imat-practicas,curso-1/programacion/PRÁCTICAS/main.py/Untitled-1.py,67d953ebf6801bc52edc685915fa5e567fae59616af5e523c86f168485837f1a,incluido
1º de iMat/1º CUATRI/PROGRAMACIÓN/PRÁCTICAS/Plantillas de Prácticas/03.bucles_condicionales.ipynb,imat-practicas,curso-1/programacion/PRÁCTICAS/Plantillas de Prácticas/03.bucles_condicionales.ipynb,f469e0b0620854c0caf1cc08832a24199d6275b9d6132c54df54ba96b426eded,incluido
1º de iMat/1º CUATRI/PROGRAMACIÓN/PRÁCTICAS/Plantillas de Prácticas/04.calculadora.ipynb,imat-practicas,curso-1/programacion/PRÁCTICAS/Plantillas de Prácticas/04.calculadora.ipynb,4e76f61ddb56c2e4ee668795da2c436eba2e8992134f92dab6d34d7b43f88e06,incluido
1º de iMat/1º CUATRI/PROGRAMACIÓN/PRÁCTICAS/Plantillas de Prácticas/05.wordlet.ipynb,imat-practicas,curso-1/programacion/PRÁCTICAS/Plantillas de Prácticas/05.wordlet.ipynb,729efbc2614d570534657ab1d04d5c8afe2e6fe6ac8b5ea25a37279dc6692ef5,incluido
1º de iMat/1º CUATRI/PROGRAMACIÓN/PRÁCTICAS/Plantillas de Prácticas/06.estructurada-piedra.ipynb,imat-practicas,curso-1/programacion/PRÁCTICAS/Plantillas de Prácticas/06.estructurada-piedra.ipynb,3c480a1053e0d804f8b75c3fb42527ab67516e114a549e7962ee517431df00dc,incluido
1º de iMat/1º CUATRI/PROGRAMACIÓN/PRÁCTICAS/Plantillas de Prácticas/Práctica 3.ipynb,imat-practicas,curso-1/programacion/PRÁCTICAS/Plantillas de Prácticas/Práctica 3.ipynb,208e36239242efced82af34929a725189e3659a6df52370a83e24f3f3ce84cd9,incluido
1º de iMat/1º CUATRI/PROGRAMACIÓN/PRÁCTICAS/Plantillas de Prácticas/Práctica_7_Funciones.html,imat-practicas,curso-1/programacion/PRÁCTICAS/Plantillas de Prácticas/Práctica_7_Funciones.html,214ee2e476b15f0cfb1b4b1982ad393089509b28fd5d0d9dcd41969fcff8be07,incluido
1º de iMat/1º CUATRI/PROGRAMACIÓN/PRÁCTICAS/Plantillas de Prácticas/practica5 (1).ipynb,imat-practicas,curso-1/programacion/PRÁCTICAS/Plantillas de Prácticas/practica5 (1).ipynb,7ff2554400ab41947f92893987c76412e768d976ebe6da9d9c049e5f0f9ae776,incluido
1º de iMat/1º CUATRI/PROGRAMACIÓN/PRÁCTICAS/Plantillas de Prácticas/Untitled-1.py,imat-practicas,curso-1/programacion/PRÁCTICAS/Plantillas de Prácticas/Untitled-1.py,e3b0c44298fc1c149afbf4c8996fb92427ae41e4649b934ca495991b7852b855,incluido
1º de iMat/1º CUATRI/PROGRAMACIÓN/PRÁCTICAS/Plantillas de Prácticas/VISUAL STUDIO CODE.py,imat-practicas,curso-1/programacion/PRÁCTICAS/Plantillas de Prácticas/VISUAL STUDIO CODE.py,e5cad7a92607f1ec72ec5548da25e90036f82cf8d389e4dba39d8419b9009718,incluido
1º de iMat/1º CUATRI/PROGRAMACIÓN/PRÁCTICAS/Plantillas de Prácticas/Práctica_7_Funciones_files/index.css,imat-practicas,curso-1/programacion/PRÁCTICAS/Plantillas de Prácticas/Práctica_7_Funciones_files/index.css,601cad5874df1220da78e71d571e8b48a73c413498c9f6294494c06a28ce3d64,incluido
1º de iMat/1º CUATRI/PROGRAMACIÓN/PRÁCTICAS/Plantillas de Prácticas/Práctica_7_Funciones_files/saved_resource.html,imat-practicas,curso-1/programacion/PRÁCTICAS/Plantillas de Prácticas/Práctica_7_Funciones_files/saved_resource.html,97f9b10039b05e1af4a3c9b778fc72ba44cf68a376e4ec1d55f2558f16cf3e50,incluido
1º de iMat/1º CUATRI/PROGRAMACIÓN/PRÁCTICAS/Prácticas hechas/02.bloques_a_python.ipynb,imat-practicas,curso-1/programacion/PRÁCTICAS/Prácticas hechas/02.bloques_a_python.ipynb,bacd62c472cc794b1e61aabed4de90c6ce11b80d6319b30cfc5dc63d17117afc,incluido
1º de iMat/1º CUATRI/PROGRAMACIÓN/PRÁCTICAS/Prácticas hechas/04.calculadora.ipynb,imat-practicas,curso-1/programacion/PRÁCTICAS/Prácticas hechas/04.calculadora.ipynb,b6462461ff30ac42f3e47448ecd86dd6496e742b54a654d89305e683e6715f54,incluido
1º de iMat/1º CUATRI/PROGRAMACIÓN/PRÁCTICAS/Prácticas hechas/08.diccionarios_poligonos.py,imat-practicas,curso-1/programacion/PRÁCTICAS/Prácticas hechas/08.diccionarios_poligonos.py,1a9dc5f85b78a124895c4225fb5d8c32ef8f7d60e6f46b878c716e08a8e68263,incluido
1º de iMat/1º CUATRI/PROGRAMACIÓN/PRÁCTICAS/Prácticas hechas/practica 8.ipynb,imat-practicas,curso-1/programacion/PRÁCTICAS/Prácticas hechas/practica 8.ipynb,183dbfb1ed16429f6a492e595b963ae5968adb58242a0f377b2fe84b10ae9f66,incluido
1º de iMat/1º CUATRI/PROGRAMACIÓN/PRÁCTICAS/Prácticas hechas/practica 8.py,imat-practicas,curso-1/programacion/PRÁCTICAS/Prácticas hechas/practica 8.py,22772f4c88eef5d44a3648b51c8eff58dfb51b198477e7d91df8da756231097d,incluido
1º de iMat/2º CUATRI/ALGORÍTMOS/algoritmo.py,imat-practicas,curso-1/algoritmos/algoritmo.py,0ffca2d865189677c8f6bf7b0586edf3463c034542eddc42d3435490096af340,incluido
1º de iMat/2º CUATRI/ALGORÍTMOS/Algoritmos.py,imat-practicas,curso-1/algoritmos/Algoritmos.py,93e4e26a0dc421ca529a07c141613b0148d1e1392e161dad5561c4946ee594f4,incluido
1º de iMat/2º CUATRI/ALGORÍTMOS/BinaryTree.py,imat-practicas,curso-1/algoritmos/BinaryTree.py,0a99f9cde1134486d385d06165cb7708802d7aab09ba13948ec11e1e00bb88b1,incluido
1º de iMat/2º CUATRI/ALGORÍTMOS/Final.py,imat-practicas,curso-1/algoritmos/Final.py,e3b0c44298fc1c149afbf4c8996fb92427ae41e4649b934ca495991b7852b855,incluido
1º de iMat/2º CUATRI/ALGORÍTMOS/HeapSort.py,imat-practicas,curso-1/algoritmos/HeapSort.py,4623be731691e6d664c1c96c81c30303502023430a8d64db654bde6e1287682c,incluido
1º de iMat/2º CUATRI/ALGORÍTMOS/lista_enlazada_1.0.py,imat-practicas,curso-1/algoritmos/lista_enlazada_1.0.py,9b8335255088fbdd591b6c1c3b7f55539808ebc75fb6a0f9a8d098ee1e06b7b5,incluido
1º de iMat/2º CUATRI/ALGORÍTMOS/lista_enlazada_2.0.py,imat-practicas,curso-1/algoritmos/lista_enlazada_2.0.py,35aa14500cf4c87d5d0f580610080f8b6b2028e1f3ec9c3067670b8cde47ce67,incluido
1º de iMat/2º CUATRI/ALGORÍTMOS/Ordenacion.ipynb,imat-practicas,curso-1/algoritmos/Ordenacion.ipynb,0422d127c6f228da8f2432e0bad3b55443d1b23145ce01e7dbd780faed75e566,incluido
1º de iMat/2º CUATRI/ALGORÍTMOS/práctica inter.py,imat-practicas,curso-1/algoritmos/práctica inter.py,c4229b99441f930252833df433d230829b98700bf53aaacc0205017e8216d0c8,incluido
1º de iMat/2º CUATRI/ALGORÍTMOS/Práctica_1.py,imat-practicas,curso-1/algoritmos/Práctica_1.py,14e78857f9e451c4e99af6dafa942a16ba1b71fedc0aaff56927bd969c2832ef,excluido: sintaxis incompleta
1º de iMat/2º CUATRI/ALGORÍTMOS/Práctica_4.py,imat-practicas,curso-1/algoritmos/Práctica_4.py,f5b51240468e05007de7fd19cc92cd8f058d57b35d78687426d0bc05d0dbd71e,excluido: sintaxis incompleta
1º de iMat/2º CUATRI/ALGORÍTMOS/programa_1.py,imat-practicas,curso-1/algoritmos/programa_1.py,c9e4ab0177f9e333d02efbc9a4b8e1859635cd9166e530ebab7480ac6ed6f256,incluido
1º de iMat/2º CUATRI/ALGORÍTMOS/Untitled-1.py,imat-practicas,curso-1/algoritmos/Untitled-1.py,0d4d17a484a10aae7be21ad5c6f82f834ba3366e041f32333a0a828e66f54719,incluido
1º de iMat/2º CUATRI/ALGORÍTMOS/challenge/challenge.py,imat-practicas,curso-1/algoritmos/challenge/challenge.py,550c5107bdbd9ea5891c8db081f04f30b46b0c17c58de727f6b572ea6cd8f102,incluido
1º de iMat/2º CUATRI/ALGORÍTMOS/examen_recuperacion/Pedro_Soto1A.py,imat-practicas,curso-1/algoritmos/examen_recuperacion/Pedro_Soto1A.py,72be91ffca4a6eecbbbecf380fad11e3fcce17224732290721eb04bd01de86b9,incluido
1º de iMat/2º CUATRI/ALGORÍTMOS/final/Final.py,imat-practicas,curso-1/algoritmos/final/Final.py,cbb9a71d7ff741596661dd6bc866770288ccc1fbcd2922e597e3bc089e010d3f,incluido
1º de iMat/2º CUATRI/ALGORÍTMOS/practica 6/Ordenacion.ipynb,imat-practicas,curso-1/algoritmos/practica 6/Ordenacion.ipynb,e6e16868e43516300ab812e921eb25c87deea04a5acb3c6ff424b01c415cd05b,incluido
1º de iMat/2º CUATRI/ALGORÍTMOS/practica 6/practica6_esqueleto.py,imat-practicas,curso-1/algoritmos/practica 6/practica6_esqueleto.py,ed50d90890cd5368d09869bd6430c554b0005ac391e8bf05739b4a754e2a59f1,excluido: sintaxis incompleta
1º de iMat/2º CUATRI/ALGORÍTMOS/recuperacion/ALGORITMO_2_final.py,imat-practicas,curso-1/algoritmos/recuperacion/ALGORITMO_2_final.py,b34290c2a7ec83e5d8145e5318b1be07427e8954bdce0f5245d381ba8dc84be8,incluido
1º de iMat/2º CUATRI/ALGORÍTMOS/recuperacion/Algoritmos.py,imat-practicas,curso-1/algoritmos/recuperacion/Algoritmos.py,c5deba3c81098dfe0570107571c77df6c4b1db857b4afc8e79fe010f3af7b995,incluido
1º de iMat/2º CUATRI/ALGORÍTMOS/recuperacion/ALGORTIMO_1_final.py,imat-practicas,curso-1/algoritmos/recuperacion/ALGORTIMO_1_final.py,37e86d6ba576db1aee7edbc1e4ff5f1caec31767aca713a2d1d6f37b17d0552a,incluido
1º de iMat/2º CUATRI/ALGORÍTMOS/recuperacion/BinaryTree.py,imat-practicas,curso-1/algoritmos/recuperacion/BinaryTree.py,35e990f93a8f462f756d6f0c103e586e6051d9f217691a8d3e26e83928f7b135,incluido
1º de iMat/2º CUATRI/ALGORÍTMOS/recuperacion/HeapSort.py,imat-practicas,curso-1/algoritmos/recuperacion/HeapSort.py,26b406a31da5eb560c1521fdf2b653e81fb4da0dfa2382fda78f203554b8dcdc,excluido: sintaxis incompleta
1º de iMat/2º CUATRI/ALGORÍTMOS/recuperacion/lista_enlazada_1.0.py,imat-practicas,curso-1/algoritmos/recuperacion/lista_enlazada_1.0.py,1ee58000d351fdf623983106f98068d90487417a278187efd0d55cd3df334bb3,incluido
1º de iMat/2º CUATRI/ALGORÍTMOS/recuperacion/lista_enlazada_2.0.py,imat-practicas,curso-1/algoritmos/recuperacion/lista_enlazada_2.0.py,35aa14500cf4c87d5d0f580610080f8b6b2028e1f3ec9c3067670b8cde47ce67,incluido
1º de iMat/2º CUATRI/ALGORÍTMOS/recuperacion/primos.py,imat-practicas,curso-1/algoritmos/recuperacion/primos.py,23e11347fe8c0324ea981b90ff1d45bbc8de68bb6caa5979a2a30430355245ab,incluido
1º de iMat/2º CUATRI/ALGORÍTMOS/recuperacion/programa_1.py,imat-practicas,curso-1/algoritmos/recuperacion/programa_1.py,214110755daaa55c7f056e7c989bc7c82a7624666d18e536f31a34adc0fdafda,incluido
1º de iMat/2º CUATRI/ALGORÍTMOS/recuperacion/programa_2.py,imat-practicas,curso-1/algoritmos/recuperacion/programa_2.py,0cda32af796241a2e2c04cdb29940b1bf83b0ccb4acdda353ad0ce5ee1311ecf,incluido
1º de iMat/2º CUATRI/ALGORÍTMOS/recuperacion/sortingCodes/a-Insertion_selectionSort.py,imat-practicas,curso-1/algoritmos/recuperacion/sortingCodes/a-Insertion_selectionSort.py,f450ea71976b36dc4648a8811ee35e5c4d87a8ad21c57e288bf04bb654019a38,incluido
1º de iMat/2º CUATRI/ALGORÍTMOS/recuperacion/sortingCodes/b-bubble.py,imat-practicas,curso-1/algoritmos/recuperacion/sortingCodes/b-bubble.py,a1831737c7eab39560d6b1b666825f76ba203478ccb57e5f4b1d34131f90d872,incluido
1º de iMat/2º CUATRI/ALGORÍTMOS/recuperacion/sortingCodes/c-shaker.py,imat-practicas,curso-1/algoritmos/recuperacion/sortingCodes/c-shaker.py,0a91c8c6b454f3f9af478ece63171955e4e8fe372b4ddef13ceb9bef84488ee3,incluido
1º de iMat/2º CUATRI/ALGORÍTMOS/recuperacion/sortingCodes/d-ShellSort.py,imat-practicas,curso-1/algoritmos/recuperacion/sortingCodes/d-ShellSort.py,efb5b0ee3d612e3d453cadc6a7a341284672fbac97dc48414de3c2f4dcb92d13,incluido
1º de iMat/2º CUATRI/ALGORÍTMOS/recuperacion/sortingCodes/e-QuickSort.py,imat-practicas,curso-1/algoritmos/recuperacion/sortingCodes/e-QuickSort.py,82ec214d32e4f6214b60dc8fe9057f49a248a37cf88b9f51d7bce5e128e68ed4,incluido
1º de iMat/2º CUATRI/ALGORÍTMOS/recuperacion/sortingCodes/f-BucketSort.py,imat-practicas,curso-1/algoritmos/recuperacion/sortingCodes/f-BucketSort.py,91a81bfedb64869d5f8cf7001335269d1565feec7bcfae5ade238c65baa1b259,incluido
1º de iMat/2º CUATRI/ALGORÍTMOS/recuperacion/sortingCodes/f-BucketSort2.py,imat-practicas,curso-1/algoritmos/recuperacion/sortingCodes/f-BucketSort2.py,f3f231dab27f4028bd6042bcbaf9fec1c7686cbca0e3a8f42e96a858982096e5,incluido
1º de iMat/2º CUATRI/ALGORÍTMOS/recuperacion/sortingCodes/g-CountSort.py,imat-practicas,curso-1/algoritmos/recuperacion/sortingCodes/g-CountSort.py,b1463c8bc21333a8940195fd046c509512127fad389456273b08f68bc6519cb5,incluido
1º de iMat/2º CUATRI/ALGORÍTMOS/recuperacion/sortingCodes/h-RadixSort.py,imat-practicas,curso-1/algoritmos/recuperacion/sortingCodes/h-RadixSort.py,98b9a8a3af11beae71e996bb6bce8721ccb9d481a2bbba3d8e5b74b8966a0661,incluido
1º de iMat/2º CUATRI/PRyES/chuleta/T4-CHU/chu_INFERENCIA_PRyES_v2.6.ipynb,imat-practicas,curso-1/probabilidad-estadistica-ii/chuleta/T4-CHU/chu_INFERENCIA_PRyES_v2.6.ipynb,0a957d82e955bf6bcbcb7b867a3bebc3d4934c6a9e3f1672f2da45a0646b4568,incluido
1º de iMat/2º CUATRI/PRyES/CHULETAS DESCRIPTIVAS/T4-CHU/T4-CHU/chu_INFERENCIA_PRyES_v2.2.ipynb,imat-practicas,curso-1/probabilidad-estadistica-ii/CHULETAS DESCRIPTIVAS/T4-CHU/T4-CHU/chu_INFERENCIA_PRyES_v2.2.ipynb,6a8ebf6f4b083fab2181c065ccd08d0ed0f7f6fde45c765ba78df03f7a21be30,incluido
1º de iMat/2º CUATRI/PRyES/Enunciado_FINAL_2023_2024/PROB1_FINAL_2023_2024.ipynb,imat-practicas,curso-1/probabilidad-estadistica-ii/Enunciado_FINAL_2023_2024/PROB1_FINAL_2023_2024.ipynb,3d6118133c0bd493e1d0e1a83eab79098abf6a46db9c86323e0ecdd32a072b0b,incluido
1º de iMat/2º CUATRI/PRyES/Enunciado_FINAL_2023_2024/PROB2_FINAL_2023_2024.ipynb,imat-practicas,curso-1/probabilidad-estadistica-ii/Enunciado_FINAL_2023_2024/PROB2_FINAL_2023_2024.ipynb,d9ca0ed168b4b18e131546dd525c2c080283d883379ac338da594900ec4a705f,incluido
1º de iMat/2º CUATRI/PRyES/FINAL/PROB1_FINAL_2022_2023.ipynb,imat-practicas,curso-1/probabilidad-estadistica-ii/FINAL/PROB1_FINAL_2022_2023.ipynb,58c8044e7bad771608a9f9ac013fac2b3872d8ea9ce6e8e2f6d5eef6df2affe5,incluido
1º de iMat/2º CUATRI/PRyES/FINAL/PROB1_SIMULACRO_FINAL_2023_2024.ipynb,imat-practicas,curso-1/probabilidad-estadistica-ii/FINAL/PROB1_SIMULACRO_FINAL_2023_2024.ipynb,fdc70eac2527672858e64a8719210a4d723314c01733a9e2374abb93363d0f56,incluido
1º de iMat/2º CUATRI/PRyES/FINAL/PROB2_FINAL_2022_2023.ipynb,imat-practicas,curso-1/probabilidad-estadistica-ii/FINAL/PROB2_FINAL_2022_2023.ipynb,c0fa81ae2d24f65d4bc5a0e0d106fe706bd28dfd356992e6ce27ad82c0993903,incluido
1º de iMat/2º CUATRI/PRyES/FINAL/sPROB1_FINAL_2022_2023.ipynb,imat-practicas,curso-1/probabilidad-estadistica-ii/FINAL/sPROB1_FINAL_2022_2023.ipynb,542ff5d61e6547abd408d6ad5a072c8ae7b59fb33dca8c099b829beaa5cf960d,incluido
1º de iMat/2º CUATRI/PRyES/FINAL/sPROB1_SIMULACRO_FINAL_2023_2024.ipynb,imat-practicas,curso-1/probabilidad-estadistica-ii/FINAL/sPROB1_SIMULACRO_FINAL_2023_2024.ipynb,7105464fbb165282f3e6c18422c2fb0e265df0196b368a820d6ca6eb53e51cbc,incluido
1º de iMat/2º CUATRI/PRyES/FINAL/sPROB2_FINAL_2022_2023.ipynb,imat-practicas,curso-1/probabilidad-estadistica-ii/FINAL/sPROB2_FINAL_2022_2023.ipynb,72a60cb3557ee5b4d4bb759e1641711dfb0888df490f94bd4bce19b152eed8cf,incluido
1º de iMat/2º CUATRI/PRyES/FINAL/Untitled-1.py,imat-practicas,curso-1/probabilidad-estadistica-ii/FINAL/Untitled-1.py,e3b0c44298fc1c149afbf4c8996fb92427ae41e4649b934ca495991b7852b855,incluido
1º de iMat/2º CUATRI/PRyES/PROBLEMAS/T4A-PRO/T4A-PRO/PB01aT4_PRYES.ipynb,imat-practicas,curso-1/probabilidad-estadistica-ii/PROBLEMAS/T4A-PRO/T4A-PRO/PB01aT4_PRYES.ipynb,b32d74223dac01f52de46dffa99452ef5a15aea37691c875bce494222969934a,incluido
1º de iMat/2º CUATRI/PRyES/PROBLEMAS/T4A-PRO/T4A-PRO/PB02aT4_PRYES.ipynb,imat-practicas,curso-1/probabilidad-estadistica-ii/PROBLEMAS/T4A-PRO/T4A-PRO/PB02aT4_PRYES.ipynb,d7e5b18c3c55ea080390f76ca01303f645d0a8b99ce3935225dadce72cf04277,incluido
1º de iMat/2º CUATRI/PRyES/PROBLEMAS/T4A-PRO/T4A-PRO/PROB2_INTER2_2022_2023.ipynb,imat-practicas,curso-1/probabilidad-estadistica-ii/PROBLEMAS/T4A-PRO/T4A-PRO/PROB2_INTER2_2022_2023.ipynb,675293ad5e38962166bccfec6eb9206450b5dfe460379b899545c4a94c602751,incluido
1º de iMat/2º CUATRI/PRyES/PROYECTO 1/codigo_ejemplo_carga_datos.ipynb,imat-practicas,curso-1/probabilidad-estadistica-ii/PROYECTO 1/codigo_ejemplo_carga_datos.ipynb,f788e21bca8cf5defb9ee5ead686b62b4e95eb6a10f1e455056cbe140f1a540a,incluido
1º de iMat/2º CUATRI/PRyES/PROYECTO 1/TRABAJO_1_pasado_por_luisk.ipynb,imat-practicas,curso-1/probabilidad-estadistica-ii/PROYECTO 1/TRABAJO_1_pasado_por_luisk.ipynb,d5d16c6410f43dd6e3e9fbbbbbbdc92bc365be1a0526bedd4556ed41eeb2578f,incluido
1º de iMat/2º CUATRI/PRyES/PROYECTO 2/proyecto_2.ipynb,imat-practicas,curso-1/probabilidad-estadistica-ii/PROYECTO 2/proyecto_2.ipynb,2fc29b5407c5fc5e00c6c93f496a8fa071e1fed486755ac53d2dc9246421d4ba,incluido
1º de iMat/2º CUATRI/PRyES/Prácticas/codigoPR3/PR3_PRyES.ipynb,imat-practicas,curso-1/probabilidad-estadistica-ii/Prácticas/codigoPR3/PR3_PRyES.ipynb,22a5d967c35783c350ffd1f502f7ce19d8981d77dbabe69f0c2b0b355742282f,incluido
1º de iMat/2º CUATRI/PRyES/Prácticas/codigoPR3/sPR3_PRyES.ipynb,imat-practicas,curso-1/probabilidad-estadistica-ii/Prácticas/codigoPR3/sPR3_PRyES.ipynb,6f4b584306a9a10505a1835a1866532f32e9c9421cff51b1d50969c986711648,incluido
1º de iMat/2º CUATRI/PRyES/Prácticas/PR4_codigo/anova.py,imat-practicas,curso-1/probabilidad-estadistica-ii/Prácticas/PR4_codigo/anova.py,6d4a76172b30bbbcd020bdf658d4cc3adf56a3ea07242b710faf49e7b6c292c1,incluido
1º de iMat/2º CUATRI/PRyES/Prácticas/PR4_codigo/PR4_PRyES.ipynb,imat-practicas,curso-1/probabilidad-estadistica-ii/Prácticas/PR4_codigo/PR4_PRyES.ipynb,9fbd532b9098007dff9a52a63a704a0bb86b9ee850293e86f726f7bc39f35679,incluido
1º de iMat/2º CUATRI/PRyES/RECU/genera_datos_problem2_parcial.ipynb,imat-practicas,curso-1/probabilidad-estadistica-ii/RECU/genera_datos_problem2_parcial.ipynb,d338abb1ee8dda976866267bdb5d62c5ceea5c677587ab9ab678539899fa6dff,incluido
1º de iMat/2º CUATRI/PRyES/RECU/sPROB1_INTER2_2023_2024.ipynb,imat-practicas,curso-1/probabilidad-estadistica-ii/RECU/sPROB1_INTER2_2023_2024.ipynb,5b99877d87125d7f4165f60376571d8b08b569ee666af5ef091a628840787c4a,incluido
1º de iMat/2º CUATRI/PRyES/RECU/sPROB1_PARCIAL_2023_2024.ipynb,imat-practicas,curso-1/probabilidad-estadistica-ii/RECU/sPROB1_PARCIAL_2023_2024.ipynb,b8d4a919810cedb3b4d11b1291499c9200084802c29da388b40e7bd5ac3cd8cb,incluido
1º de iMat/2º CUATRI/PRyES/RECU/sPROB2_INTER2_2023_2024.ipynb,imat-practicas,curso-1/probabilidad-estadistica-ii/RECU/sPROB2_INTER2_2023_2024.ipynb,f05bc598498bfe64f6410176d7f65f2a044eb09b13874217da171ade6dc3fe76,incluido
1º de iMat/2º CUATRI/PRyES/RECU/sPROB2_PARCIAL_2023_2024.ipynb,imat-practicas,curso-1/probabilidad-estadistica-ii/RECU/sPROB2_PARCIAL_2023_2024.ipynb,57c7008994c4a86ee2f495c07980f3ddfedbeaa56b0005add4eb9aa747d7e75a,incluido
1º de iMat/2º CUATRI/PRyES/REPASO INTER/T4-CHU/chu_INFERENCIA_PRyES_v2.6.ipynb,imat-practicas,curso-1/probabilidad-estadistica-ii/REPASO INTER/T4-CHU/chu_INFERENCIA_PRyES_v2.6.ipynb,0a957d82e955bf6bcbcb7b867a3bebc3d4934c6a9e3f1672f2da45a0646b4568,incluido
1º de iMat/2º CUATRI/PRyES/REPASO INTER/T4-PRO/T4-PRO/PB01T4_PRYES.ipynb,imat-practicas,curso-1/probabilidad-estadistica-ii/REPASO INTER/T4-PRO/T4-PRO/PB01T4_PRYES.ipynb,1500f936b83907cbf9ff4edd98b2e7629ed7eb6e1224f7a08cc223d8808fa50d,incluido
1º de iMat/2º CUATRI/PRyES/REPASO INTER/T4-PRO/T4-PRO/PROB1_INTER2_2022_2023.ipynb,imat-practicas,curso-1/probabilidad-estadistica-ii/REPASO INTER/T4-PRO/T4-PRO/PROB1_INTER2_2022_2023.ipynb,dcbac958591a14d7e393009def38dbcc698851ffdf046af3156b87ae49eb2eeb,incluido
1º de iMat/2º CUATRI/PRyES/REPASO INTER/T4-PRO/T4-PRO/PROB2_INTER2_2022_2023.ipynb,imat-practicas,curso-1/probabilidad-estadistica-ii/REPASO INTER/T4-PRO/T4-PRO/PROB2_INTER2_2022_2023.ipynb,675293ad5e38962166bccfec6eb9206450b5dfe460379b899545c4a94c602751,incluido
1º de iMat/2º CUATRI/PRyES/REPASO INTER/T4-PRO/T4-PRO/PROB2_INTER2-marzo2022.ipynb,imat-practicas,curso-1/probabilidad-estadistica-ii/REPASO INTER/T4-PRO/T4-PRO/PROB2_INTER2-marzo2022.ipynb,e1cfb8f8407f1656c40763f93ce8f47dce338136d99f7fe4c3f2cbd70481b7b7,incluido
1º de iMat/2º CUATRI/PRyES/REPASO INTER/T4-PRO-SOL/T4-PRO-SOL/sPB01T4_PRYES.ipynb,imat-practicas,curso-1/probabilidad-estadistica-ii/REPASO INTER/T4-PRO-SOL/T4-PRO-SOL/sPB01T4_PRYES.ipynb,95edcc964a8039a5f7562f0ba4dd17880f875d3138ae22cdf6b532da68a6e701,incluido
1º de iMat/2º CUATRI/PRyES/REPASO INTER/T4-PRO-SOL/T4-PRO-SOL/sPROB1_INTER2_2022_2023.ipynb,imat-practicas,curso-1/probabilidad-estadistica-ii/REPASO INTER/T4-PRO-SOL/T4-PRO-SOL/sPROB1_INTER2_2022_2023.ipynb,4bfcb04ea56716d37667ace8747a7fc32146a0fb2cbdb495cd6d04600ae61744,incluido
1º de iMat/2º CUATRI/PRyES/REPASO INTER/T4-PRO-SOL/T4-PRO-SOL/sPROB2_INTER2_2022_2023.ipynb,imat-practicas,curso-1/probabilidad-estadistica-ii/REPASO INTER/T4-PRO-SOL/T4-PRO-SOL/sPROB2_INTER2_2022_2023.ipynb,8a6faa8247b577be2cd72696211c1e5b2ebd38398edd8e6e7c61d38a6770d866,incluido
1º de iMat/2º CUATRI/PRyES/REPASO INTER/T4-PRO-SOL/T4-PRO-SOL/sPROB2_INTER2-marzo2022.ipynb,imat-practicas,curso-1/probabilidad-estadistica-ii/REPASO INTER/T4-PRO-SOL/T4-PRO-SOL/sPROB2_INTER2-marzo2022.ipynb,6677c54a24e475b3f2f4e30a1112b9fdb9bbe2fa4e907ea368ffd27381650041,incluido
1º de iMat/2º CUATRI/PRyES/REPASO INTER/T4A-EJE/T4A-EJE/E01aT4_PRYES.ipynb,imat-practicas,curso-1/probabilidad-estadistica-ii/REPASO INTER/T4A-EJE/T4A-EJE/E01aT4_PRYES.ipynb,6c3a7339722e8e4163f5f1b7bfb99e0582717b9938b5ed4cc5a3b4159468168b,incluido
1º de iMat/2º CUATRI/PRyES/REPASO INTER/T4A-EJE/T4A-EJE/E02aT4_PRYES.ipynb,imat-practicas,curso-1/probabilidad-estadistica-ii/REPASO INTER/T4A-EJE/T4A-EJE/E02aT4_PRYES.ipynb,5bad4765d35f2656d573793a82840162cafd115da1892592786a202b0c11f8fc,incluido
1º de iMat/2º CUATRI/PRyES/REPASO INTER/T4A-EJE/T4A-EJE/E03aT4_PRYES.ipynb,imat-practicas,curso-1/probabilidad-estadistica-ii/REPASO INTER/T4A-EJE/T4A-EJE/E03aT4_PRYES.ipynb,b84cb59c43598d8960125327de63caaed1068a1a49055eed38c5f2a74f61f1c5,incluido
1º de iMat/2º CUATRI/PRyES/REPASO INTER/T4A-EJE-SOL/T4A-EJE-SOL/sE01aT4_PRYES.ipynb,imat-practicas,curso-1/probabilidad-estadistica-ii/REPASO INTER/T4A-EJE-SOL/T4A-EJE-SOL/sE01aT4_PRYES.ipynb,fa47ebbf63dd3c86ab968a6dc1dd1eead777047656f9fbaa343e9a995d6373c3,incluido
1º de iMat/2º CUATRI/PRyES/REPASO INTER/T4A-EJE-SOL/T4A-EJE-SOL/sE02aT4_PRYES.ipynb,imat-practicas,curso-1/probabilidad-estadistica-ii/REPASO INTER/T4A-EJE-SOL/T4A-EJE-SOL/sE02aT4_PRYES.ipynb,ddf67df8f0a02daac235fbdb0a460027e5511aea766ec62446ff6d0de5fe56fd,incluido
1º de iMat/2º CUATRI/PRyES/REPASO INTER/T4A-EJE-SOL/T4A-EJE-SOL/sE03aT4_PRYES.ipynb,imat-practicas,curso-1/probabilidad-estadistica-ii/REPASO INTER/T4A-EJE-SOL/T4A-EJE-SOL/sE03aT4_PRYES.ipynb,552995487dc5d9744ba8e582f89436376d96f60bf5c518c7f0f9b699a809d05f,incluido
1º de iMat/2º CUATRI/PRyES/REPASO INTER/T4A-PRO/T4A-PRO/PB01aT4_PRYES.ipynb,imat-practicas,curso-1/probabilidad-estadistica-ii/REPASO INTER/T4A-PRO/T4A-PRO/PB01aT4_PRYES.ipynb,b32d74223dac01f52de46dffa99452ef5a15aea37691c875bce494222969934a,incluido
1º de iMat/2º CUATRI/PRyES/REPASO INTER/T4A-PRO/T4A-PRO/PB02aT4_PRYES.ipynb,imat-practicas,curso-1/probabilidad-estadistica-ii/REPASO INTER/T4A-PRO/T4A-PRO/PB02aT4_PRYES.ipynb,d7e5b18c3c55ea080390f76ca01303f645d0a8b99ce3935225dadce72cf04277,incluido
1º de iMat/2º CUATRI/PRyES/REPASO INTER/T4A-PRO/T4A-PRO/PROB2_INTER2_2022_2023.ipynb,imat-practicas,curso-1/probabilidad-estadistica-ii/REPASO INTER/T4A-PRO/T4A-PRO/PROB2_INTER2_2022_2023.ipynb,675293ad5e38962166bccfec6eb9206450b5dfe460379b899545c4a94c602751,incluido
1º de iMat/2º CUATRI/PRyES/REPASO INTER/T4A-PRO - SOL/T4A-PRO - SOL/sPB01aT4_PRYES.ipynb,imat-practicas,curso-1/probabilidad-estadistica-ii/REPASO INTER/T4A-PRO - SOL/T4A-PRO - SOL/sPB01aT4_PRYES.ipynb,1c54c45d24d12b5cccaf77ecbf265c5f035e5633681c7d5220d2b13803d41e8b,incluido
1º de iMat/2º CUATRI/PRyES/REPASO INTER/T4A-PRO - SOL/T4A-PRO - SOL/sPB02aT4_PRYES.ipynb,imat-practicas,curso-1/probabilidad-estadistica-ii/REPASO INTER/T4A-PRO - SOL/T4A-PRO - SOL/sPB02aT4_PRYES.ipynb,9a7fa9afa91da4d68a1385bec887fa811655c1d4b22dd4bc673c5f86e252924a,incluido
1º de iMat/2º CUATRI/PRyES/REPASO INTER/T4A-PRO - SOL/T4A-PRO - SOL/sPROB2_INTER2_2022_2023.ipynb,imat-practicas,curso-1/probabilidad-estadistica-ii/REPASO INTER/T4A-PRO - SOL/T4A-PRO - SOL/sPROB2_INTER2_2022_2023.ipynb,8a6faa8247b577be2cd72696211c1e5b2ebd38398edd8e6e7c61d38a6770d866,incluido
1º de iMat/2º CUATRI/PRyES/REPASO INTER/T4B-EJE/T4B-EJE/E01bT4_PRYES.ipynb,imat-practicas,curso-1/probabilidad-estadistica-ii/REPASO INTER/T4B-EJE/T4B-EJE/E01bT4_PRYES.ipynb,ac9cda1f299ed5034c7c6f4a3fbc0b69f6c57abd6bb7392284f9be7604b3ab9a,incluido
1º de iMat/2º CUATRI/PRyES/REPASO INTER/T4B-EJE/T4B-EJE/E02bT4_PRYES.ipynb,imat-practicas,curso-1/probabilidad-estadistica-ii/REPASO INTER/T4B-EJE/T4B-EJE/E02bT4_PRYES.ipynb,af1514cbf2e0d77c6be42632dee9b84b98761f6291112927c0e168862c8217f7,incluido
1º de iMat/2º CUATRI/PRyES/REPASO INTER/T4B-EJE/T4B-EJE/E03bT4_PRYES.ipynb,imat-practicas,curso-1/probabilidad-estadistica-ii/REPASO INTER/T4B-EJE/T4B-EJE/E03bT4_PRYES.ipynb,1d1c18d4c197e810948e575936fa12498c464a0e399db24011a2087c4628eef4,incluido
1º de iMat/2º CUATRI/PRyES/REPASO INTER/T4B-EJE/T4B-EJE/E04bT4_PRYES.ipynb,imat-practicas,curso-1/probabilidad-estadistica-ii/REPASO INTER/T4B-EJE/T4B-EJE/E04bT4_PRYES.ipynb,b076d62c50fb14707033f8c8121baefd772e34baccf6414614af3358dd5edf39,incluido
1º de iMat/2º CUATRI/PRyES/REPASO INTER/T4B-EJE-SOL/T4B-EJE-SOL/sE01bT4_PRYES.ipynb,imat-practicas,curso-1/probabilidad-estadistica-ii/REPASO INTER/T4B-EJE-SOL/T4B-EJE-SOL/sE01bT4_PRYES.ipynb,523e156e313de5cb8b934558c7301dfe31f59e54638d7285267d5bc2134128c5,incluido
1º de iMat/2º CUATRI/PRyES/REPASO INTER/T4B-EJE-SOL/T4B-EJE-SOL/sE02bT4_PRYES.ipynb,imat-practicas,curso-1/probabilidad-estadistica-ii/REPASO INTER/T4B-EJE-SOL/T4B-EJE-SOL/sE02bT4_PRYES.ipynb,6a614f6f305cf204d4be1feffd4cbf0fbef3969b5792418e3617aed710720085,incluido
1º de iMat/2º CUATRI/PRyES/REPASO INTER/T4B-EJE-SOL/T4B-EJE-SOL/sE03bT4_PRYES.ipynb,imat-practicas,curso-1/probabilidad-estadistica-ii/REPASO INTER/T4B-EJE-SOL/T4B-EJE-SOL/sE03bT4_PRYES.ipynb,2d2618286dfee0305e15e2c2a2e1f1113f04b122318db4ed0f933566d7577eb9,incluido
1º de iMat/2º CUATRI/PRyES/REPASO INTER/T4B-EJE-SOL/T4B-EJE-SOL/sE04bT4_PRYES.ipynb,imat-practicas,curso-1/probabilidad-estadistica-ii/REPASO INTER/T4B-EJE-SOL/T4B-EJE-SOL/sE04bT4_PRYES.ipynb,d91caf12e23dd503d026c382e19d96d5839b4d17bcbb122eca2ec17558c3395e,incluido
1º de iMat/2º CUATRI/PRyES/REPASO INTER/T4C-EJE/T4C-EJE/E01cT4_PRYES.ipynb,imat-practicas,curso-1/probabilidad-estadistica-ii/REPASO INTER/T4C-EJE/T4C-EJE/E01cT4_PRYES.ipynb,d307de7603668a7f1a068e4da18c52aec5acf0204c5968250651c4ce18001fe3,incluido
1º de iMat/2º CUATRI/PRyES/REPASO INTER/T4C-EJE/T4C-EJE/E02cT4_PRYES.ipynb,imat-practicas,curso-1/probabilidad-estadistica-ii/REPASO INTER/T4C-EJE/T4C-EJE/E02cT4_PRYES.ipynb,af044f664840d8d9bff15bc2ec9483cad5cce7df5131f8b754a69e01c9815c00,incluido
1º de iMat/2º CUATRI/PRyES/REPASO INTER/T4C-EJE/T4C-EJE/E03cT4_PRYES.ipynb,imat-practicas,curso-1/probabilidad-estadistica-ii/REPASO INTER/T4C-EJE/T4C-EJE/E03cT4_PRYES.ipynb,2d14ee1030fb5a09016b32c0cfac79fe472d2af2de7b3d32e4df628d9456bcfc,incluido
1º de iMat/2º CUATRI/PRyES/REPASO INTER/T4C-EJE/T4C-EJE/sE01cT4_PRYES.ipynb,imat-practicas,curso-1/probabilidad-estadistica-ii/REPASO INTER/T4C-EJE/T4C-EJE/sE01cT4_PRYES.ipynb,e88e013244d7e9f76719f76003fa87e9e9ccebaf307607d9154474f7c8d29d92,incluido
1º de iMat/2º CUATRI/PRyES/REPASO INTER/T4C-EJE/T4C-EJE/sE02cT4_PRYES.ipynb,imat-practicas,curso-1/probabilidad-estadistica-ii/REPASO INTER/T4C-EJE/T4C-EJE/sE02cT4_PRYES.ipynb,4bb4343268eb6ac04e254e0437eeba47f86d162f0d02be2ab7a547ec579bf7cc,incluido
1º de iMat/2º CUATRI/PRyES/REPASO INTER/T4C-EJE/T4C-EJE/sE03cT4_PRYES.ipynb,imat-practicas,curso-1/probabilidad-estadistica-ii/REPASO INTER/T4C-EJE/T4C-EJE/sE03cT4_PRYES.ipynb,af007c40a3a2caf102710bd8ec335cf979f66c573f43792f1395a5394574812c,incluido
1º de iMat/2º CUATRI/PRyES/REPASO INTER/T4C-EJE-SOL/T4C-EJE-SOL/sE01cT4_PRYES.ipynb,imat-practicas,curso-1/probabilidad-estadistica-ii/REPASO INTER/T4C-EJE-SOL/T4C-EJE-SOL/sE01cT4_PRYES.ipynb,e88e013244d7e9f76719f76003fa87e9e9ccebaf307607d9154474f7c8d29d92,incluido
1º de iMat/2º CUATRI/PRyES/REPASO INTER/T4C-EJE-SOL/T4C-EJE-SOL/sE02cT4_PRYES.ipynb,imat-practicas,curso-1/probabilidad-estadistica-ii/REPASO INTER/T4C-EJE-SOL/T4C-EJE-SOL/sE02cT4_PRYES.ipynb,4bb4343268eb6ac04e254e0437eeba47f86d162f0d02be2ab7a547ec579bf7cc,incluido
1º de iMat/2º CUATRI/PRyES/REPASO INTER/T4C-EJE-SOL/T4C-EJE-SOL/sE03cT4_PRYES.ipynb,imat-practicas,curso-1/probabilidad-estadistica-ii/REPASO INTER/T4C-EJE-SOL/T4C-EJE-SOL/sE03cT4_PRYES.ipynb,af007c40a3a2caf102710bd8ec335cf979f66c573f43792f1395a5394574812c,incluido
1º de iMat/2º CUATRI/PRyES/REPASO INTER/T4D-EJE/T4D-EJE/E01dT4_PRYES.ipynb,imat-practicas,curso-1/probabilidad-estadistica-ii/REPASO INTER/T4D-EJE/T4D-EJE/E01dT4_PRYES.ipynb,ab2998f36efd7dccc644639e26b3a839827973aa40884a89df0449accaecfba0,incluido
1º de iMat/2º CUATRI/PRyES/REPASO INTER/T4D-EJE/T4D-EJE/E02dT4_PRYES.ipynb,imat-practicas,curso-1/probabilidad-estadistica-ii/REPASO INTER/T4D-EJE/T4D-EJE/E02dT4_PRYES.ipynb,7401f90494ec87e63951186b2f07b3ff28ee1286e8307835735aab5e0704a9cf,incluido
1º de iMat/2º CUATRI/PRyES/REPASO INTER/T4D-EJE/T4D-EJE/E03dT4_PRYES.ipynb,imat-practicas,curso-1/probabilidad-estadistica-ii/REPASO INTER/T4D-EJE/T4D-EJE/E03dT4_PRYES.ipynb,fe5155b60acbb437ade200971ad9f814dc866184a7b03f5d394589cd777d8d36,incluido
1º de iMat/2º CUATRI/PRyES/REPASO INTER/T4D-EJE-SOL/T4D-EJE-SOL/sE01dT4_PRYES.ipynb,imat-practicas,curso-1/probabilidad-estadistica-ii/REPASO INTER/T4D-EJE-SOL/T4D-EJE-SOL/sE01dT4_PRYES.ipynb,be5fc0309c5cc862a1c268f623b85edc9ae2238597f5e443556c41e7eb5e2b4b,incluido
1º de iMat/2º CUATRI/PRyES/REPASO INTER/T4D-EJE-SOL/T4D-EJE-SOL/sE02dT4_PRYES.ipynb,imat-practicas,curso-1/probabilidad-estadistica-ii/REPASO INTER/T4D-EJE-SOL/T4D-EJE-SOL/sE02dT4_PRYES.ipynb,1a2c82a8d9ae769308cd2e14f263d4fd31fcee4496fdb60c3b47f5f5f0883406,incluido
1º de iMat/2º CUATRI/PRyES/REPASO INTER/T4D-EJE-SOL/T4D-EJE-SOL/sE03dT4_PRYES.ipynb,imat-practicas,curso-1/probabilidad-estadistica-ii/REPASO INTER/T4D-EJE-SOL/T4D-EJE-SOL/sE03dT4_PRYES.ipynb,ea2caa215273ac3c3a864c562615e4b9e62e71f17142bf4cb9d77856519937b2,incluido
1º de iMat/2º CUATRI/PRyES/repaso mayo/sPROB1_PARCIAL_2023_2024.ipynb,imat-practicas,curso-1/probabilidad-estadistica-ii/repaso mayo/sPROB1_PARCIAL_2023_2024.ipynb,b8d4a919810cedb3b4d11b1291499c9200084802c29da388b40e7bd5ac3cd8cb,incluido
1º de iMat/2º CUATRI/PRyES/repaso mayo/sPROB2_PARCIAL_2023_2024.ipynb,imat-practicas,curso-1/probabilidad-estadistica-ii/repaso mayo/sPROB2_PARCIAL_2023_2024.ipynb,57c7008994c4a86ee2f495c07980f3ddfedbeaa56b0005add4eb9aa747d7e75a,incluido
1º de iMat/2º CUATRI/PRyES/T6-CHU/T6-CHU/anova.py,imat-practicas,curso-1/probabilidad-estadistica-ii/T6-CHU/T6-CHU/anova.py,6d4a76172b30bbbcd020bdf658d4cc3adf56a3ea07242b710faf49e7b6c292c1,incluido
1º de iMat/2º CUATRI/PRyES/T6-CHU/T6-CHU/chu_ANOVA_PRyES_v2.1.ipynb,imat-practicas,curso-1/probabilidad-estadistica-ii/T6-CHU/T6-CHU/chu_ANOVA_PRyES_v2.1.ipynb,deee1d3f7abf0fcf4b8ec32f6078d3ad6ed95ed81b9eb7e97fde9e69664646f2,incluido
1º de iMat/2º CUATRI/ÁLGEBRA/MATLAB/PRACTICA 5/gramSchmidt.m,imat-practicas,curso-1/algebra/MATLAB/PRACTICA 5/gramSchmidt.m,5b79cc17b383e62244e5167735c6d31318d9be297b1e19f84260ccaa0bea8cb6,incluido
1º de iMat/codigoPR1/codigoPR1/PR1_PRyES.ipynb,imat-practicas,curso-1/programacion-proyecto/codigoPR1/PR1_PRyES.ipynb,80517771a010d4670d7da6a69728498620a0c52ccec58136df4998f855b7783a,incluido
1º de iMat/codigoPR1/codigoPR1/sPR1_PRyES.ipynb,imat-practicas,curso-1/programacion-proyecto/codigoPR1/sPR1_PRyES.ipynb,8a06f45acc3ea8425915edce5f2c0db8e16c601d6ebc633c31777e7296d966b0,incluido
1º de iMat/ESTADÍSTICA 2/chu_DESCRIPTIVA_PRyES_v4.0.ipynb/chu_DESCRIPTIVA_PRyES_v4.0.ipynb,imat-practicas,curso-1/estadistica-ii/chu_DESCRIPTIVA_PRyES_v4.0.ipynb/chu_DESCRIPTIVA_PRyES_v4.0.ipynb,dc543319d578e3354074cf0928645265674480734404097a92c21cb9ebdf0e69,incluido
1º de iMat/ESTADÍSTICA 2/EXAMENES AÑOS ANTERIORES/PARCIAL DIC2021/PARCIAL-DIC2021/PARCIAL-DIC2021/PROB-PARCIAL-DIC2021/PROBLEMA1_PARCIAL_dic2021.ipynb,imat-practicas,curso-1/estadistica-ii/EXAMENES AÑOS ANTERIORES/PARCIAL DIC2021/PARCIAL-DIC2021/PARCIAL-DIC2021/PROB-PARCIAL-DIC2021/PROBLEMA1_PARCIAL_dic2021.ipynb,777e65a89a24a847fa2e444f70774fb8253a7a347712884a6202931ceeb82113,incluido
1º de iMat/ESTADÍSTICA 2/EXAMENES AÑOS ANTERIORES/PARCIAL DIC2021/PARCIAL-DIC2021/PARCIAL-DIC2021/PROB-PARCIAL-DIC2021/PROBLEMA2_PARCIAL_dic2021.ipynb,imat-practicas,curso-1/estadistica-ii/EXAMENES AÑOS ANTERIORES/PARCIAL DIC2021/PARCIAL-DIC2021/PARCIAL-DIC2021/PROB-PARCIAL-DIC2021/PROBLEMA2_PARCIAL_dic2021.ipynb,f687c07ad5bba48486a992cc78f63267597143ec54a4ea179ed6f2990c23cc44,incluido
1º de iMat/ESTADÍSTICA 2/EXAMENES AÑOS ANTERIORES/PARCIAL DIC2021/PARCIAL-DIC2021/PARCIAL-DIC2021/SOLUCION-PROB-PARCIAL-DIC2021/sPROBLEMA1_PARCIAL_dic2021.ipynb,imat-practicas,curso-1/estadistica-ii/EXAMENES AÑOS ANTERIORES/PARCIAL DIC2021/PARCIAL-DIC2021/PARCIAL-DIC2021/SOLUCION-PROB-PARCIAL-DIC2021/sPROBLEMA1_PARCIAL_dic2021.ipynb,41484913202564ea998c62b8dcaf624524f3e158f2d661540c90056ab9c1153e,incluido
1º de iMat/ESTADÍSTICA 2/EXAMENES AÑOS ANTERIORES/PARCIAL DIC2021/PARCIAL-DIC2021/PARCIAL-DIC2021/SOLUCION-PROB-PARCIAL-DIC2021/sPROBLEMA2_PARCIAL_dic2021.ipynb,imat-practicas,curso-1/estadistica-ii/EXAMENES AÑOS ANTERIORES/PARCIAL DIC2021/PARCIAL-DIC2021/PARCIAL-DIC2021/SOLUCION-PROB-PARCIAL-DIC2021/sPROBLEMA2_PARCIAL_dic2021.ipynb,124a016ca4fd0317c8aede3cbee7d6026b127090919c25be9ca38ce166e5f7ea,incluido
1º de iMat/ESTADÍSTICA 2/EXAMENES AÑOS ANTERIORES/PARCIAL DIC2022/PARCIAL DIC2022/PARCIAL DIC2022/PROB-PARCIAL-DIC2022/PROB1_PARCIAL_2022_2023.ipynb,imat-practicas,curso-1/estadistica-ii/EXAMENES AÑOS ANTERIORES/PARCIAL DIC2022/PARCIAL DIC2022/PARCIAL DIC2022/PROB-PARCIAL-DIC2022/PROB1_PARCIAL_2022_2023.ipynb,535d3aab55a12750204d25a8da68a111f6e18712c29d728e0b5652599c4920b2,incluido
1º de iMat/ESTADÍSTICA 2/EXAMENES AÑOS ANTERIORES/PARCIAL DIC2022/PARCIAL DIC2022/PARCIAL DIC2022/PROB-PARCIAL-DIC2022/PROB2_PARCIAL_2022_2023.ipynb,imat-practicas,curso-1/estadistica-ii/EXAMENES AÑOS ANTERIORES/PARCIAL DIC2022/PARCIAL DIC2022/PARCIAL DIC2022/PROB-PARCIAL-DIC2022/PROB2_PARCIAL_2022_2023.ipynb,add6344706214bbaae308141378112b1164220ae1c9df0edf9f13e423a3714d7,incluido
1º de iMat/ESTADÍSTICA 2/EXAMENES AÑOS ANTERIORES/PARCIAL DIC2022/PARCIAL DIC2022/PARCIAL DIC2022/SOLUCION-PROB-PARCIAL-DIC2022/sPROB1_PARCIAL_2022_2023.ipynb,imat-practicas,curso-1/estadistica-ii/EXAMENES AÑOS ANTERIORES/PARCIAL DIC2022/PARCIAL DIC2022/PARCIAL DIC2022/SOLUCION-PROB-PARCIAL-DIC2022/sPROB1_PARCIAL_2022_2023.ipynb,d94a7962e3af51c9d486ae7dbe53176ea4478b913a396744c1b71f17c14ee502,incluido
1º de iMat/ESTADÍSTICA 2/EXAMENES AÑOS ANTERIORES/PARCIAL DIC2022/PARCIAL DIC2022/PARCIAL DIC2022/SOLUCION-PROB-PARCIAL-DIC2022/sPROB2_PARCIAL_2022_2023.ipynb,imat-practicas,curso-1/estadistica-ii/EXAMENES AÑOS ANTERIORES/PARCIAL DIC2022/PARCIAL DIC2022/PARCIAL DIC2022/SOLUCION-PROB-PARCIAL-DIC2022/sPROB2_PARCIAL_2022_2023.ipynb,2ae9c7ad0889dbc6b984b1d72acf33f699ead51ee9e70993d77802e13b54efb4,incluido
1º de iMat/ESTADÍSTICA 2/EXAMENES AÑOS ANTERIORES/PARCIAL DIC2023/PARCIAL DIC2023/PROB-PARCIAL-DIC2023/PROB1_PARCIAL_2023_2024.ipynb,imat-practicas,curso-1/estadistica-ii/EXAMENES AÑOS ANTERIORES/PARCIAL DIC2023/PARCIAL DIC2023/PROB-PARCIAL-DIC2023/PROB1_PARCIAL_2023_2024.ipynb,fe6df12f528301bc10549a916d79cfc8ea2a9abc0e8acfe018ed8e23815d90db,incluido
1º de iMat/ESTADÍSTICA 2/EXAMENES AÑOS ANTERIORES/PARCIAL DIC2023/PARCIAL DIC2023/PROB-PARCIAL-DIC2023/PROB2_PARCIAL_2023_2024.ipynb,imat-practicas,curso-1/estadistica-ii/EXAMENES AÑOS ANTERIORES/PARCIAL DIC2023/PARCIAL DIC2023/PROB-PARCIAL-DIC2023/PROB2_PARCIAL_2023_2024.ipynb,80cf5b520d19488e5ea32f5ff07eab6d36c6487a014dfdced232b9544051f150,incluido
1º de iMat/ESTADÍSTICA 2/EXAMENES AÑOS ANTERIORES/PARCIAL DIC2023/PARCIAL DIC2023/SOLUCION-PROB-PARCIAL-DIC2023/sPROB1_PARCIAL_2023_2024.ipynb,imat-practicas,curso-1/estadistica-ii/EXAMENES AÑOS ANTERIORES/PARCIAL DIC2023/PARCIAL DIC2023/SOLUCION-PROB-PARCIAL-DIC2023/sPROB1_PARCIAL_2023_2024.ipynb,b8d4a919810cedb3b4d11b1291499c9200084802c29da388b40e7bd5ac3cd8cb,incluido
1º de iMat/ESTADÍSTICA 2/EXAMENES AÑOS ANTERIORES/PARCIAL DIC2023/PARCIAL DIC2023/SOLUCION-PROB-PARCIAL-DIC2023/sPROB2_PARCIAL_2023_2024.ipynb,imat-practicas,curso-1/estadistica-ii/EXAMENES AÑOS ANTERIORES/PARCIAL DIC2023/PARCIAL DIC2023/SOLUCION-PROB-PARCIAL-DIC2023/sPROB2_PARCIAL_2023_2024.ipynb,57c7008994c4a86ee2f495c07980f3ddfedbeaa56b0005add4eb9aa747d7e75a,incluido
1º de iMat/ESTADÍSTICA 2/PRACTICAS/PR3/PR3_PRyES.ipynb,imat-practicas,curso-1/estadistica-ii/PRACTICAS/PR3/PR3_PRyES.ipynb,12e15786167af62156dfee5401cc8fc8499b50a070f565710a7443c2b79ee850,incluido
1º de iMat/ESTADÍSTICA 2/TEMA 1/T1-EJE/T1-EJE/E01T1_PRYES.ipynb,imat-practicas,curso-1/estadistica-ii/TEMA 1/T1-EJE/T1-EJE/E01T1_PRYES.ipynb,0813a5761ebec8360247ffd6160570dad6cb2ae7038300b537f3d9deae5570c5,incluido
1º de iMat/ESTADÍSTICA 2/TEMA 1/T1-EJE/T1-EJE/E02T1_PRYES.ipynb,imat-practicas,curso-1/estadistica-ii/TEMA 1/T1-EJE/T1-EJE/E02T1_PRYES.ipynb,86aacc4de6b6536b6cefe64d5ee6fb274fd115bb22d3c77fb902ae7251e317e3,incluido
1º de iMat/ESTADÍSTICA 2/TEMA 1/T1-EJE/T1-EJE/E03T1_PRYES.ipynb,imat-practicas,curso-1/estadistica-ii/TEMA 1/T1-EJE/T1-EJE/E03T1_PRYES.ipynb,3adb1787b5b0dc87fb33ace52b6ec8120d3e2ed4377d667feaeae7eb5adb5aa9,incluido
1º de iMat/ESTADÍSTICA 2/TEMA 1/T1-EJE/T1-EJE/E04T1_PRYES.ipynb,imat-practicas,curso-1/estadistica-ii/TEMA 1/T1-EJE/T1-EJE/E04T1_PRYES.ipynb,2d957a6b6d2659738bd98f919e2bd099387da18f1d0a996956ba07ccfa4b8510,incluido
1º de iMat/ESTADÍSTICA 2/TEMA 1/T1-EJE/T1-EJE/E05T1_PRYES.ipynb,imat-practicas,curso-1/estadistica-ii/TEMA 1/T1-EJE/T1-EJE/E05T1_PRYES.ipynb,699f1fc5d49631496c98d6123effe887e4a65bd76448c392d37a2765ee9917fa,incluido
1º de iMat/ESTADÍSTICA 2/TEMA 1/T1-EJE/T1-EJE/E06T1_PRYES.ipynb,imat-practicas,curso-1/estadistica-ii/TEMA 1/T1-EJE/T1-EJE/E06T1_PRYES.ipynb,7ed87a341a7f9d2ebb587fc83334a33886510733f7c51b7fe68e69952c81e1cc,incluido
1º de iMat/ESTADÍSTICA 2/TEMA 1/T1-EJE/T1-EJE/E07T1_PRYES.ipynb,imat-practicas,curso-1/estadistica-ii/TEMA 1/T1-EJE/T1-EJE/E07T1_PRYES.ipynb,2e94506ca429f3dc53cb96763095c952e60a67184d94896939c63884d91237bb,incluido
1º de iMat/ESTADÍSTICA 2/TEMA 1/T1-EJE/T1-EJE/E08T1_PRYES.ipynb,imat-practicas,curso-1/estadistica-ii/TEMA 1/T1-EJE/T1-EJE/E08T1_PRYES.ipynb,60c1d01167082f41a17cebd8c40e83ab8dd4c27b617cba87cd39e163eb63652b,incluido
1º de iMat/ESTADÍSTICA 2/TEMA 1/T1-EJE/T1-EJE/E09T1_PRYES.ipynb,imat-practicas,curso-1/estadistica-ii/TEMA 1/T1-EJE/T1-EJE/E09T1_PRYES.ipynb,e65617d9d7cf2cf9ab12a8c161f48baebaa0b31986addf863e63515f3d0ad0d5,incluido
1º de iMat/ESTADÍSTICA 2/TEMA 1/T1-EJE-SOL/T1-EJE-SOL/sE01T1_PRYES.ipynb,imat-practicas,curso-1/estadistica-ii/TEMA 1/T1-EJE-SOL/T1-EJE-SOL/sE01T1_PRYES.ipynb,ede65b1881853c1e763677219a36c114520053e4c5e8a5ec68c5f841d755d1be,incluido
1º de iMat/ESTADÍSTICA 2/TEMA 1/T1-EJE-SOL/T1-EJE-SOL/sE02T1_PRYES.ipynb,imat-practicas,curso-1/estadistica-ii/TEMA 1/T1-EJE-SOL/T1-EJE-SOL/sE02T1_PRYES.ipynb,92508380100753311b3da9a9e1ef02d9c8672efb0c768e5bca18f7d47fdf0ec7,incluido
1º de iMat/ESTADÍSTICA 2/TEMA 1/T1-EJE-SOL/T1-EJE-SOL/sE03T1_PRYES.ipynb,imat-practicas,curso-1/estadistica-ii/TEMA 1/T1-EJE-SOL/T1-EJE-SOL/sE03T1_PRYES.ipynb,eab2eaf9792b250d71740ccf2e2671aaa393a6bf1805ff3087b86b974d593189,incluido
1º de iMat/ESTADÍSTICA 2/TEMA 1/T1-EJE-SOL/T1-EJE-SOL/sE04T1_PRYES.ipynb,imat-practicas,curso-1/estadistica-ii/TEMA 1/T1-EJE-SOL/T1-EJE-SOL/sE04T1_PRYES.ipynb,bee295bf17987f672218aa1edca87c2d927226cafa0d8220e0c3dfbb4354c617,incluido
1º de iMat/ESTADÍSTICA 2/TEMA 1/T1-EJE-SOL/T1-EJE-SOL/sE05T1_PRYES.ipynb,imat-practicas,curso-1/estadistica-ii/TEMA 1/T1-EJE-SOL/T1-EJE-SOL/sE05T1_PRYES.ipynb,531bdc2a4b41e2cbf97ba5d5bdf4b34f8fe555e8c20dcb297ffb1892517cfa7d,incluido
1º de iMat/ESTADÍSTICA 2/TEMA 1/T1-EJE-SOL/T1-EJE-SOL/sE06T1_PRYES.ipynb,imat-practicas,curso-1/estadistica-ii/TEMA 1/T1-EJE-SOL/T1-EJE-SOL/sE06T1_PRYES.ipynb,43ac0c245f19b6f9616918bcd1e7266e04661735b0fafe762664d1891e414b7d,incluido
1º de iMat/ESTADÍSTICA 2/TEMA 1/T1-EJE-SOL/T1-EJE-SOL/sE07T1_PRYES.ipynb,imat-practicas,curso-1/estadistica-ii/TEMA 1/T1-EJE-SOL/T1-EJE-SOL/sE07T1_PRYES.ipynb,7a40a7974ad0e9c2778e8a55e2d3c911edc823be9b4af8eb2b357cbe16255712,incluido
1º de iMat/ESTADÍSTICA 2/TEMA 1/T1-EJE-SOL/T1-EJE-SOL/sE08T1_PRYES.ipynb,imat-practicas,curso-1/estadistica-ii/TEMA 1/T1-EJE-SOL/T1-EJE-SOL/sE08T1_PRYES.ipynb,28601649b9e528da2ad3058b758898648d46983446fdbc5141e1ea91a7708d33,incluido
1º de iMat/ESTADÍSTICA 2/TEMA 1/T1-EJE-SOL/T1-EJE-SOL/sE09T1_PRYES.ipynb,imat-practicas,curso-1/estadistica-ii/TEMA 1/T1-EJE-SOL/T1-EJE-SOL/sE09T1_PRYES.ipynb,ea2bc871c98d1e451e5a4333e950a050c245e62156a62d44793472264934504b,incluido
1º de iMat/ESTADÍSTICA 2/TRABAJO1_ESyPR/TRABAJO1_ESyPR/chu_DESCRIPTIVA_PRyES_v1.7.ipynb,imat-practicas,curso-1/estadistica-ii/TRABAJO1_ESyPR/TRABAJO1_ESyPR/chu_DESCRIPTIVA_PRyES_v1.7.ipynb,902a280e57831b9b76ea24c53885db23c2044408f4a731afdcf38b5a5c0aef2f,incluido
1º de iMat/ESTADÍSTICA 2/TRABAJO1_ESyPR/TRABAJO1_ESyPR/trabajo1 jueves.ipynb,imat-practicas,curso-1/estadistica-ii/TRABAJO1_ESyPR/TRABAJO1_ESyPR/trabajo1 jueves.ipynb,bba9a54ac167926c49443994b6fc0f3af1363cd2f65dd5253f10a23c0edf4b08,incluido
1º de iMat/ESTADÍSTICA 2/TRABAJO1_ESyPR/TRABAJO1_ESyPR/trabajo1_final.ipynb,imat-practicas,curso-1/estadistica-ii/TRABAJO1_ESyPR/TRABAJO1_ESyPR/trabajo1_final.ipynb,966c7d7de457cb8c91d1112cbead1e75f0798641c0d9b1850ec45c84af0f3836,incluido
1º de iMat/FINAL_PRGRA2/ejercicio 1/ejercicio1.py,imat-practicas,curso-1/programacion-ii-examen/ejercicio 1/ejercicio1.py,7871107876ebec995ade736ebae0c75fcdca5a78526820248ce470e8797ed197,excluido: sintaxis incompleta
1º de iMat/FINAL_PRGRA2/ejercicio 2/ejercicio2.py,imat-practicas,curso-1/programacion-ii-examen/ejercicio 2/ejercicio2.py,338d362dd434036dd37389b892c8b433396ec711ba47bf38f7d49d0e85dabc74,excluido: sintaxis incompleta
1º de iMat/PROGRA 2/03.bucles_condicionales.ipynb,imat-practicas,curso-1/programacion-ii/03.bucles_condicionales.ipynb,b62b306d195381bd35d4edd79e46cf0a49b3fce6d575acfd735f1ee22f130b63,incluido
1º de iMat/PROGRA 2/04.calculadora (1).ipynb,imat-practicas,curso-1/programacion-ii/04.calculadora (1).ipynb,84475668ff64b2f8820bee3a05de9ba312ab6c4ea31904650dca90a1983591eb,incluido
1º de iMat/PROGRA 2/05.wordlet.ipynb,imat-practicas,curso-1/programacion-ii/05.wordlet.ipynb,416e80d68eba467d435790227ce6a98231738e08e4dc2b8d08bf965d572bf80f,incluido
1º de iMat/PROGRA 2/06.estructurada-piedra.ipynb,imat-practicas,curso-1/programacion-ii/06.estructurada-piedra.ipynb,7314e3baa838df5643481f9acc373914a362e8729b08cf28a503e5deddbcf1e7,incluido
1º de iMat/PROGRA 2/07a.listas_sumas.ipynb,imat-practicas,curso-1/programacion-ii/07a.listas_sumas.ipynb,b1e94d54935d76e00d14ffd70315bdd2e96de536056aba43ce4764ee3377e6e2,incluido
1º de iMat/PROGRA 2/codigo_ejemplo_carga_datos_2025.ipynb,imat-practicas,curso-1/programacion-ii/codigo_ejemplo_carga_datos_2025.ipynb,81d1c6a56d20cdb436e07ab4438a7a29c4ec653c9e4c27f7c223ac5e62e3057c,incluido
1º de iMat/PROGRA 2/constantes.py,imat-practicas,curso-1/programacion-ii/constantes.py,a7040fa60cbb3cb27a0d4ad7a1b324b9056bfbe470564698d238e9ce5f13b12c,incluido
1º de iMat/PROGRA 2/crear_fichero_5letras.py,imat-practicas,curso-1/programacion-ii/crear_fichero_5letras.py,f5147623f791ddd6dbe774cb7fd2f0512872ddad30cf6e12d2a277d9c7af0829,incluido
1º de iMat/PROGRA 2/excepciones.py,imat-practicas,curso-1/programacion-ii/excepciones.py,abf0c0162f9c0bc562e6d478712011105752aa9fe28b9f1d0b8f13c2972b5412,incluido
1º de iMat/PROGRA 2/exjun.py,imat-practicas,curso-1/programacion-ii/exjun.py,3f096c7a41fea9a653d92d5f347ae76007b64668131ac7445467d16ab892fb88,incluido
1º de iMat/PROGRA 2/operaciones.py,imat-practicas,curso-1/programacion-ii/operaciones.py,a48a3113ecdb88589c3f80711fe32cc157bbdd8d1cda0c887fc5b82da026dff4,incluido
1º de iMat/PROGRA 2/practica.py,imat-practicas,curso-1/programacion-ii/practica.py,7cb5124f446c000fb25c8691f5bf9177601b294e2ff7c228fe8098fd3c3fc033,incluido
1º de iMat/PROGRA 2/practica13.py,imat-practicas,curso-1/programacion-ii/practica13.py,40cb35b5c8b468bd56b9e627ff6ee1eeb98b6988139c4c15f352ce3de782cda5,incluido
1º de iMat/PROGRA 2/wordlet.py,imat-practicas,curso-1/programacion-ii/wordlet.py,af744390a2f45e161fa63e92c07e54a21f5f6286368638f190787c019ef41ae2,incluido
2º de iMat/1er cuatri/ADQUISICIÓN/CODIGOS DE CLASE/CLASES_0611_1111/json_example.py,imat-practicas,curso-2/adquisicion-datos/CODIGOS DE CLASE/CLASES_0611_1111/json_example.py,94f2757785022778e81e591b8cf6f9bd756f96c6eab2697d8c53d07fd6bcb01b,incluido
2º de iMat/1er cuatri/ADQUISICIÓN/CODIGOS DE CLASE/CLASES_0611_1111/my_servidor.py,imat-practicas,curso-2/adquisicion-datos/CODIGOS DE CLASE/CLASES_0611_1111/my_servidor.py,a2242ccb9ea711d25fa8d9073843c331a3d77c10a2a72675c68b61b4cb7b52be,incluido
2º de iMat/1er cuatri/ADQUISICIÓN/CODIGOS DE CLASE/CLASES_0611_1111/my_servidor2.py,imat-practicas,curso-2/adquisicion-datos/CODIGOS DE CLASE/CLASES_0611_1111/my_servidor2.py,c6c6fd5fa1a7e8822200ae31c167e9e219c49e39b5b491b4bf50dc033b5db287,incluido
2º de iMat/1er cuatri/ADQUISICIÓN/CODIGOS DE CLASE/CLASES_0611_1111/request_example.py,imat-practicas,curso-2/adquisicion-datos/CODIGOS DE CLASE/CLASES_0611_1111/request_example.py,7a5962dd4d83d6205dcfc8498647d6ab907d843e7ab1d41aa59b86438b99b13a,incluido
2º de iMat/1er cuatri/ADQUISICIÓN/CODIGOS DE CLASE/CLASES_0611_1111/templates/formulario_saludar.html,imat-practicas,curso-2/adquisicion-datos/CODIGOS DE CLASE/CLASES_0611_1111/templates/formulario_saludar.html,c4497843c856ed46842f294e1319174a0cf8605243476156393f6913cddaba78,incluido
2º de iMat/1er cuatri/ADQUISICIÓN/CODIGOS DE CLASE/CLASES_0611_1111/templates/gato.html,imat-practicas,curso-2/adquisicion-datos/CODIGOS DE CLASE/CLASES_0611_1111/templates/gato.html,796a3ff0ed26f6875eb69bd7893b36e73e77c64f620b527289042f11f85ed60c,incluido
2º de iMat/1er cuatri/ADQUISICIÓN/CODIGOS DE CLASE/CLASES_0611_1111/templates/saludar.html,imat-practicas,curso-2/adquisicion-datos/CODIGOS DE CLASE/CLASES_0611_1111/templates/saludar.html,2ee98f8257169c125d3d7c74c0639f3aa9a2ea0af1de5e1909334a32b0467187,incluido
2º de iMat/1er cuatri/ADQUISICIÓN/CODIGOS DE CLASE/CLASES_0611_1111/templates/styles.css,imat-practicas,curso-2/adquisicion-datos/CODIGOS DE CLASE/CLASES_0611_1111/templates/styles.css,e3b0c44298fc1c149afbf4c8996fb92427ae41e4649b934ca495991b7852b855,incluido
2º de iMat/1er cuatri/ADQUISICIÓN/examenes_adquisicion[1]/examenes_adquisicion_recu/examen adquisicion recuperacion 24-25/exam_main.py,imat-practicas,curso-2/adquisicion-datos/examenes_adquisicion[1]/examenes_adquisicion_recu/examen adquisicion recuperacion 24-25/exam_main.py,89ab71b2f07c2e5956b87313eb0d499a14879e4466707a78a4901d6721a57de5,incluido
2º de iMat/1er cuatri/ADQUISICIÓN/examenes_adquisicion[1]/examenes_adquisicion_recu/examen adquisicion recuperacion 24-25/main.ipynb,imat-practicas,curso-2/adquisicion-datos/examenes_adquisicion[1]/examenes_adquisicion_recu/examen adquisicion recuperacion 24-25/main.ipynb,258af3dddfdaa08408cfc0e957b2f40bb1b8b93466446103e115147547fee776,incluido
2º de iMat/1er cuatri/ADQUISICIÓN/examenes_adquisicion[1]/examenes_adquisicion_recu/examenes adquisicion 25-26/solution_inter/exam_main_solution.ipynb,imat-practicas,curso-2/adquisicion-datos/examenes_adquisicion[1]/examenes_adquisicion_recu/examenes adquisicion 25-26/solution_inter/exam_main_solution.ipynb,8ee671171474ad90e99197df5badda4863e4300a4c60ff36bedefca423e6fedf,incluido
2º de iMat/1er cuatri/ADQUISICIÓN/examenes_adquisicion[1]/examenes_adquisicion_recu/examen_creado_por_mi/ejercicio2.ipynb,imat-practicas,curso-2/adquisicion-datos/examenes_adquisicion[1]/examenes_adquisicion_recu/examen_creado_por_mi/ejercicio2.ipynb,58b00a9aa0b45b41d4f9830d4411a0c822f842e446fbb2e54c58de14e1e83785,incluido
2º de iMat/1er cuatri/ADQUISICIÓN/examenes_adquisicion[1]/examenes_adquisicion_recu/examen_creado_por_mi/ejercicio3.ipynb,imat-practicas,curso-2/adquisicion-datos/examenes_adquisicion[1]/examenes_adquisicion_recu/examen_creado_por_mi/ejercicio3.ipynb,ddfee29b6777ebbf830dd3a0751f6f4d871adc0e73150b4a1b63288d721a8465,incluido
2º de iMat/1er cuatri/ADQUISICIÓN/examenes_adquisicion[1]/examenes_adquisicion_recu/examen_creado_por_mi/main.ipynb,imat-practicas,curso-2/adquisicion-datos/examenes_adquisicion[1]/examenes_adquisicion_recu/examen_creado_por_mi/main.ipynb,8f334352d0c5cde4ef8c8656ef5bb4f7da261a46a99e7c33c3c205e7043a6e65,incluido
2º de iMat/1er cuatri/ADQUISICIÓN/examenes_adquisicion[1]/examenes_adquisicion_recu/exámenes adquisicion 23-24/final 23-24/exam_main.py,imat-practicas,curso-2/adquisicion-datos/examenes_adquisicion[1]/examenes_adquisicion_recu/exámenes adquisicion 23-24/final 23-24/exam_main.py,3ffbf256656c136e7130bda4d210f2e78127d1cf1d4d2608583f0ffe866411e7,incluido
2º de iMat/1er cuatri/ADQUISICIÓN/examenes_adquisicion[1]/examenes_adquisicion_recu/exámenes adquisicion 23-24/final 23-24/practica.py,imat-practicas,curso-2/adquisicion-datos/examenes_adquisicion[1]/examenes_adquisicion_recu/exámenes adquisicion 23-24/final 23-24/practica.py,e3b0c44298fc1c149afbf4c8996fb92427ae41e4649b934ca495991b7852b855,incluido
2º de iMat/1er cuatri/ADQUISICIÓN/examenes_adquisicion[1]/examenes_adquisicion_recu/exámenes adquisicion 23-24/final 23-24/pruebas.ipynb,imat-practicas,curso-2/adquisicion-datos/examenes_adquisicion[1]/examenes_adquisicion_recu/exámenes adquisicion 23-24/final 23-24/pruebas.ipynb,18ba4b80717870266945d8f1983ba2f0cebfd3aaee640fd15161bfbdf5d392c7,incluido
2º de iMat/1er cuatri/ADQUISICIÓN/examenes_adquisicion[1]/examenes_adquisicion_recu/exámenes adquisicion 23-24/final 23-24/sucio.ipynb,imat-practicas,curso-2/adquisicion-datos/examenes_adquisicion[1]/examenes_adquisicion_recu/exámenes adquisicion 23-24/final 23-24/sucio.ipynb,ac9b63c7aaa100283dc3e11a29bb79a0150da501fae62e3b97b078ae90b4ab3c,incluido
2º de iMat/1er cuatri/ADQUISICIÓN/examenes_adquisicion[1]/examenes_adquisicion_recu/exámenes adquisicion 23-24/inter 23-24/examen_mi_solucion.ipynb,imat-practicas,curso-2/adquisicion-datos/examenes_adquisicion[1]/examenes_adquisicion_recu/exámenes adquisicion 23-24/inter 23-24/examen_mi_solucion.ipynb,f75193ee28b8fa45763f8aa562abaa88182991cc0f5b405a4f6b0fb1503931e1,incluido
2º de iMat/1er cuatri/ADQUISICIÓN/examenes_adquisicion[1]/examenes_adquisicion_recu/exámenes adquisicion 23-24/inter 23-24/main.py,imat-practicas,curso-2/adquisicion-datos/examenes_adquisicion[1]/examenes_adquisicion_recu/exámenes adquisicion 23-24/inter 23-24/main.py,30fe529df6681d86a4f933057aad64095abe25efb33bb98141240ceb131ba691,incluido
2º de iMat/1er cuatri/ADQUISICIÓN/examenes_adquisicion[1]/examenes_adquisicion_recu/exámenes adquisicion 23-24/inter 23-24/mi_resolucion_parcial.ipynb,imat-practicas,curso-2/adquisicion-datos/examenes_adquisicion[1]/examenes_adquisicion_recu/exámenes adquisicion 23-24/inter 23-24/mi_resolucion_parcial.ipynb,615696a151289c203776e2beea2877fdfca312ecbefba70b3179bf708cadb55a,incluido
2º de iMat/1er cuatri/ADQUISICIÓN/examenes_adquisicion[1]/examenes_adquisicion_recu/exámenes adquisicion 24-25/Examen final/dsfno.ipynb,imat-practicas,curso-2/adquisicion-datos/examenes_adquisicion[1]/examenes_adquisicion_recu/exámenes adquisicion 24-25/Examen final/dsfno.ipynb,03d4a9e0e80f66eda6842df31cb28861605b60794388f90859949921b244252d,incluido
2º de iMat/1er cuatri/ADQUISICIÓN/examenes_adquisicion[1]/examenes_adquisicion_recu/exámenes adquisicion 24-25/Examen final/exam_main.py,imat-practicas,curso-2/adquisicion-datos/examenes_adquisicion[1]/examenes_adquisicion_recu/exámenes adquisicion 24-25/Examen final/exam_main.py,6c6167e306a306a39d35f2813ed5b94646940ebdcad2c69814fa91c173d9b6ac,incluido
2º de iMat/1er cuatri/ADQUISICIÓN/examenes_adquisicion[1]/examenes_adquisicion_recu/exámenes adquisicion 24-25/Examen final/main.ipynb,imat-practicas,curso-2/adquisicion-datos/examenes_adquisicion[1]/examenes_adquisicion_recu/exámenes adquisicion 24-25/Examen final/main.ipynb,1ece60f058606770a95a620a0d3e56d7eb3d073571af6f0a96526d1a0fd5cca7,incluido
2º de iMat/1er cuatri/ADQUISICIÓN/examenes_adquisicion[1]/examenes_adquisicion_recu/exámenes adquisicion 24-25/Examen final/prueba.py,imat-practicas,curso-2/adquisicion-datos/examenes_adquisicion[1]/examenes_adquisicion_recu/exámenes adquisicion 24-25/Examen final/prueba.py,e04e70f81c521513b9edda4f5504f3e47c211229c03d1e76664b99b3d1e3ada5,incluido
2º de iMat/1er cuatri/ADQUISICIÓN/examenes_adquisicion[1]/examenes_adquisicion_recu/exámenes adquisicion 24-25/Examen final/pruebas.ipynb,imat-practicas,curso-2/adquisicion-datos/examenes_adquisicion[1]/examenes_adquisicion_recu/exámenes adquisicion 24-25/Examen final/pruebas.ipynb,6ac826d0f6de242c145f9d4c98b4ca07274fd3f0d76bf3edfe590bc6ae8c180e,incluido
2º de iMat/1er cuatri/ADQUISICIÓN/examenes_adquisicion[1]/examenes_adquisicion_recu/exámenes adquisicion 24-25/Examen final/sfdb.ipynb,imat-practicas,curso-2/adquisicion-datos/examenes_adquisicion[1]/examenes_adquisicion_recu/exámenes adquisicion 24-25/Examen final/sfdb.ipynb,ac74e4ceaec710baf337d0c26648794d0fabf52d22c09854b47ba43c2770e274,incluido
2º de iMat/1er cuatri/ADQUISICIÓN/examenes_adquisicion[1]/examenes_adquisicion_recu/exámenes adquisicion 24-25/Inter adquisición 24-25/exam_main.py,imat-practicas,curso-2/adquisicion-datos/examenes_adquisicion[1]/examenes_adquisicion_recu/exámenes adquisicion 24-25/Inter adquisición 24-25/exam_main.py,672c168af5dd933d93d20661eeacac5d6a7788b58de0ae1f82c298a3daa1e131,incluido
2º de iMat/1er cuatri/ADQUISICIÓN/final/Materiales Parte Práctica-20251222/efddfs.py,imat-practicas,curso-2/adquisicion-datos/final/Materiales Parte Práctica-20251222/efddfs.py,37afc60aa82fb39b3434f2a09aba3d63b27d237d23755be3387b062505e59e66,excluido: sintaxis incompleta
2º de iMat/1er cuatri/ADQUISICIÓN/final/Materiales Parte Práctica-20251222/exam_main.py,imat-practicas,curso-2/adquisicion-datos/final/Materiales Parte Práctica-20251222/exam_main.py,9d48312aa590b913db4ac22f1a5e175c47c97cda5a555b5d1327c38b44bad41b,incluido
2º de iMat/1er cuatri/ADQUISICIÓN/final/Materiales Parte Práctica-20251222/sdg.ipynb,imat-practicas,curso-2/adquisicion-datos/final/Materiales Parte Práctica-20251222/sdg.ipynb,3aeede588269a8d656b8f1565864af39bf41949777a985678e545804f27f5067,incluido
2º de iMat/1er cuatri/ADQUISICIÓN/final/Materiales Parte Práctica-20251222/Untitled-1.py,imat-practicas,curso-2/adquisicion-datos/final/Materiales Parte Práctica-20251222/Untitled-1.py,1b07e95b6bf9f0810f6c45e7f50e9762ee738392e6d8885c7fd38e3892763832,incluido
2º de iMat/1er cuatri/ADQUISICIÓN/final/Materiales Parte Práctica-20251222/wsgr.ipynb,imat-practicas,curso-2/adquisicion-datos/final/Materiales Parte Práctica-20251222/wsgr.ipynb,82d87b97382ff1d6c75ed79a98d73ee97b02c28e47f639c07ae1e0a239032a1b,incluido
2º de iMat/1er cuatri/ADQUISICIÓN/PRACTICA_2/airbnb_main.py,imat-practicas,curso-2/adquisicion-datos/PRACTICA_2/airbnb_main.py,ca94355411a08748f64b984b3be7ff4ade392ec868ca4851127af7b8faf34275,incluido
2º de iMat/1er cuatri/ADQUISICIÓN/PRACTICA_3/apartado1.py,imat-practicas,curso-2/adquisicion-datos/PRACTICA_3/apartado1.py,e3b0c44298fc1c149afbf4c8996fb92427ae41e4649b934ca495991b7852b855,incluido
2º de iMat/1er cuatri/ADQUISICIÓN/practica_final/efvon.ipynb,imat-practicas,curso-2/adquisicion-datos/practica_final/efvon.ipynb,59a9f18d33cdd52c1bb8eab9f2adac7816b9c1e04725321189f300c8f9310211,incluido
2º de iMat/1er cuatri/ADQUISICIÓN/practica_final/fdiv.ipynb,imat-practicas,curso-2/adquisicion-datos/practica_final/fdiv.ipynb,91e37a9db3b7d4e74b8e7732b50227ad794a30115bd1d2f5d660c48df2a90df4,incluido
2º de iMat/1er cuatri/ADQUISICIÓN/practica_final/fdvn.ipynb,imat-practicas,curso-2/adquisicion-datos/practica_final/fdvn.ipynb,db4da9675cea86311cd328a80ba19ff08514c727e5c4a0a0fffcde5262f9dcf9,incluido
2º de iMat/1er cuatri/ADQUISICIÓN/practica_final/PRACTICA_2.py,imat-practicas,curso-2/adquisicion-datos/practica_final/PRACTICA_2.py,119b4a363ed2874750bd7e730f8b2541deb9c63107eb398d4ec2cc2be75322a5,incluido
2º de iMat/1er cuatri/ADQUISICIÓN/practica_final/carpeta chat/Ejercicios_Limpieza_Tratamiento_Datos_Enunciado.ipynb,imat-practicas,curso-2/adquisicion-datos/practica_final/carpeta chat/Ejercicios_Limpieza_Tratamiento_Datos_Enunciado.ipynb,f6e2dafd6423095a021f4f9816a471b2aba61b04e6748377e21774679ad58287,incluido
2º de iMat/1er cuatri/ADQUISICIÓN/practica_final/carpeta chat/Ejercicios_Limpieza_Tratamiento_Datos_Solución.ipynb,imat-practicas,curso-2/adquisicion-datos/practica_final/carpeta chat/Ejercicios_Limpieza_Tratamiento_Datos_Solución.ipynb,e661b6bb678e488bb2aedd62bb9f0474656b77ae4acc6869126c774445ffb071,incluido
2º de iMat/1er cuatri/ADQUISICIÓN/practica_final/carpeta chat/exam_main.py,imat-practicas,curso-2/adquisicion-datos/practica_final/carpeta chat/exam_main.py,89ab71b2f07c2e5956b87313eb0d499a14879e4466707a78a4901d6721a57de5,incluido
2º de iMat/1er cuatri/ADQUISICIÓN/practica_final/carpeta chat/exercise_with_solutions (2).ipynb,imat-practicas,curso-2/adquisicion-datos/practica_final/carpeta chat/exercise_with_solutions (2).ipynb,1197ac2bedbcb5ce4c08f5e6ad3f5b0e569c8e721dbafa205779143cacd46dc6,incluido
2º de iMat/1er cuatri/ADQUISICIÓN/practica_final/carpeta chat/main.ipynb,imat-practicas,curso-2/adquisicion-datos/practica_final/carpeta chat/main.ipynb,258af3dddfdaa08408cfc0e957b2f40bb1b8b93466446103e115147547fee776,incluido
2º de iMat/1er cuatri/ADQUISICIÓN/practica_final/carpeta chat/Pandas_Limpieza_y_Tratamiento.ipynb,imat-practicas,curso-2/adquisicion-datos/practica_final/carpeta chat/Pandas_Limpieza_y_Tratamiento.ipynb,a2ed1ae593a1d2310e35a30ea3fca9c87e39ea829b3865d664ff98ffc8078115,incluido
2º de iMat/1er cuatri/ADQUISICIÓN/practica_final/carpeta chat/Teoría_pandas_DataFrames.ipynb,imat-practicas,curso-2/adquisicion-datos/practica_final/carpeta chat/Teoría_pandas_DataFrames.ipynb,5b34c896763e4c4a4cd1aab275ea527a0759ffd3b27382d0693078d05a58fde1,incluido
2º de iMat/1er cuatri/ADQUISICIÓN/practica_final/carpeta chat/Teoría_pandas_ejercicios_enunciado.ipynb,imat-practicas,curso-2/adquisicion-datos/practica_final/carpeta chat/Teoría_pandas_ejercicios_enunciado.ipynb,be6288aed230d7d581ce2da732424a8dc2c188f6b53c3288f2f4c3b18e63adaa,incluido
2º de iMat/1er cuatri/ADQUISICIÓN/practica_final/carpeta chat/Teoría_pandas_ejercicios_solución.ipynb,imat-practicas,curso-2/adquisicion-datos/practica_final/carpeta chat/Teoría_pandas_ejercicios_solución.ipynb,458631e6cd914ab1c28e426cfd0aec2d7ded0d14641ef254fbb90f5e09465774,incluido
2º de iMat/1er cuatri/ADQUISICIÓN/PRACTICA_INTER/intersemestral_practica_guiada.ipynb,imat-practicas,curso-2/adquisicion-datos/PRACTICA_INTER/intersemestral_practica_guiada.ipynb,276eaceb27a265dcd69eeca762884c230531eb2633e1c18570deafa5f02b9db3,incluido
2º de iMat/1er cuatri/ADQUISICIÓN/PRACTICA_INTER/Practica_Pandas_Ejercicios_Vacios.ipynb,imat-practicas,curso-2/adquisicion-datos/PRACTICA_INTER/Practica_Pandas_Ejercicios_Vacios.ipynb,75f10a61b8a8fa2913e96b86f3496b6de1a6f402c99805c9179457f6d6b68dc4,incluido
2º de iMat/1er cuatri/ADQUISICIÓN/PRACTICA_INTER/Practica_Pandas_Repaso_Intersemestral.ipynb,imat-practicas,curso-2/adquisicion-datos/PRACTICA_INTER/Practica_Pandas_Repaso_Intersemestral.ipynb,bc7576322e38e18f02da9ecc64f6a49e96c9013fbea99c336fb2bf546f3cd15a,incluido
2º de iMat/1er cuatri/ADQUISICIÓN/recuperacion/Materiales Parte Práctica-20260610/exam_main.py,imat-practicas,curso-2/adquisicion-datos/recuperacion/Materiales Parte Práctica-20260610/exam_main.py,60818a12fa042434fd40ce63ebe970f48bcd5a9810b5b0193027c02b81c6c190,incluido
2º de iMat/1er cuatri/ADQUISICIÓN/recuperacion/Materiales Parte Práctica-20260610/prueba.ipynb,imat-practicas,curso-2/adquisicion-datos/recuperacion/Materiales Parte Práctica-20260610/prueba.ipynb,efc790b1f364606a8fffed11f17218eebb6647ea0746f15239a515aca7403015,incluido
2º de iMat/1er cuatri/ADQUISICIÓN/TEMA1/Ejercicios_Limpieza_Tratamiento_Datos_Enunciado.ipynb,imat-practicas,curso-2/adquisicion-datos/TEMA1/Ejercicios_Limpieza_Tratamiento_Datos_Enunciado.ipynb,6453e5cd2154147d5866534fd62ed0b104816ee4f38cb464511fd4ea2558ada6,incluido
2º de iMat/1er cuatri/ADQUISICIÓN/TEMA1/Ejercicios_Limpieza_Tratamiento_Datos_Solución.ipynb,imat-practicas,curso-2/adquisicion-datos/TEMA1/Ejercicios_Limpieza_Tratamiento_Datos_Solución.ipynb,e661b6bb678e488bb2aedd62bb9f0474656b77ae4acc6869126c774445ffb071,incluido
2º de iMat/1er cuatri/ADQUISICIÓN/TEMA1/exercise (1).ipynb,imat-practicas,curso-2/adquisicion-datos/TEMA1/exercise (1).ipynb,b9e84aafa1636f2788e88388eb71d1556ed197ba59954c5cffbce4f3bbe8cd7b,incluido
2º de iMat/1er cuatri/ADQUISICIÓN/TEMA1/exercise_with_solutions (2).ipynb,imat-practicas,curso-2/adquisicion-datos/TEMA1/exercise_with_solutions (2).ipynb,1197ac2bedbcb5ce4c08f5e6ad3f5b0e569c8e721dbafa205779143cacd46dc6,incluido
2º de iMat/1er cuatri/ADQUISICIÓN/TEMA1/Pandas_Limpieza_y_Tratamiento.ipynb,imat-practicas,curso-2/adquisicion-datos/TEMA1/Pandas_Limpieza_y_Tratamiento.ipynb,a2ed1ae593a1d2310e35a30ea3fca9c87e39ea829b3865d664ff98ffc8078115,incluido
2º de iMat/1er cuatri/ADQUISICIÓN/TEMA1/Repaso_pandas_Solucion_clear.ipynb,imat-practicas,curso-2/adquisicion-datos/TEMA1/Repaso_pandas_Solucion_clear.ipynb,f932491e27579d36b7963fe5352bf9c0c47c9cf1b980ccbf3e625aa2daf80ea9,incluido
2º de iMat/1er cuatri/ADQUISICIÓN/TEMA1/Repaso_pandas_Solucion.ipynb,imat-practicas,curso-2/adquisicion-datos/TEMA1/Repaso_pandas_Solucion.ipynb,7b493ddd2cdc4320d5a161a0262650cbed235a713c606194ac8ef9990f89ad7c,incluido
2º de iMat/1er cuatri/ADQUISICIÓN/TEMA1/solution (1).py,imat-practicas,curso-2/adquisicion-datos/TEMA1/solution (1).py,622ee57ff34750649535cabedbd613d77d278db708a8b820c823a0ae1c15a9c7,incluido
2º de iMat/1er cuatri/ADQUISICIÓN/TEMA1/Teoría_pandas_DataFrames.ipynb,imat-practicas,curso-2/adquisicion-datos/TEMA1/Teoría_pandas_DataFrames.ipynb,5b34c896763e4c4a4cd1aab275ea527a0759ffd3b27382d0693078d05a58fde1,incluido
2º de iMat/1er cuatri/ADQUISICIÓN/TEMA1/Teoría_pandas_ejercicios_enunciado.ipynb,imat-practicas,curso-2/adquisicion-datos/TEMA1/Teoría_pandas_ejercicios_enunciado.ipynb,be6288aed230d7d581ce2da732424a8dc2c188f6b53c3288f2f4c3b18e63adaa,incluido
2º de iMat/1er cuatri/ADQUISICIÓN/TEMA1/Teoría_pandas_ejercicios_solución.ipynb,imat-practicas,curso-2/adquisicion-datos/TEMA1/Teoría_pandas_ejercicios_solución.ipynb,458631e6cd914ab1c28e426cfd0aec2d7ded0d14641ef254fbb90f5e09465774,incluido
2º de iMat/1er cuatri/ADQUISICIÓN/TEMA2/data_organization (1).ipynb,imat-practicas,curso-2/adquisicion-datos/TEMA2/data_organization (1).ipynb,48c068beb5dacb346a0772251c32441aeffda373450c0628c2ee5303898e9da5,incluido
2º de iMat/1er cuatri/ADQUISICIÓN/TEMA2/data_organization_clear (2).ipynb,imat-practicas,curso-2/adquisicion-datos/TEMA2/data_organization_clear (2).ipynb,d2e0ef2ff3ff45bd65896c2ca23af8fa49c006cfab9d3664c8a675e13ac5d8c7,incluido
2º de iMat/1er cuatri/ADQUISICIÓN/TEMA3/cards_clear.ipynb,imat-practicas,curso-2/adquisicion-datos/TEMA3/cards_clear.ipynb,31b69058ba10c25616aaa664e99381128f576486c8143e116a53b8c3fe0914cb,incluido
2º de iMat/1er cuatri/ADQUISICIÓN/TEMA3/cards.ipynb,imat-practicas,curso-2/adquisicion-datos/TEMA3/cards.ipynb,67412e17afed8c826fd738bba97ba5ef15c5e1e75a3f73d20b8d398da88981f8,incluido
2º de iMat/1er cuatri/ADQUISICIÓN/TEMA3/crawler.py,imat-practicas,curso-2/adquisicion-datos/TEMA3/crawler.py,4b82982c0a23a9869643bd22655181c7ed09ad0473114979e610758648a42396,incluido
2º de iMat/1er cuatri/ADQUISICIÓN/TEMA3/examples_clear.ipynb,imat-practicas,curso-2/adquisicion-datos/TEMA3/examples_clear.ipynb,784607252b619218698111f43ad8fe8c826a87d08d2ed8f3b8a632301e950982,incluido
2º de iMat/1er cuatri/ADQUISICIÓN/TEMA3/examples_short_class.ipynb,imat-practicas,curso-2/adquisicion-datos/TEMA3/examples_short_class.ipynb,07955eb03e1f9c8313a3aa499c0f534c026c137121a1a0f62385a2e889caf95b,incluido
2º de iMat/1er cuatri/ADQUISICIÓN/TEMA3/examples.ipynb,imat-practicas,curso-2/adquisicion-datos/TEMA3/examples.ipynb,dce1cdadf25d8dca768ff751bc6a23dd8d781656072018fa7eed32e4abd21fb2,incluido
2º de iMat/1er cuatri/ADQUISICIÓN/TEMA3/language_detector.ipynb,imat-practicas,curso-2/adquisicion-datos/TEMA3/language_detector.ipynb,74d3470a8f5f4e15d95970cd3fe317283a68f2663769a26a7c254e85aa986a0b,incluido
2º de iMat/1er cuatri/ADQUISICIÓN/TEMA3/star_wars.ipynb,imat-practicas,curso-2/adquisicion-datos/TEMA3/star_wars.ipynb,7c18faa2caea1ef4f4977bbef285a5d238cb46a96a10c99e47a303a0e09becfe,incluido
2º de iMat/1er cuatri/DISCRETA/Nueva carpeta/rsa.py,imat-practicas,curso-2/matematica-discreta/Nueva carpeta/rsa.py,d263b5dace6c71e16746ea3942337ed856ddc1a9fbac662ea72b8d7413a9b47a,incluido
2º de iMat/1er cuatri/DISCRETA/PRACTICA_1/imatlab_benchmark.py,imat-practicas,curso-2/matematica-discreta/PRACTICA_1/imatlab_benchmark.py,0b114afe85f4a21b7e99a85ad388e5f52a4a624bb150b9b67a6a0f82aab778d6,incluido
2º de iMat/1er cuatri/DISCRETA/PRACTICA_1/imatlab.py,imat-practicas,curso-2/matematica-discreta/PRACTICA_1/imatlab.py,280364d0f1485fcdf4e32e7afae076922fd67f57a8bd701ee8d71daa1ba5daeb,incluido
2º de iMat/1er cuatri/DISCRETA/PRACTICA_1/modular.py,imat-practicas,curso-2/matematica-discreta/PRACTICA_1/modular.py,c95ce0c93315c082c25ecdd03db460b293ba88927f9cf216c6c73c654e69e083,incluido
2º de iMat/1er cuatri/DISCRETA/PRACTICA_1/Materiales Práctica 1-20250923/imatlab_benchmark.py,imat-practicas,curso-2/matematica-discreta/PRACTICA_1/Materiales Práctica 1-20250923/imatlab_benchmark.py,aae98dc5e412513a4d3eabbf7a839ec52cc3fd5b63ac1fc240aea546762253f9,incluido
2º de iMat/1er cuatri/DISCRETA/PRACTICA_1/Materiales Práctica 1-20250923/imatlab.py,imat-practicas,curso-2/matematica-discreta/PRACTICA_1/Materiales Práctica 1-20250923/imatlab.py,a9658892771f5c3f03b89d0791d1770aff9aed8884f84a3c43bac1a4213b0bf9,incluido
2º de iMat/1er cuatri/DISCRETA/PRACTICA_1/Materiales Práctica 1-20250923/modular.py,imat-practicas,curso-2/matematica-discreta/PRACTICA_1/Materiales Práctica 1-20250923/modular.py,bde69a23dcd682f0fa07914093e77456616aeb5479d2e87e7368fbf5ac8c09d8,incluido
2º de iMat/1er cuatri/DISCRETA/PRACTICA_1/Materiales Práctica 1-20250923/test_imatlab.py,imat-practicas,curso-2/matematica-discreta/PRACTICA_1/Materiales Práctica 1-20250923/test_imatlab.py,eda72802ea784df2954b01757c4b8b8764587a8324a27cf6dda67dc21e9abb7b,incluido
2º de iMat/1er cuatri/DISCRETA/PRACTICA_1/Materiales Práctica 1-20250923/test_P1_es_primo.py,imat-practicas,curso-2/matematica-discreta/PRACTICA_1/Materiales Práctica 1-20250923/test_P1_es_primo.py,8872c46b5f3afe5a22d2815b6897248e0eb5674cb42cb2de61f44bda0fe01dda,incluido
2º de iMat/1er cuatri/DISCRETA/PRACTICA_1/Materiales Práctica 1-20250923/test_P10_legendre.py,imat-practicas,curso-2/matematica-discreta/PRACTICA_1/Materiales Práctica 1-20250923/test_P10_legendre.py,e17ec6949b74c3ec6857c449fc74449ede66ac4cf13f652114a3abbe32988d71,incluido
2º de iMat/1er cuatri/DISCRETA/PRACTICA_1/Materiales Práctica 1-20250923/test_P11_P12_sistema.py,imat-practicas,curso-2/matematica-discreta/PRACTICA_1/Materiales Práctica 1-20250923/test_P11_P12_sistema.py,3c0484db41482eccc2922c19ea43c3a1f587690b989d7521e5710c91b8d0e33b,incluido
2º de iMat/1er cuatri/DISCRETA/PRACTICA_1/Materiales Práctica 1-20250923/test_P13_P14_raiz.py,imat-practicas,curso-2/matematica-discreta/PRACTICA_1/Materiales Práctica 1-20250923/test_P13_P14_raiz.py,67c7f16b42df9b8e96bc7bbf020a4265f88287a939e72903fd6b12aaaba4259a,incluido
2º de iMat/1er cuatri/DISCRETA/PRACTICA_1/Materiales Práctica 1-20250923/test_P2_lista_primos.py,imat-practicas,curso-2/matematica-discreta/PRACTICA_1/Materiales Práctica 1-20250923/test_P2_lista_primos.py,0137eb894664cd2c3524ea5fcbfa4bb5668d4fbacb16a425529a580d23fa364b,incluido
2º de iMat/1er cuatri/DISCRETA/PRACTICA_1/Materiales Práctica 1-20250923/test_P3_factorizar.py,imat-practicas,curso-2/matematica-discreta/PRACTICA_1/Materiales Práctica 1-20250923/test_P3_factorizar.py,4942c8e7c49496a4a53b9cc7b1b5d69da96fc48714acae054bb4acf6cef280a3,incluido
2º de iMat/1er cuatri/DISCRETA/PRACTICA_1/Materiales Práctica 1-20250923/test_P4_P5_mcd.py,imat-practicas,curso-2/matematica-discreta/PRACTICA_1/Materiales Práctica 1-20250923/test_P4_P5_mcd.py,fed9b0708b694252d58fffaa3871a96049a9d39a64967cb08f97eae5d3231276,incluido
2º de iMat/1er cuatri/DISCRETA/PRACTICA_1/Materiales Práctica 1-20250923/test_P6_coprimos.py,imat-practicas,curso-2/matematica-discreta/PRACTICA_1/Materiales Práctica 1-20250923/test_P6_coprimos.py,5df04bc04c22c1e2ad59532e6260cee4347b48a8b2d8c920ea0a5ee50130127f,incluido
2º de iMat/1er cuatri/DISCRETA/PRACTICA_1/Materiales Práctica 1-20250923/test_P7_potencia.py,imat-practicas,curso-2/matematica-discreta/PRACTICA_1/Materiales Práctica 1-20250923/test_P7_potencia.py,e3c2885713b3a2a8324fb2f3bfd2585f04037423a81f688197e1dfe23292ec17,incluido
2º de iMat/1er cuatri/DISCRETA/PRACTICA_1/Materiales Práctica 1-20250923/test_P8_inversa.py,imat-practicas,curso-2/matematica-discreta/PRACTICA_1/Materiales Práctica 1-20250923/test_P8_inversa.py,7568cd358d6d8ae3abe1cf213e9402d9da3b219388e0f33637d3f2eb46a058d6,incluido
2º de iMat/1er cuatri/DISCRETA/PRACTICA_1/Materiales Práctica 1-20250923/test_P9_euler.py,imat-practicas,curso-2/matematica-discreta/PRACTICA_1/Materiales Práctica 1-20250923/test_P9_euler.py,a31242458da30bb0afbb5f20e377708ca1398842631d79e20b1bffb1a254c5d9,incluido
2º de iMat/1er cuatri/DISCRETA/PRACTICA_1/Materiales Práctica 1-20251002/imatlab_benchmark.py,imat-practicas,curso-2/matematica-discreta/PRACTICA_1/Materiales Práctica 1-20251002/imatlab_benchmark.py,aae98dc5e412513a4d3eabbf7a839ec52cc3fd5b63ac1fc240aea546762253f9,incluido
2º de iMat/1er cuatri/DISCRETA/PRACTICA_1/Materiales Práctica 1-20251002/imatlab.py,imat-practicas,curso-2/matematica-discreta/PRACTICA_1/Materiales Práctica 1-20251002/imatlab.py,ce26854bb3cf474f9c17bce256ce0d08b09ec3a1f76dc7fa295bec75546b53ee,incluido
2º de iMat/1er cuatri/DISCRETA/PRACTICA_1/Materiales Práctica 1-20251002/modular.py,imat-practicas,curso-2/matematica-discreta/PRACTICA_1/Materiales Práctica 1-20251002/modular.py,36f125fdd104f18aaf39bd02d6a59a69721fcea6068c89d25b6d28084c19db78,incluido
2º de iMat/1er cuatri/DISCRETA/PRACTICA_1/Materiales Práctica 1-20251002/tests/test_imatlab.py,imat-practicas,curso-2/matematica-discreta/PRACTICA_1/Materiales Práctica 1-20251002/tests/test_imatlab.py,eda72802ea784df2954b01757c4b8b8764587a8324a27cf6dda67dc21e9abb7b,incluido
2º de iMat/1er cuatri/DISCRETA/PRACTICA_1/Materiales Práctica 1-20251002/tests/test_P1_es_primo.py,imat-practicas,curso-2/matematica-discreta/PRACTICA_1/Materiales Práctica 1-20251002/tests/test_P1_es_primo.py,8872c46b5f3afe5a22d2815b6897248e0eb5674cb42cb2de61f44bda0fe01dda,incluido
2º de iMat/1er cuatri/DISCRETA/PRACTICA_1/Materiales Práctica 1-20251002/tests/test_P10_legendre.py,imat-practicas,curso-2/matematica-discreta/PRACTICA_1/Materiales Práctica 1-20251002/tests/test_P10_legendre.py,e17ec6949b74c3ec6857c449fc74449ede66ac4cf13f652114a3abbe32988d71,incluido
2º de iMat/1er cuatri/DISCRETA/PRACTICA_1/Materiales Práctica 1-20251002/tests/test_P11_P12_sistema.py,imat-practicas,curso-2/matematica-discreta/PRACTICA_1/Materiales Práctica 1-20251002/tests/test_P11_P12_sistema.py,3c0484db41482eccc2922c19ea43c3a1f587690b989d7521e5710c91b8d0e33b,incluido
2º de iMat/1er cuatri/DISCRETA/PRACTICA_1/Materiales Práctica 1-20251002/tests/test_P13_P14_raiz.py,imat-practicas,curso-2/matematica-discreta/PRACTICA_1/Materiales Práctica 1-20251002/tests/test_P13_P14_raiz.py,67c7f16b42df9b8e96bc7bbf020a4265f88287a939e72903fd6b12aaaba4259a,incluido
2º de iMat/1er cuatri/DISCRETA/PRACTICA_1/Materiales Práctica 1-20251002/tests/test_P2_lista_primos.py,imat-practicas,curso-2/matematica-discreta/PRACTICA_1/Materiales Práctica 1-20251002/tests/test_P2_lista_primos.py,0137eb894664cd2c3524ea5fcbfa4bb5668d4fbacb16a425529a580d23fa364b,incluido
2º de iMat/1er cuatri/DISCRETA/PRACTICA_1/Materiales Práctica 1-20251002/tests/test_P3_factorizar.py,imat-practicas,curso-2/matematica-discreta/PRACTICA_1/Materiales Práctica 1-20251002/tests/test_P3_factorizar.py,4942c8e7c49496a4a53b9cc7b1b5d69da96fc48714acae054bb4acf6cef280a3,incluido
2º de iMat/1er cuatri/DISCRETA/PRACTICA_1/Materiales Práctica 1-20251002/tests/test_P4_P5_mcd.py,imat-practicas,curso-2/matematica-discreta/PRACTICA_1/Materiales Práctica 1-20251002/tests/test_P4_P5_mcd.py,fed9b0708b694252d58fffaa3871a96049a9d39a64967cb08f97eae5d3231276,incluido
2º de iMat/1er cuatri/DISCRETA/PRACTICA_1/Materiales Práctica 1-20251002/tests/test_P6_coprimos.py,imat-practicas,curso-2/matematica-discreta/PRACTICA_1/Materiales Práctica 1-20251002/tests/test_P6_coprimos.py,5df04bc04c22c1e2ad59532e6260cee4347b48a8b2d8c920ea0a5ee50130127f,incluido
2º de iMat/1er cuatri/DISCRETA/PRACTICA_1/Materiales Práctica 1-20251002/tests/test_P7_potencia.py,imat-practicas,curso-2/matematica-discreta/PRACTICA_1/Materiales Práctica 1-20251002/tests/test_P7_potencia.py,e3c2885713b3a2a8324fb2f3bfd2585f04037423a81f688197e1dfe23292ec17,incluido
2º de iMat/1er cuatri/DISCRETA/PRACTICA_1/Materiales Práctica 1-20251002/tests/test_P8_inversa.py,imat-practicas,curso-2/matematica-discreta/PRACTICA_1/Materiales Práctica 1-20251002/tests/test_P8_inversa.py,7568cd358d6d8ae3abe1cf213e9402d9da3b219388e0f33637d3f2eb46a058d6,incluido
2º de iMat/1er cuatri/DISCRETA/PRACTICA_1/Materiales Práctica 1-20251002/tests/test_P9_euler.py,imat-practicas,curso-2/matematica-discreta/PRACTICA_1/Materiales Práctica 1-20251002/tests/test_P9_euler.py,a31242458da30bb0afbb5f20e377708ca1398842631d79e20b1bffb1a254c5d9,incluido
2º de iMat/1er cuatri/EDO/MATLAB/vdp1.m,imat-practicas,curso-2/ecuaciones-diferenciales/MATLAB/vdp1.m,0f7d032615d6036424a2430fbe2a88321f7cf3f395b2cb989b112c228237b3f9,incluido
2º de iMat/1er cuatri/FIA/github/p2-search-agent-roomba-psoto212/README.md,imat-practicas,curso-2/inteligencia-artificial/github/p2-search-agent-roomba-psoto212/README.md,fc564b2864f0f389ec5e04ae98fcc3c8ecba725b67d106f0e6a87320dddb07a1,incluido
2º de iMat/1er cuatri/FIA/github/p2-search-agent-roomba-psoto212/requirements.txt,imat-practicas,curso-2/inteligencia-artificial/github/p2-search-agent-roomba-psoto212/requirements.txt,756b8cab7a60ecf96c1a878a9104fec58337efc05a72c1b5a555f899522b4730,incluido
2º de iMat/1er cuatri/FIA/github/p2-search-agent-roomba-psoto212/template_FIA_25_26_agentes_reflex.ipynb,imat-practicas,curso-2/inteligencia-artificial/github/p2-search-agent-roomba-psoto212/template_FIA_25_26_agentes_reflex.ipynb,f3c5a3a1930c2737cca69e0a6cff93a4d1b6fd58f42182d35ed789e4c0cfa159,incluido
2º de iMat/1er cuatri/FIA/github/p2-search-agent-roomba-psoto212/notebook/__init__.py,imat-practicas,curso-2/inteligencia-artificial/github/p2-search-agent-roomba-psoto212/notebook/__init__.py,e3b0c44298fc1c149afbf4c8996fb92427ae41e4649b934ca495991b7852b855,incluido
2º de iMat/1er cuatri/FIA/github/p2-search-agent-roomba-psoto212/notebook/EXERCISE_1_FIA_24_25_agentes_reflex.ipynb,imat-practicas,curso-2/inteligencia-artificial/github/p2-search-agent-roomba-psoto212/notebook/EXERCISE_1_FIA_24_25_agentes_reflex.ipynb,61cfaa0ed7c82b23373ea1b37fa508ea8cb323933e4eb55616290a3357e53500,incluido
2º de iMat/1er cuatri/FIA/github/p2-search-agent-roomba-psoto212/src/__init__.py,imat-practicas,curso-2/inteligencia-artificial/github/p2-search-agent-roomba-psoto212/src/__init__.py,e3b0c44298fc1c149afbf4c8996fb92427ae41e4649b934ca495991b7852b855,incluido
2º de iMat/1er cuatri/FIA/github/p2-search-agent-roomba-psoto212/src/agents.py,imat-practicas,curso-2/inteligencia-artificial/github/p2-search-agent-roomba-psoto212/src/agents.py,f418844b9615489621b882aceb1d4f1cc88d2e3e05fd3fc36bcecf17d210cd9e,incluido
2º de iMat/1er cuatri/FIA/github/p2-search-agent-roomba-psoto212/src/environments.py,imat-practicas,curso-2/inteligencia-artificial/github/p2-search-agent-roomba-psoto212/src/environments.py,2386b433826fb6568ee4502389ff5622ab24f4c9095bba30d2835ab4102cadfe,incluido
2º de iMat/1er cuatri/FIA/github/p2-search-agent-roomba-psoto212/src/simulations.py,imat-practicas,curso-2/inteligencia-artificial/github/p2-search-agent-roomba-psoto212/src/simulations.py,813dccfde03182fafc2000c13aa81f51022a3c340dfb64f9698cb1dd034f31e8,incluido
2º de iMat/1er cuatri/FIA/github/p2-search-agent-roomba-psoto212/tests/test_agents.py,imat-practicas,curso-2/inteligencia-artificial/github/p2-search-agent-roomba-psoto212/tests/test_agents.py,4179d109146d81f27e2ffde88c394f37981b4ad1b4b7b036b4e6b4fbba41c9c5,incluido
2º de iMat/1er cuatri/FIA/Practica_1/Practica_1.py,imat-practicas,curso-2/inteligencia-artificial/Practica_1/Practica_1.py,6514e6d5cb1caddc0ca4bcb43df4c0d0cae6728cebff12335a3eaec92370693c,incluido
2º de iMat/1er cuatri/FIA/PROYECTO/kurtz.py,imat-practicas,curso-2/inteligencia-artificial/PROYECTO/kurtz.py,74b8d4a62aa32248f4a9ee5914079d763712a5931c561b3424d85f07ba85ecd3,incluido
2º de iMat/1er cuatri/FIA/PROYECTO/palacio.py,imat-practicas,curso-2/inteligencia-artificial/PROYECTO/palacio.py,e3b0c44298fc1c149afbf4c8996fb92427ae41e4649b934ca495991b7852b855,incluido
2º de iMat/1er cuatri/FIA/PROYECTO_ENTREGA/kurtz.py,imat-practicas,curso-2/inteligencia-artificial/PROYECTO_ENTREGA/kurtz.py,74b8d4a62aa32248f4a9ee5914079d763712a5931c561b3424d85f07ba85ecd3,incluido
2º de iMat/1er cuatri/FIA/PROYECTO_ENTREGA/palacio.py,imat-practicas,curso-2/inteligencia-artificial/PROYECTO_ENTREGA/palacio.py,e3b0c44298fc1c149afbf4c8996fb92427ae41e4649b934ca495991b7852b855,incluido
2º de iMat/1er cuatri/FUSO/CODIGOS_EJEMPLOS/CodigosEjemplosProcesosHilos.2/CodigosEjemplosProcesosHilos/Process_basico.py,imat-practicas,curso-2/fundamentos-sistemas-operativos/CODIGOS_EJEMPLOS/CodigosEjemplosProcesosHilos.2/CodigosEjemplosProcesosHilos/Process_basico.py,c57c8d1e28a6194850605886813c81dba523e58d69285123d9a4fe1ed7859e31,incluido
2º de iMat/1er cuatri/FUSO/CODIGOS_EJEMPLOS/CodigosEjemplosProcesosHilos.2/CodigosEjemplosProcesosHilos/ProcessAndThreadsTutorial.py,imat-practicas,curso-2/fundamentos-sistemas-operativos/CODIGOS_EJEMPLOS/CodigosEjemplosProcesosHilos.2/CodigosEjemplosProcesosHilos/ProcessAndThreadsTutorial.py,5c41bcdc8a6f4666a213f705e94e6ada8119ffcb6d570467541d007c944a2e0a,incluido
2º de iMat/1er cuatri/FUSO/CODIGOS_EJEMPLOS/CodigosEjemplosProcesosHilos.2/CodigosEjemplosProcesosHilos/Thread_basico.py,imat-practicas,curso-2/fundamentos-sistemas-operativos/CODIGOS_EJEMPLOS/CodigosEjemplosProcesosHilos.2/CodigosEjemplosProcesosHilos/Thread_basico.py,1bf4e79563a654a61ed94c1cbeca011851b0f325adf9b92901f26ad0e2d7c361,incluido
2º de iMat/1er cuatri/FUSO/CODIGOS_EJEMPLOS/CodigosEjemplos_SEMAFOROS/EjemploCodigos/cena_filosofos_otra_solucion.py,imat-practicas,curso-2/fundamentos-sistemas-operativos/CODIGOS_EJEMPLOS/CodigosEjemplos_SEMAFOROS/EjemploCodigos/cena_filosofos_otra_solucion.py,64fce4e7fe3337d46c355d25dc60cdc68c258c12edf705dc6e54357c89de8f1f,incluido
2º de iMat/1er cuatri/FUSO/CODIGOS_EJEMPLOS/CodigosEjemplos_SEMAFOROS/EjemploCodigos/cena_filosofos_prev_interbloqueo.py,imat-practicas,curso-2/fundamentos-sistemas-operativos/CODIGOS_EJEMPLOS/CodigosEjemplos_SEMAFOROS/EjemploCodigos/cena_filosofos_prev_interbloqueo.py,3cd111dfb1dcb988db808809bd40799417a875089d889e6086600b096f0eed11,incluido
2º de iMat/1er cuatri/FUSO/CODIGOS_EJEMPLOS/CodigosEjemplos_SEMAFOROS/EjemploCodigos/cena_filosofos.py,imat-practicas,curso-2/fundamentos-sistemas-operativos/CODIGOS_EJEMPLOS/CodigosEjemplos_SEMAFOROS/EjemploCodigos/cena_filosofos.py,ca9658d9744988a0bb83b5a20817aa9da5d49a8f41304e650c112b4c84d633f7,incluido
2º de iMat/1er cuatri/FUSO/CODIGOS_EJEMPLOS/CodigosEjemplos_SEMAFOROS/EjemploCodigos/lectores_escritores.py,imat-practicas,curso-2/fundamentos-sistemas-operativos/CODIGOS_EJEMPLOS/CodigosEjemplos_SEMAFOROS/EjemploCodigos/lectores_escritores.py,3ead4520c4719253c2719c098663a374b41d8d2bb300ac7ab73ff36f8f92d0d6,incluido
2º de iMat/1er cuatri/FUSO/CODIGOS_EJEMPLOS/CodigosEjemplos_SEMAFOROS/EjemploCodigos/orden_cadena.py,imat-practicas,curso-2/fundamentos-sistemas-operativos/CODIGOS_EJEMPLOS/CodigosEjemplos_SEMAFOROS/EjemploCodigos/orden_cadena.py,c0e62b29029010d62550c0177b10f427706886ac22081a5c80621fb154e16052,incluido
2º de iMat/1er cuatri/FUSO/CODIGOS_EJEMPLOS/CodigosEjemplos_SEMAFOROS/EjemploCodigos/semaphore_basic_sol.py,imat-practicas,curso-2/fundamentos-sistemas-operativos/CODIGOS_EJEMPLOS/CodigosEjemplos_SEMAFOROS/EjemploCodigos/semaphore_basic_sol.py,68a4cac4e8945e5d070de354521742cbb728d62f3c215396fd099f623f8442a3,incluido
2º de iMat/1er cuatri/FUSO/CODIGOS_EJEMPLOS/CodigosEjemplos_SEMAFOROS/EjemploCodigos/semaphore_basic.py,imat-practicas,curso-2/fundamentos-sistemas-operativos/CODIGOS_EJEMPLOS/CodigosEjemplos_SEMAFOROS/EjemploCodigos/semaphore_basic.py,7abc490878b3517475412b73f12417fd441d95cda106bc49cea57fe2d1287705,incluido
2º de iMat/1er cuatri/FUSO/CODIGOS_EJEMPLOS/CodigosEjemplos_SEMAFOROS/EjemploCodigos/sushi_bar.py,imat-practicas,curso-2/fundamentos-sistemas-operativos/CODIGOS_EJEMPLOS/CodigosEjemplos_SEMAFOROS/EjemploCodigos/sushi_bar.py,198b70d816ea9ee616782174ea4077ad0717700d889c65399e53d428cafe9d6d,incluido
2º de iMat/1er cuatri/FUSO/CODIGOS_EJEMPLOS/CodigosSenales/CodigosSenales/alarm.py,imat-practicas,curso-2/fundamentos-sistemas-operativos/CODIGOS_EJEMPLOS/CodigosSenales/CodigosSenales/alarm.py,1bdb4216629a678d203177aaa57a689d059b94726a926d3ef615a7ddd967bf7c,incluido
2º de iMat/1er cuatri/FUSO/CODIGOS_EJEMPLOS/CodigosSenales/CodigosSenales/sennales.py,imat-practicas,curso-2/fundamentos-sistemas-operativos/CODIGOS_EJEMPLOS/CodigosSenales/CodigosSenales/sennales.py,eea1ca43f46ed82bf300e6191aa223b59311d1082f4db409ea1dbdb84e7e6fed,incluido
2º de iMat/1er cuatri/FUSO/CODIGOS_EJEMPLOS/CodigosSenales/CodigosSenales/SIGINT.py,imat-practicas,curso-2/fundamentos-sistemas-operativos/CODIGOS_EJEMPLOS/CodigosSenales/CodigosSenales/SIGINT.py,1e96f4f84f57ebe68f01a3c5634b306f5affb11ae982d056492c96d736dba490,incluido
2º de iMat/1er cuatri/FUSO/CODIGOS_EJEMPLOS/codigos_moodle_PROCESOS_HILOS/exercise_python.py,imat-practicas,curso-2/fundamentos-sistemas-operativos/CODIGOS_EJEMPLOS/codigos_moodle_PROCESOS_HILOS/exercise_python.py,94c9c2dddcc887425486f4cfa651754110f0028fed6c72d8c136f47f48dd0f44,incluido
2º de iMat/1er cuatri/FUSO/CODIGOS_EJEMPLOS/codigos_moodle_PROCESOS_HILOS/factorial_pila.py,imat-practicas,curso-2/fundamentos-sistemas-operativos/CODIGOS_EJEMPLOS/codigos_moodle_PROCESOS_HILOS/factorial_pila.py,32078a21cb827bbc38c32fe24ae6f339326248d86dfa74dbf7080891485282c2,incluido
2º de iMat/1er cuatri/FUSO/CODIGOS_EJEMPLOS/codigos_moodle_PROCESOS_HILOS/orphan.py,imat-practicas,curso-2/fundamentos-sistemas-operativos/CODIGOS_EJEMPLOS/codigos_moodle_PROCESOS_HILOS/orphan.py,68892d5adb7063b91606e40ca1206077b6b9f8a04a7137d55c0038fe8e1a1b3a,incluido
2º de iMat/1er cuatri/FUSO/CODIGOS_EJEMPLOS/codigos_moodle_PROCESOS_HILOS/pool_process.py,imat-practicas,curso-2/fundamentos-sistemas-operativos/CODIGOS_EJEMPLOS/codigos_moodle_PROCESOS_HILOS/pool_process.py,ea00b6996db7fb938f966bb282c4f2cfe6fc4818dc4512fc4b630bb2c418b59d,incluido
2º de iMat/1er cuatri/FUSO/CODIGOS_EJEMPLOS/codigos_moodle_PROCESOS_HILOS/pool_thread.py,imat-practicas,curso-2/fundamentos-sistemas-operativos/CODIGOS_EJEMPLOS/codigos_moodle_PROCESOS_HILOS/pool_thread.py,f8bf8992e984a78a34c725c856a35ff29203350b38bbbe33b6aca7f4f8c1c607,incluido
2º de iMat/1er cuatri/FUSO/CODIGOS_EJEMPLOS/codigos_moodle_PROCESOS_HILOS/process.py,imat-practicas,curso-2/fundamentos-sistemas-operativos/CODIGOS_EJEMPLOS/codigos_moodle_PROCESOS_HILOS/process.py,bc8d0fdf2baa779183ecc4c126420794301af41b905646ab5adb6bb444013f6e,incluido
2º de iMat/1er cuatri/FUSO/CODIGOS_EJEMPLOS/codigos_moodle_PROCESOS_HILOS/thread.py,imat-practicas,curso-2/fundamentos-sistemas-operativos/CODIGOS_EJEMPLOS/codigos_moodle_PROCESOS_HILOS/thread.py,fda32aa81b0fc9b24324f57d0cde6befe8f7928fde85e5b008166a663ba5f7f7,incluido
2º de iMat/1er cuatri/FUSO/CODIGOS_EJEMPLOS/codigos_moodle_PROCESOS_HILOS/zombie.py,imat-practicas,curso-2/fundamentos-sistemas-operativos/CODIGOS_EJEMPLOS/codigos_moodle_PROCESOS_HILOS/zombie.py,84527cc11f05b783abb62f3d9141b44afbb2e6ea6bd8e87e24eb83b935ae41ad,incluido
2º de iMat/1er cuatri/FUSO/COMANDOS/codigos_algoritmos/codigos_moodle/exercise_python.py,imat-practicas,curso-2/fundamentos-sistemas-operativos/COMANDOS/codigos_algoritmos/codigos_moodle/exercise_python.py,94c9c2dddcc887425486f4cfa651754110f0028fed6c72d8c136f47f48dd0f44,incluido
2º de iMat/1er cuatri/FUSO/COMANDOS/codigos_algoritmos/codigos_moodle/factorial_pila.py,imat-practicas,curso-2/fundamentos-sistemas-operativos/COMANDOS/codigos_algoritmos/codigos_moodle/factorial_pila.py,32078a21cb827bbc38c32fe24ae6f339326248d86dfa74dbf7080891485282c2,incluido
2º de iMat/1er cuatri/FUSO/COMANDOS/codigos_algoritmos/codigos_moodle/orphan.py,imat-practicas,curso-2/fundamentos-sistemas-operativos/COMANDOS/codigos_algoritmos/codigos_moodle/orphan.py,68892d5adb7063b91606e40ca1206077b6b9f8a04a7137d55c0038fe8e1a1b3a,incluido
2º de iMat/1er cuatri/FUSO/COMANDOS/codigos_algoritmos/codigos_moodle/pool_process.py,imat-practicas,curso-2/fundamentos-sistemas-operativos/COMANDOS/codigos_algoritmos/codigos_moodle/pool_process.py,ea00b6996db7fb938f966bb282c4f2cfe6fc4818dc4512fc4b630bb2c418b59d,incluido
2º de iMat/1er cuatri/FUSO/COMANDOS/codigos_algoritmos/codigos_moodle/pool_thread.py,imat-practicas,curso-2/fundamentos-sistemas-operativos/COMANDOS/codigos_algoritmos/codigos_moodle/pool_thread.py,f8bf8992e984a78a34c725c856a35ff29203350b38bbbe33b6aca7f4f8c1c607,incluido
2º de iMat/1er cuatri/FUSO/COMANDOS/codigos_algoritmos/codigos_moodle/process.py,imat-practicas,curso-2/fundamentos-sistemas-operativos/COMANDOS/codigos_algoritmos/codigos_moodle/process.py,bc8d0fdf2baa779183ecc4c126420794301af41b905646ab5adb6bb444013f6e,incluido
2º de iMat/1er cuatri/FUSO/COMANDOS/codigos_algoritmos/codigos_moodle/thread.py,imat-practicas,curso-2/fundamentos-sistemas-operativos/COMANDOS/codigos_algoritmos/codigos_moodle/thread.py,fda32aa81b0fc9b24324f57d0cde6befe8f7928fde85e5b008166a663ba5f7f7,incluido
2º de iMat/1er cuatri/FUSO/COMANDOS/codigos_algoritmos/codigos_moodle/zombie.py,imat-practicas,curso-2/fundamentos-sistemas-operativos/COMANDOS/codigos_algoritmos/codigos_moodle/zombie.py,84527cc11f05b783abb62f3d9141b44afbb2e6ea6bd8e87e24eb83b935ae41ad,incluido
2º de iMat/1er cuatri/FUSO/COMANDOS/codigos_bash_manual/codigos_bash_manual/bienvenida.sh,imat-practicas,curso-2/fundamentos-sistemas-operativos/COMANDOS/codigos_bash_manual/codigos_bash_manual/bienvenida.sh,0fae89963eabe7ea0afa0ba81b439f7742da0a552b9baca97bc99f0ba8d656f8,incluido
2º de iMat/1er cuatri/FUSO/COMANDOS/codigos_bash_manual/codigos_bash_manual/condicionales_fichero_directorio.sh,imat-practicas,curso-2/fundamentos-sistemas-operativos/COMANDOS/codigos_bash_manual/codigos_bash_manual/condicionales_fichero_directorio.sh,19607dc4c428b966fa22cc2292ab26a8b0c010a0127e11f484510cea2668a7f2,incluido
2º de iMat/1er cuatri/FUSO/COMANDOS/codigos_bash_manual/codigos_bash_manual/condicionales.sh,imat-practicas,curso-2/fundamentos-sistemas-operativos/COMANDOS/codigos_bash_manual/codigos_bash_manual/condicionales.sh,13dba7697c4ad65ae6aefba5d23d1ce0c8492a064d0603022cd8c38fbe4851a9,incluido
2º de iMat/1er cuatri/FUSO/COMANDOS/codigos_bash_manual/codigos_bash_manual/descarga.sh,imat-practicas,curso-2/fundamentos-sistemas-operativos/COMANDOS/codigos_bash_manual/codigos_bash_manual/descarga.sh,8feca77f40c3ec5b4e5a37399f69f5694b46301d6b9c7167cbcc7a3a74305b9b,incluido
2º de iMat/1er cuatri/FUSO/COMANDOS/codigos_bash_manual/codigos_bash_manual/ejecucion_python_mejorado.sh,imat-practicas,curso-2/fundamentos-sistemas-operativos/COMANDOS/codigos_bash_manual/codigos_bash_manual/ejecucion_python_mejorado.sh,ddf43ee21d90d762db384a65d49656e9494741827f391ecbf09f8151bd3df2a2,incluido
2º de iMat/1er cuatri/FUSO/COMANDOS/codigos_bash_manual/codigos_bash_manual/ejecucion_python.sh,imat-practicas,curso-2/fundamentos-sistemas-operativos/COMANDOS/codigos_bash_manual/codigos_bash_manual/ejecucion_python.sh,65094c4c9b7642dcca01d37f06827c9735f6e6d200d737b755721683e61a5e1e,incluido
2º de iMat/1er cuatri/FUSO/COMANDOS/codigos_bash_manual/codigos_bash_manual/ejemplo_python_bash.py,imat-practicas,curso-2/fundamentos-sistemas-operativos/COMANDOS/codigos_bash_manual/codigos_bash_manual/ejemplo_python_bash.py,a934c36516ccf8d99df0f6d77f25c5178586154977035eb9b73c18908fae8840,incluido
2º de iMat/1er cuatri/FUSO/COMANDOS/codigos_bash_manual/codigos_bash_manual/francisco_goya_2.html,imat-practicas,curso-2/fundamentos-sistemas-operativos/COMANDOS/codigos_bash_manual/codigos_bash_manual/francisco_goya_2.html,786a21e0358684c2418b2e474b016ee08cc24d732d9ca9ea3fb8a8db3a6d5b3c,incluido
2º de iMat/1er cuatri/FUSO/COMANDOS/codigos_bash_manual/codigos_bash_manual/francisco_goya.html,imat-practicas,curso-2/fundamentos-sistemas-operativos/COMANDOS/codigos_bash_manual/codigos_bash_manual/francisco_goya.html,786a21e0358684c2418b2e474b016ee08cc24d732d9ca9ea3fb8a8db3a6d5b3c,incluido
2º de iMat/1er cuatri/FUSO/COMANDOS/codigos_bash_manual/codigos_bash_manual/funciones.sh,imat-practicas,curso-2/fundamentos-sistemas-operativos/COMANDOS/codigos_bash_manual/codigos_bash_manual/funciones.sh,ee2669fac86eea7fe1c05c8f6bd1e4e316e03142848e890bb3fef9b25fd0469d,incluido
2º de iMat/1er cuatri/FUSO/COMANDOS/codigos_bash_manual/codigos_bash_manual/hola_mundo.sh,imat-practicas,curso-2/fundamentos-sistemas-operativos/COMANDOS/codigos_bash_manual/codigos_bash_manual/hola_mundo.sh,090743bf970e82adeb71c6b7b47bd58ca260e0dd4c8fd6e287692f4b44d2e769,incluido
2º de iMat/1er cuatri/FUSO/COMANDOS/codigos_bash_manual/codigos_bash_manual/lectura_fichero.sh,imat-practicas,curso-2/fundamentos-sistemas-operativos/COMANDOS/codigos_bash_manual/codigos_bash_manual/lectura_fichero.sh,14bb72fa782d40d9700a827e5779a63f93f08e8bcb21f27c4c496bcb8fec5d22,incluido
2º de iMat/1er cuatri/FUSO/COMANDOS/codigos_bash_manual/codigos_bash_manual/while.sh,imat-practicas,curso-2/fundamentos-sistemas-operativos/COMANDOS/codigos_bash_manual/codigos_bash_manual/while.sh,88273629f7afecaac4400de6b1dda98b76f40f5d8e558e116bf48a0485f9583b,incluido
2º de iMat/1er cuatri/FUSO/EJERCICIOS_INTER/codigos_bash_manual/codigos_bash_manual/bienvenida.sh,imat-practicas,curso-2/fundamentos-sistemas-operativos/EJERCICIOS_INTER/codigos_bash_manual/codigos_bash_manual/bienvenida.sh,0fae89963eabe7ea0afa0ba81b439f7742da0a552b9baca97bc99f0ba8d656f8,incluido
2º de iMat/1er cuatri/FUSO/EJERCICIOS_INTER/codigos_bash_manual/codigos_bash_manual/condicionales_fichero_directorio.sh,imat-practicas,curso-2/fundamentos-sistemas-operativos/EJERCICIOS_INTER/codigos_bash_manual/codigos_bash_manual/condicionales_fichero_directorio.sh,19607dc4c428b966fa22cc2292ab26a8b0c010a0127e11f484510cea2668a7f2,incluido
2º de iMat/1er cuatri/FUSO/EJERCICIOS_INTER/codigos_bash_manual/codigos_bash_manual/condicionales.sh,imat-practicas,curso-2/fundamentos-sistemas-operativos/EJERCICIOS_INTER/codigos_bash_manual/codigos_bash_manual/condicionales.sh,13dba7697c4ad65ae6aefba5d23d1ce0c8492a064d0603022cd8c38fbe4851a9,incluido
2º de iMat/1er cuatri/FUSO/EJERCICIOS_INTER/codigos_bash_manual/codigos_bash_manual/descarga.sh,imat-practicas,curso-2/fundamentos-sistemas-operativos/EJERCICIOS_INTER/codigos_bash_manual/codigos_bash_manual/descarga.sh,8feca77f40c3ec5b4e5a37399f69f5694b46301d6b9c7167cbcc7a3a74305b9b,incluido
2º de iMat/1er cuatri/FUSO/EJERCICIOS_INTER/codigos_bash_manual/codigos_bash_manual/ejecucion_python_mejorado.sh,imat-practicas,curso-2/fundamentos-sistemas-operativos/EJERCICIOS_INTER/codigos_bash_manual/codigos_bash_manual/ejecucion_python_mejorado.sh,ddf43ee21d90d762db384a65d49656e9494741827f391ecbf09f8151bd3df2a2,incluido
2º de iMat/1er cuatri/FUSO/EJERCICIOS_INTER/codigos_bash_manual/codigos_bash_manual/ejecucion_python.sh,imat-practicas,curso-2/fundamentos-sistemas-operativos/EJERCICIOS_INTER/codigos_bash_manual/codigos_bash_manual/ejecucion_python.sh,65094c4c9b7642dcca01d37f06827c9735f6e6d200d737b755721683e61a5e1e,incluido
2º de iMat/1er cuatri/FUSO/EJERCICIOS_INTER/codigos_bash_manual/codigos_bash_manual/ejemplo_python_bash.py,imat-practicas,curso-2/fundamentos-sistemas-operativos/EJERCICIOS_INTER/codigos_bash_manual/codigos_bash_manual/ejemplo_python_bash.py,a934c36516ccf8d99df0f6d77f25c5178586154977035eb9b73c18908fae8840,incluido
2º de iMat/1er cuatri/FUSO/EJERCICIOS_INTER/codigos_bash_manual/codigos_bash_manual/francisco_goya_2.html,imat-practicas,curso-2/fundamentos-sistemas-operativos/EJERCICIOS_INTER/codigos_bash_manual/codigos_bash_manual/francisco_goya_2.html,786a21e0358684c2418b2e474b016ee08cc24d732d9ca9ea3fb8a8db3a6d5b3c,incluido
2º de iMat/1er cuatri/FUSO/EJERCICIOS_INTER/codigos_bash_manual/codigos_bash_manual/francisco_goya.html,imat-practicas,curso-2/fundamentos-sistemas-operativos/EJERCICIOS_INTER/codigos_bash_manual/codigos_bash_manual/francisco_goya.html,786a21e0358684c2418b2e474b016ee08cc24d732d9ca9ea3fb8a8db3a6d5b3c,incluido
2º de iMat/1er cuatri/FUSO/EJERCICIOS_INTER/codigos_bash_manual/codigos_bash_manual/funciones.sh,imat-practicas,curso-2/fundamentos-sistemas-operativos/EJERCICIOS_INTER/codigos_bash_manual/codigos_bash_manual/funciones.sh,ee2669fac86eea7fe1c05c8f6bd1e4e316e03142848e890bb3fef9b25fd0469d,incluido
2º de iMat/1er cuatri/FUSO/EJERCICIOS_INTER/codigos_bash_manual/codigos_bash_manual/hola_mundo.sh,imat-practicas,curso-2/fundamentos-sistemas-operativos/EJERCICIOS_INTER/codigos_bash_manual/codigos_bash_manual/hola_mundo.sh,090743bf970e82adeb71c6b7b47bd58ca260e0dd4c8fd6e287692f4b44d2e769,incluido
2º de iMat/1er cuatri/FUSO/EJERCICIOS_INTER/codigos_bash_manual/codigos_bash_manual/lectura_fichero.sh,imat-practicas,curso-2/fundamentos-sistemas-operativos/EJERCICIOS_INTER/codigos_bash_manual/codigos_bash_manual/lectura_fichero.sh,14bb72fa782d40d9700a827e5779a63f93f08e8bcb21f27c4c496bcb8fec5d22,incluido
2º de iMat/1er cuatri/FUSO/EJERCICIOS_INTER/codigos_bash_manual/codigos_bash_manual/while.sh,imat-practicas,curso-2/fundamentos-sistemas-operativos/EJERCICIOS_INTER/codigos_bash_manual/codigos_bash_manual/while.sh,88273629f7afecaac4400de6b1dda98b76f40f5d8e558e116bf48a0485f9583b,incluido
2º de iMat/1er cuatri/FUSO/Pedro_deSoto_Exclusion_Mutua/Ejercicio1_Ap1_Pedro_deSoto.py,imat-practicas,curso-2/fundamentos-sistemas-operativos/Pedro_deSoto_Exclusion_Mutua/Ejercicio1_Ap1_Pedro_deSoto.py,f93e309f421e35f15bc5e13e390c125b2a2cc6a616c9e9c8675e115f5554e386,incluido
2º de iMat/1er cuatri/FUSO/Pedro_deSoto_Exclusion_Mutua/Ejercicio1_Ap2_Pedro_deSoto.py,imat-practicas,curso-2/fundamentos-sistemas-operativos/Pedro_deSoto_Exclusion_Mutua/Ejercicio1_Ap2_Pedro_deSoto.py,e3b0c44298fc1c149afbf4c8996fb92427ae41e4649b934ca495991b7852b855,incluido
2º de iMat/1er cuatri/FUSO/Pedro_deSoto_Exclusion_Mutua/Ejercicio2_Pedro_deSoto.py,imat-practicas,curso-2/fundamentos-sistemas-operativos/Pedro_deSoto_Exclusion_Mutua/Ejercicio2_Pedro_deSoto.py,e3b0c44298fc1c149afbf4c8996fb92427ae41e4649b934ca495991b7852b855,incluido
2º de iMat/1er cuatri/FUSO/Pedro_deSoto_Exclusion_Mutua/Ejercicio3_Pedro_deSoto.py,imat-practicas,curso-2/fundamentos-sistemas-operativos/Pedro_deSoto_Exclusion_Mutua/Ejercicio3_Pedro_deSoto.py,e3b0c44298fc1c149afbf4c8996fb92427ae41e4649b934ca495991b7852b855,incluido
2º de iMat/1er cuatri/FUSO/Practica_2/material_alumnos/material_alumnos/ap1_alumnos.sh,imat-practicas,curso-2/fundamentos-sistemas-operativos/Practica_2/material_alumnos/material_alumnos/ap1_alumnos.sh,b875f928546aee7855cb1db9afc8ab3f1a8a34d43de5bbd62f7076d7ba9f3917,incluido
2º de iMat/1er cuatri/FUSO/Practica_2/material_alumnos/material_alumnos/ap1_codigo_python.py,imat-practicas,curso-2/fundamentos-sistemas-operativos/Practica_2/material_alumnos/material_alumnos/ap1_codigo_python.py,dcdf188acdf4a6d6383f6eb2c964f89652c9978b1ef725611376ac7d57824df2,incluido
2º de iMat/1er cuatri/FUSO/Practica_2/material_alumnos/material_alumnos/ap2_alumnos.sh,imat-practicas,curso-2/fundamentos-sistemas-operativos/Practica_2/material_alumnos/material_alumnos/ap2_alumnos.sh,b5a77bf069f45af8ef2dca1b30ca9b15b2d798288ccd498c1cad06358917cfec,incluido
2º de iMat/1er cuatri/FUSO/Practica_2/material_alumnos/material_alumnos/ap2_codigo_python.py,imat-practicas,curso-2/fundamentos-sistemas-operativos/Practica_2/material_alumnos/material_alumnos/ap2_codigo_python.py,0cb3ed1787fcb29c9ce6e2822ebd98f549c8d6c8e293cfd1d66d130c490f4cb2,incluido
2º de iMat/1er cuatri/FUSO/Practica_2/material_alumnos/material_alumnos/ap3_alumnos.sh,imat-practicas,curso-2/fundamentos-sistemas-operativos/Practica_2/material_alumnos/material_alumnos/ap3_alumnos.sh,183b12650c68baca5ded62df6ec13af0c1ea96ecd6fbb7a19a68ac189d9696f7,incluido
2º de iMat/1er cuatri/FUSO/Practica_2/material_alumnos/material_alumnos/ap3_codigo_python.py,imat-practicas,curso-2/fundamentos-sistemas-operativos/Practica_2/material_alumnos/material_alumnos/ap3_codigo_python.py,63274a359eef79f4d3c874a3ee9f225c33dd3fe177de75638660d27bccf022c5,incluido
2º de iMat/1er cuatri/FUSO/Practica_3/model_training.py,imat-practicas,curso-2/fundamentos-sistemas-operativos/Practica_3/model_training.py,781bf263639f620210285a393b6a3aafc5d2fc9dc13fe3a10ae702fbb5488cc1,incluido
2º de iMat/1er cuatri/FUSO/Practica_3/plot_color_quantization.py,imat-practicas,curso-2/fundamentos-sistemas-operativos/Practica_3/plot_color_quantization.py,3dde36fc877f53dc70c87a0a003f79eac1425bebe232c0c0fbaabe07c89b4264,incluido
2º de iMat/1er cuatri/FUSO/Practica_3/plot_face_recognition.py,imat-practicas,curso-2/fundamentos-sistemas-operativos/Practica_3/plot_face_recognition.py,6aea1575bf46d7656422de56bfa8a1ecd716564317d854d7c066edd49fb3b5b9,incluido
2º de iMat/1er cuatri/FUSO/Practica_3/utils.py,imat-practicas,curso-2/fundamentos-sistemas-operativos/Practica_3/utils.py,94a44f354f661b800d4a66897ba78b40de2b73e4970e215938f377994fe1499e,incluido
2º de iMat/1er cuatri/FUSO/Practica_4/Ejercicio_PedrodSoto.py,imat-practicas,curso-2/fundamentos-sistemas-operativos/Practica_4/Ejercicio_PedrodSoto.py,2da37c1f687edb304173fb278bd13375c358480b1adf3af14cf1f2bfdad845fb,incluido
2º de iMat/1er cuatri/FUSO/Practica_4/Ejercicio1_PedrodSoto.py,imat-practicas,curso-2/fundamentos-sistemas-operativos/Practica_4/Ejercicio1_PedrodSoto.py,afaee4b074cd3459c54593ad635b69505af934abc405c15aa48d33ccf3f01504,incluido
2º de iMat/1er cuatri/FUSO/Practica_4/Ejercicio3_PedrodSoto.py,imat-practicas,curso-2/fundamentos-sistemas-operativos/Practica_4/Ejercicio3_PedrodSoto.py,18f349eeaf733ff2aa2b8caa31e9a995252a6dc30469d7944c03b7a59ec718d8,incluido
2º de iMat/1er cuatri/FUSO/Practica_4/Ejercicio4_PedrodSoto.py,imat-practicas,curso-2/fundamentos-sistemas-operativos/Practica_4/Ejercicio4_PedrodSoto.py,a3ab9f7b21165700d6ba6c0ae0fd78541d06af37d78c141386c00679d960f92d,incluido
2º de iMat/1er cuatri/FUSO/Practica_6/Ejercicio1_Ap1_Pedro_deSoto.py,imat-practicas,curso-2/fundamentos-sistemas-operativos/Practica_6/Ejercicio1_Ap1_Pedro_deSoto.py,f93e309f421e35f15bc5e13e390c125b2a2cc6a616c9e9c8675e115f5554e386,incluido
2º de iMat/1er cuatri/FUSO/Practica_6/Ejercicio1_Ap2_Pedro_deSoto.py,imat-practicas,curso-2/fundamentos-sistemas-operativos/Practica_6/Ejercicio1_Ap2_Pedro_deSoto.py,e3b0c44298fc1c149afbf4c8996fb92427ae41e4649b934ca495991b7852b855,incluido
2º de iMat/1er cuatri/FUSO/Practica_6/Ejercicio2_Pedro_deSoto.py,imat-practicas,curso-2/fundamentos-sistemas-operativos/Practica_6/Ejercicio2_Pedro_deSoto.py,e3b0c44298fc1c149afbf4c8996fb92427ae41e4649b934ca495991b7852b855,incluido
2º de iMat/1er cuatri/FUSO/Practica_6/Ejercicio3_Pedro_deSoto.py,imat-practicas,curso-2/fundamentos-sistemas-operativos/Practica_6/Ejercicio3_Pedro_deSoto.py,e3b0c44298fc1c149afbf4c8996fb92427ae41e4649b934ca495991b7852b855,incluido
2º de iMat/1er cuatri/FUSO/Practica_6/practica_fuso.py,imat-practicas,curso-2/fundamentos-sistemas-operativos/Practica_6/practica_fuso.py,5a0cf08ba793106d1e2c7a35ed39ed03e6c1590ea3b9f055a32ac5d5b04d70ec,incluido
2º de iMat/1er cuatri/FUSO/Practica_7/haversine_alumnos.py,imat-practicas,curso-2/fundamentos-sistemas-operativos/Practica_7/haversine_alumnos.py,9e51d693535606a7eb3f0252e3746b10970a722700d8823a51157b389168125a,incluido
2º de iMat/1er cuatri/FUSO/Practica_7/Pedro_deSoto_Gestion_Memoria/Ejercicio1_Pedro_deSoto.py,imat-practicas,curso-2/fundamentos-sistemas-operativos/Practica_7/Pedro_deSoto_Gestion_Memoria/Ejercicio1_Pedro_deSoto.py,e1e81133984a842a1e39569f4ba3a8b5930d874e50f044a39c9093049bc30b8c,incluido
2º de iMat/1er cuatri/FUSO/Practica_7/Pedro_deSoto_Gestion_Memoria/Ejercicio2_Pedro_deSoto.py,imat-practicas,curso-2/fundamentos-sistemas-operativos/Practica_7/Pedro_deSoto_Gestion_Memoria/Ejercicio2_Pedro_deSoto.py,838e81569ac439eac59ed2a8b5f9e3b4a271445062cb94dfde81ca112f366eb1,incluido
2º de iMat/1er cuatri/FUSO/Practica_7/Pedro_deSoto_Gestion_Memoria/Ejercicio3_harvesine2_Pedro_deSoto.py,imat-practicas,curso-2/fundamentos-sistemas-operativos/Practica_7/Pedro_deSoto_Gestion_Memoria/Ejercicio3_harvesine2_Pedro_deSoto.py,bafe90c8869faf6dd6a3fab61added1e68d834892a8682f3504855c58d9ef28e,incluido
2º de iMat/1er cuatri/FUSO/Practica_7/Pedro_deSoto_Gestion_Memoria/Ejercicio3_haversine1_Pedro_deSoto.py,imat-practicas,curso-2/fundamentos-sistemas-operativos/Practica_7/Pedro_deSoto_Gestion_Memoria/Ejercicio3_haversine1_Pedro_deSoto.py,c4c87b61f91ada986b356d82f10fd55e7d08e472066c5c11d540248616e7f15d,incluido
2º de iMat/1er cuatri/FUSO/Practica_7/Pedro_deSoto_Gestion_Memoria/Ejercicio4_Pedro_deSoto.py,imat-practicas,curso-2/fundamentos-sistemas-operativos/Practica_7/Pedro_deSoto_Gestion_Memoria/Ejercicio4_Pedro_deSoto.py,0c4150dbeac44c5936f2471fbb5b3c0bd029cc741577572047680709d347388a,incluido
2º de iMat/1er cuatri/FUSO/practica_examen_final/dia1.ipynb,imat-practicas,curso-2/fundamentos-sistemas-operativos/practica_examen_final/dia1.ipynb,c4fe30cb2ed198572ea87b6b6c311a2212af342f30342b281dab609bc10a6a1f,incluido
2º de iMat/1er cuatri/FUSO/practica_examen_final/dia1.py,imat-practicas,curso-2/fundamentos-sistemas-operativos/practica_examen_final/dia1.py,c6fa667db23291f19d181975fa15709d1db0c4bd23d341b7300e99e879722aef,incluido
2º de iMat/1er cuatri/FUSO/practica_examen_final/dia2.py,imat-practicas,curso-2/fundamentos-sistemas-operativos/practica_examen_final/dia2.py,e3b0c44298fc1c149afbf4c8996fb92427ae41e4649b934ca495991b7852b855,incluido
2º de iMat/1er cuatri/FUSO/practica_examen_final/dia2.sh,imat-practicas,curso-2/fundamentos-sistemas-operativos/practica_examen_final/dia2.sh,e25d85a6e1fbc38f76ab279b9f0cc0daccc146c0fb30544ef1ffa3eb0acddce5,incluido
2º de iMat/1er cuatri/FUSO/practica_examen_final/swfe.py,imat-practicas,curso-2/fundamentos-sistemas-operativos/practica_examen_final/swfe.py,73c16957a9a131ceed72812b9a9daf5f031d4406595e34a7d0cce5d7d1f793a6,incluido
2º de iMat/1er cuatri/FUSO/PROYECTO_FINAL/apartado_despliegue_Bash_JavierArraiza_PedrodeSoto.sh,imat-practicas,curso-2/fundamentos-sistemas-operativos/PROYECTO_FINAL/apartado_despliegue_Bash_JavierArraiza_PedrodeSoto.sh,29e17049b31ac1a725fcab28a33d464f6ce986e12adf21322c0d4287b8697cc3,incluido
2º de iMat/1er cuatri/FUSO/PROYECTO_FINAL/requests_Javier_Arraiza_Pedro_DeSoto.py,imat-practicas,curso-2/fundamentos-sistemas-operativos/PROYECTO_FINAL/requests_Javier_Arraiza_Pedro_DeSoto.py,f2b841d72bc129c4afdd761af5cb7d15078ffed23d5802a289eab16f7c963279,incluido
2º de iMat/1er cuatri/FUSO/PROYECTO_FINAL/requirements.txt,imat-practicas,curso-2/fundamentos-sistemas-operativos/PROYECTO_FINAL/requirements.txt,28c5f9d48d53c308cf5f80c3be31f1f09e43e1821cb5a3903a80f2b6a259b85b,incluido
2º de iMat/1er cuatri/FUSO/PROYECTO_FINAL/ProyectoFUSO_JavierArraiza_PedroDeSoto/ProyectoFUSO_JavierArraiza_PedroDeSoto/Proyecto Final Def/apartado_despliegue_Bash_JavierArraiza_PedrodeSoto.sh,imat-practicas,curso-2/fundamentos-sistemas-operativos/PROYECTO_FINAL/ProyectoFUSO_JavierArraiza_PedroDeSoto/ProyectoFUSO_JavierArraiza_PedroDeSoto/Proyecto Final Def/apartado_despliegue_Bash_JavierArraiza_PedrodeSoto.sh,96f9b4e7835a44bad75b2e942d2af4d4764a65364771f3c9d667d9946cf8c5df,incluido
2º de iMat/1er cuatri/FUSO/PROYECTO_FINAL/ProyectoFUSO_JavierArraiza_PedroDeSoto/ProyectoFUSO_JavierArraiza_PedroDeSoto/Proyecto Final Def/apartado1_Javier_Pedro.sh,imat-practicas,curso-2/fundamentos-sistemas-operativos/PROYECTO_FINAL/ProyectoFUSO_JavierArraiza_PedroDeSoto/ProyectoFUSO_JavierArraiza_PedroDeSoto/Proyecto Final Def/apartado1_Javier_Pedro.sh,a38e22866f418e8f41dc3ce3abdb84e4edb53b05c9551beddd4178b987ad581c,incluido
2º de iMat/1er cuatri/FUSO/PROYECTO_FINAL/ProyectoFUSO_JavierArraiza_PedroDeSoto/ProyectoFUSO_JavierArraiza_PedroDeSoto/Proyecto Final Def/apartado3_Pedro_Javier.sh,imat-practicas,curso-2/fundamentos-sistemas-operativos/PROYECTO_FINAL/ProyectoFUSO_JavierArraiza_PedroDeSoto/ProyectoFUSO_JavierArraiza_PedroDeSoto/Proyecto Final Def/apartado3_Pedro_Javier.sh,6ae7f2f4824c1705e066ee34cce8415f9f453f123601f7a30090a42b54bc6c93,incluido
2º de iMat/1er cuatri/FUSO/PROYECTO_FINAL/ProyectoFUSO_JavierArraiza_PedroDeSoto/ProyectoFUSO_JavierArraiza_PedroDeSoto/Proyecto Final Def/python_apartado3.py,imat-practicas,curso-2/fundamentos-sistemas-operativos/PROYECTO_FINAL/ProyectoFUSO_JavierArraiza_PedroDeSoto/ProyectoFUSO_JavierArraiza_PedroDeSoto/Proyecto Final Def/python_apartado3.py,bcd5655118635d81be57a91da6ec9996ebfe999aff3f031dcb4c479876a4f3a8,incluido
2º de iMat/1er cuatri/FUSO/PROYECTO_FINAL/ProyectoFUSO_JavierArraiza_PedroDeSoto/ProyectoFUSO_JavierArraiza_PedroDeSoto/Proyecto Final Def/requests_Javier_Arraiza_Pedro_DeSoto.py,imat-practicas,curso-2/fundamentos-sistemas-operativos/PROYECTO_FINAL/ProyectoFUSO_JavierArraiza_PedroDeSoto/ProyectoFUSO_JavierArraiza_PedroDeSoto/Proyecto Final Def/requests_Javier_Arraiza_Pedro_DeSoto.py,f2b841d72bc129c4afdd761af5cb7d15078ffed23d5802a289eab16f7c963279,incluido
2º de iMat/1er cuatri/FUSO/PROYECTO_FINAL/ProyectoFUSO_JavierArraiza_PedroDeSoto/ProyectoFUSO_JavierArraiza_PedroDeSoto/Proyecto Final Def/requirements.txt,imat-practicas,curso-2/fundamentos-sistemas-operativos/PROYECTO_FINAL/ProyectoFUSO_JavierArraiza_PedroDeSoto/ProyectoFUSO_JavierArraiza_PedroDeSoto/Proyecto Final Def/requirements.txt,72d4edcc3ed5d36af58e7663c61a972607cb0382b16abc9b5ee0156724f2843b,incluido
2º de iMat/2o cuatri/BASES/PRACTICAS/PRACTICA_1/practica_PEDRO_DESOTO_ENRILE.py,imat-practicas,curso-2/bases-datos/PRACTICAS/PRACTICA_1/practica_PEDRO_DESOTO_ENRILE.py,50ae388ff61beb63c328b8eefd51e4c34dad79b6c56ac854dd465dc8ac0d942c,incluido
2º de iMat/2o cuatri/BASES/PRACTICAS/PRACTICA_2/PEDRO_DESOTO_ENRILE_SQL_Avanzado.py,imat-practicas,curso-2/bases-datos/PRACTICAS/PRACTICA_2/PEDRO_DESOTO_ENRILE_SQL_Avanzado.py,99476627b9221837376563465a7fde0a86c668fb29fbb4256404ddf8a549a1ac,incluido
2º de iMat/2o cuatri/BASES/PRACTICAS/PRACTICA_3/Pedro_deSoto_Enrile_Lastfm_SQL/Pedro_de_Soto_Enrile_Lastfm_SQL.py,imat-practicas,curso-2/bases-datos/PRACTICAS/PRACTICA_3/Pedro_deSoto_Enrile_Lastfm_SQL/Pedro_de_Soto_Enrile_Lastfm_SQL.py,d1832940d4bfe39a6a4bbcd225e0e98659491d00f728e652ed8a8afe6e4180eb,incluido
2º de iMat/2o cuatri/BASES/PRACTICAS/PRACTICA_5/Pedro_deSoto_Enrile_MongoDB_Basico.py,imat-practicas,curso-2/bases-datos/PRACTICAS/PRACTICA_5/Pedro_deSoto_Enrile_MongoDB_Basico.py,5cb83af85f1eb8e9a1e01827083ba7b872341f1f99a0f33346028c6ef3426235,incluido
2º de iMat/2o cuatri/BASES/PRACTICAS/PRACTICA_7/Pedro_deSoto_Enrile_Neo4J_Basico.py,imat-practicas,curso-2/bases-datos/PRACTICAS/PRACTICA_7/Pedro_deSoto_Enrile_Neo4J_Basico.py,1ea30ce8ee2b8a254edc8d0fdd34bb40fc66359eb4879b86b2ad4abfa081f465,incluido
2º de iMat/2o cuatri/BASES/PROYECTO/Javier_Arraiza_Arribas_Pedro_DeSoto_Enrile_ProyectoBBDD/Javier_Arraiza_Arribas_Pedro_DeSoto_Enrile_ProyectoBBDD/inserta_dataset.py,analisis-resenas-multibase,inserta_dataset.py,bafeebbdcfc9f433b0f2c9150ea416b032dc3d43791857988d09f4c7eca20e09,incluido
2º de iMat/2o cuatri/BASES/PROYECTO/Javier_Arraiza_Arribas_Pedro_DeSoto_Enrile_ProyectoBBDD/Javier_Arraiza_Arribas_Pedro_DeSoto_Enrile_ProyectoBBDD/load_data.py,analisis-resenas-multibase,load_data.py,8e97191ebd9db016834a34bb5e1eba69cc70f7fd436ab65393b817ccdf90fbf1,incluido
2º de iMat/2o cuatri/BASES/PROYECTO/Javier_Arraiza_Arribas_Pedro_DeSoto_Enrile_ProyectoBBDD/Javier_Arraiza_Arribas_Pedro_DeSoto_Enrile_ProyectoBBDD/menu_visualizacion.py,analisis-resenas-multibase,menu_visualizacion.py,46b3781138bfa8634db9fa1c78eba5ee50e03f494e674da3191fca742e3681f0,incluido
2º de iMat/2o cuatri/BASES/PROYECTO/Javier_Arraiza_Arribas_Pedro_DeSoto_Enrile_ProyectoBBDD/Javier_Arraiza_Arribas_Pedro_DeSoto_Enrile_ProyectoBBDD/neo4JProyecto.py,analisis-resenas-multibase,neo4JProyecto.py,78cdc22e4584fbd78c3e71117e9b2a9b96a54f6fe6612140b07f6fbfe5d9e93f,incluido
2º de iMat/2o cuatri/BASES/PROYECTO/Javier_Arraiza_Arribas_Pedro_DeSoto_Enrile_ProyectoBBDD/Javier_Arraiza_Arribas_Pedro_DeSoto_Enrile_ProyectoBBDD/power_bi.py,analisis-resenas-multibase,power_bi.py,68b96fd1243de0238ac4f285ff31c0eb3f09198c55f89f56e3f8909ccb0667e0,incluido
2º de iMat/2o cuatri/BASES/PROYECTO/Javier_Arraiza_Arribas_Pedro_DeSoto_Enrile_ProyectoBBDD/Javier_Arraiza_Arribas_Pedro_DeSoto_Enrile_ProyectoBBDD/recomendador_populares.py,analisis-resenas-multibase,recomendador_populares.py,285ec36407ece3d778e123e43af27031b8674bcce7700d2fc7cfdfd3b3da24d4,incluido
2º de iMat/2o cuatri/BASES/PROYECTO/Javier_Arraiza_Arribas_Pedro_DeSoto_Enrile_ProyectoBBDD/Javier_Arraiza_Arribas_Pedro_DeSoto_Enrile_ProyectoBBDD/pythons/inserta_dataset.py,analisis-resenas-multibase,inserta_dataset.py,bafeebbdcfc9f433b0f2c9150ea416b032dc3d43791857988d09f4c7eca20e09,incluido
2º de iMat/2o cuatri/BASES/PROYECTO/Javier_Arraiza_Arribas_Pedro_DeSoto_Enrile_ProyectoBBDD/Javier_Arraiza_Arribas_Pedro_DeSoto_Enrile_ProyectoBBDD/pythons/load_data.py,analisis-resenas-multibase,load_data.py,8e97191ebd9db016834a34bb5e1eba69cc70f7fd436ab65393b817ccdf90fbf1,incluido
2º de iMat/2o cuatri/BASES/PROYECTO/Javier_Arraiza_Arribas_Pedro_DeSoto_Enrile_ProyectoBBDD/Javier_Arraiza_Arribas_Pedro_DeSoto_Enrile_ProyectoBBDD/pythons/menu_visualizacion.py,analisis-resenas-multibase,menu_visualizacion.py,46b3781138bfa8634db9fa1c78eba5ee50e03f494e674da3191fca742e3681f0,incluido
2º de iMat/2o cuatri/BASES/PROYECTO/Javier_Arraiza_Arribas_Pedro_DeSoto_Enrile_ProyectoBBDD/Javier_Arraiza_Arribas_Pedro_DeSoto_Enrile_ProyectoBBDD/pythons/neo4JProyecto.py,analisis-resenas-multibase,neo4JProyecto.py,78cdc22e4584fbd78c3e71117e9b2a9b96a54f6fe6612140b07f6fbfe5d9e93f,incluido
2º de iMat/2o cuatri/BASES/PROYECTO/Javier_Arraiza_Arribas_Pedro_DeSoto_Enrile_ProyectoBBDD/Javier_Arraiza_Arribas_Pedro_DeSoto_Enrile_ProyectoBBDD/pythons/power_bi.py,analisis-resenas-multibase,power_bi.py,68b96fd1243de0238ac4f285ff31c0eb3f09198c55f89f56e3f8909ccb0667e0,incluido
2º de iMat/2o cuatri/BASES/PROYECTO/Javier_Arraiza_Arribas_Pedro_DeSoto_Enrile_ProyectoBBDD/Javier_Arraiza_Arribas_Pedro_DeSoto_Enrile_ProyectoBBDD/pythons/recomendador_populares.py,analisis-resenas-multibase,recomendador_populares.py,285ec36407ece3d778e123e43af27031b8674bcce7700d2fc7cfdfd3b3da24d4,incluido
2º de iMat/2o cuatri/MACHINE/PRACTICAS/p2-1-prepare-data-psoto212/Lab_2_1_intro.ipynb,imat-practicas,curso-2/aprendizaje-automatico/PRACTICAS/p2-1-prepare-data-psoto212/Lab_2_1_intro.ipynb,c73693ee39f3b0bd6ce5f1938cbb47932d9629e8ae5a5530ecd557db40f76b64,incluido
2º de iMat/2o cuatri/MACHINE/PRACTICAS/p2-1-prepare-data-psoto212/README.md,imat-practicas,curso-2/aprendizaje-automatico/PRACTICAS/p2-1-prepare-data-psoto212/README.md,3feb284bc1e5032c07408ddd45411d40a2b3d5905e8c1b0d80669abeebaac63d,incluido
2º de iMat/2o cuatri/MACHINE/PRACTICAS/p2-2-knn-psoto212-main/p2-2-knn-psoto212-main/.gitignore,imat-practicas,curso-2/aprendizaje-automatico/PRACTICAS/p2-2-knn-psoto212-main/p2-2-knn-psoto212-main/.gitignore,23c9d3bf818f0a520cc7f164b091105a4ab7ad7bf2029275e88c4021c6e2f68a,incluido
2º de iMat/2o cuatri/MACHINE/PRACTICAS/p2-2-knn-psoto212-main/p2-2-knn-psoto212-main/P2_2_LogReg_KNN_solution.py,imat-practicas,curso-2/aprendizaje-automatico/PRACTICAS/p2-2-knn-psoto212-main/p2-2-knn-psoto212-main/P2_2_LogReg_KNN_solution.py,104abcd6e3ea1cc4c4dbb8162c552684bdf49bc942a1281efe857e4814d0ad31,incluido
2º de iMat/2o cuatri/MACHINE/PRACTICAS/p2-2-knn-psoto212-main/p2-2-knn-psoto212-main/pre_commit.sh,imat-practicas,curso-2/aprendizaje-automatico/PRACTICAS/p2-2-knn-psoto212-main/p2-2-knn-psoto212-main/pre_commit.sh,014338f2d6de24032c661b79339da1940f6c5abe8d31e40b66b01cab95032e8c,incluido
2º de iMat/2o cuatri/MACHINE/PRACTICAS/p2-2-knn-psoto212-main/p2-2-knn-psoto212-main/README.md,imat-practicas,curso-2/aprendizaje-automatico/PRACTICAS/p2-2-knn-psoto212-main/p2-2-knn-psoto212-main/README.md,6ab00f113ed364cd1c5a678e97d1dc2f3d0f25559699082d313327ad3194c2a7,incluido
2º de iMat/2o cuatri/MACHINE/PRACTICAS/p2-2-knn-psoto212-main/p2-2-knn-psoto212-main/notebook/__init__.py,imat-practicas,curso-2/aprendizaje-automatico/PRACTICAS/p2-2-knn-psoto212-main/p2-2-knn-psoto212-main/notebook/__init__.py,e3b0c44298fc1c149afbf4c8996fb92427ae41e4649b934ca495991b7852b855,incluido
2º de iMat/2o cuatri/MACHINE/PRACTICAS/p2-2-knn-psoto212-main/p2-2-knn-psoto212-main/notebook/Lab_2_2_kNN.ipynb,imat-practicas,curso-2/aprendizaje-automatico/PRACTICAS/p2-2-knn-psoto212-main/p2-2-knn-psoto212-main/notebook/Lab_2_2_kNN.ipynb,d723b81a72ef28ca4525f2da16ef486140a4d81a8931c43e73c681ed1fbeaf01,incluido
2º de iMat/2o cuatri/MACHINE/PRACTICAS/p2-2-knn-psoto212-main/p2-2-knn-psoto212-main/src/__init__.py,imat-practicas,curso-2/aprendizaje-automatico/PRACTICAS/p2-2-knn-psoto212-main/p2-2-knn-psoto212-main/src/__init__.py,01ba4719c80b6fe911b091a7c05124b64eeece964e09c058ef8f9805daca546b,incluido
2º de iMat/2o cuatri/MACHINE/PRACTICAS/p2-2-knn-psoto212-main/p2-2-knn-psoto212-main/src/Lab_2_2_kNN.py,imat-practicas,curso-2/aprendizaje-automatico/PRACTICAS/p2-2-knn-psoto212-main/p2-2-knn-psoto212-main/src/Lab_2_2_kNN.py,580276158a8615f1cf0180c1482897ef1970816ece1f4173dd865d2923bf9980,incluido
2º de iMat/2o cuatri/MACHINE/PRACTICAS/p2-2-knn-psoto212-main/p2-2-knn-psoto212-main/tests/__init__.py,imat-practicas,curso-2/aprendizaje-automatico/PRACTICAS/p2-2-knn-psoto212-main/p2-2-knn-psoto212-main/tests/__init__.py,01ba4719c80b6fe911b091a7c05124b64eeece964e09c058ef8f9805daca546b,incluido
2º de iMat/2o cuatri/MACHINE/PRACTICAS/p2-2-knn-psoto212-main/p2-2-knn-psoto212-main/tests/test_lab_2_2_knn.py,imat-practicas,curso-2/aprendizaje-automatico/PRACTICAS/p2-2-knn-psoto212-main/p2-2-knn-psoto212-main/tests/test_lab_2_2_knn.py,188f5409dd8ee959aa9f058b7238662eb58712dd3741ca12c32cbbfe2200f1ba,incluido
2º de iMat/2o cuatri/MACHINE/PRACTICAS/p2-3-linear-regression-psoto212-main/p2-3-linear-regression-psoto212-main/.gitignore,imat-practicas,curso-2/aprendizaje-automatico/PRACTICAS/p2-3-linear-regression-psoto212-main/p2-3-linear-regression-psoto212-main/.gitignore,23c9d3bf818f0a520cc7f164b091105a4ab7ad7bf2029275e88c4021c6e2f68a,incluido
2º de iMat/2o cuatri/MACHINE/PRACTICAS/p2-3-linear-regression-psoto212-main/p2-3-linear-regression-psoto212-main/pre_commit.sh,imat-practicas,curso-2/aprendizaje-automatico/PRACTICAS/p2-3-linear-regression-psoto212-main/p2-3-linear-regression-psoto212-main/pre_commit.sh,014338f2d6de24032c661b79339da1940f6c5abe8d31e40b66b01cab95032e8c,incluido
2º de iMat/2o cuatri/MACHINE/PRACTICAS/p2-3-linear-regression-psoto212-main/p2-3-linear-regression-psoto212-main/README.md,imat-practicas,curso-2/aprendizaje-automatico/PRACTICAS/p2-3-linear-regression-psoto212-main/p2-3-linear-regression-psoto212-main/README.md,55c198d8682145446c69177695721fdcfbbe97cab28c2ae8ab2ac04542478d8b,incluido
2º de iMat/2o cuatri/MACHINE/PRACTICAS/p2-3-linear-regression-psoto212-main/p2-3-linear-regression-psoto212-main/requirements.txt,imat-practicas,curso-2/aprendizaje-automatico/PRACTICAS/p2-3-linear-regression-psoto212-main/p2-3-linear-regression-psoto212-main/requirements.txt,7b9b3cbb11c6040e37d538d45a2ccb7eaa1d2993e63386dd35944f7c8b5fbbcd,incluido
2º de iMat/2o cuatri/MACHINE/PRACTICAS/p2-3-linear-regression-psoto212-main/p2-3-linear-regression-psoto212-main/notebook/__init__.py,imat-practicas,curso-2/aprendizaje-automatico/PRACTICAS/p2-3-linear-regression-psoto212-main/p2-3-linear-regression-psoto212-main/notebook/__init__.py,e3b0c44298fc1c149afbf4c8996fb92427ae41e4649b934ca495991b7852b855,incluido
2º de iMat/2o cuatri/MACHINE/PRACTICAS/p2-3-linear-regression-psoto212-main/p2-3-linear-regression-psoto212-main/notebook/Lab_2_3_LinearRegression.ipynb,imat-practicas,curso-2/aprendizaje-automatico/PRACTICAS/p2-3-linear-regression-psoto212-main/p2-3-linear-regression-psoto212-main/notebook/Lab_2_3_LinearRegression.ipynb,a267a4db275ffcfc914a60d87bbc9d310d299eac34c89ec2740a166e6bcf3253,incluido
2º de iMat/2o cuatri/MACHINE/PRACTICAS/p2-3-linear-regression-psoto212-main/p2-3-linear-regression-psoto212-main/src/__init__.py,imat-practicas,curso-2/aprendizaje-automatico/PRACTICAS/p2-3-linear-regression-psoto212-main/p2-3-linear-regression-psoto212-main/src/__init__.py,01ba4719c80b6fe911b091a7c05124b64eeece964e09c058ef8f9805daca546b,incluido
2º de iMat/2o cuatri/MACHINE/PRACTICAS/p2-3-linear-regression-psoto212-main/p2-3-linear-regression-psoto212-main/src/.gitignore,imat-practicas,curso-2/aprendizaje-automatico/PRACTICAS/p2-3-linear-regression-psoto212-main/p2-3-linear-regression-psoto212-main/src/.gitignore,23c9d3bf818f0a520cc7f164b091105a4ab7ad7bf2029275e88c4021c6e2f68a,incluido
2º de iMat/2o cuatri/MACHINE/PRACTICAS/p2-3-linear-regression-psoto212-main/p2-3-linear-regression-psoto212-main/src/lab_2_3_LinearRegression.py,imat-practicas,curso-2/aprendizaje-automatico/PRACTICAS/p2-3-linear-regression-psoto212-main/p2-3-linear-regression-psoto212-main/src/lab_2_3_LinearRegression.py,fb99183771820aceac09a93faeaebdab7fe745e59c7e2469c2423591205344e1,incluido
2º de iMat/2o cuatri/MACHINE/PRACTICAS/p2-3-linear-regression-psoto212-main/p2-3-linear-regression-psoto212-main/src/pre_commit.sh,imat-practicas,curso-2/aprendizaje-automatico/PRACTICAS/p2-3-linear-regression-psoto212-main/p2-3-linear-regression-psoto212-main/src/pre_commit.sh,014338f2d6de24032c661b79339da1940f6c5abe8d31e40b66b01cab95032e8c,incluido
2º de iMat/2o cuatri/MACHINE/PRACTICAS/p2-3-linear-regression-psoto212-main/p2-3-linear-regression-psoto212-main/src/README.md,imat-practicas,curso-2/aprendizaje-automatico/PRACTICAS/p2-3-linear-regression-psoto212-main/p2-3-linear-regression-psoto212-main/src/README.md,55c198d8682145446c69177695721fdcfbbe97cab28c2ae8ab2ac04542478d8b,incluido
2º de iMat/2o cuatri/MACHINE/PRACTICAS/p2-3-linear-regression-psoto212-main/p2-3-linear-regression-psoto212-main/src/requirements.txt,imat-practicas,curso-2/aprendizaje-automatico/PRACTICAS/p2-3-linear-regression-psoto212-main/p2-3-linear-regression-psoto212-main/src/requirements.txt,7b9b3cbb11c6040e37d538d45a2ccb7eaa1d2993e63386dd35944f7c8b5fbbcd,incluido
2º de iMat/2o cuatri/MACHINE/PRACTICAS/p2-3-linear-regression-psoto212-main/p2-3-linear-regression-psoto212-main/src/notebook/__init__.py,imat-practicas,curso-2/aprendizaje-automatico/PRACTICAS/p2-3-linear-regression-psoto212-main/p2-3-linear-regression-psoto212-main/src/notebook/__init__.py,e3b0c44298fc1c149afbf4c8996fb92427ae41e4649b934ca495991b7852b855,incluido
2º de iMat/2o cuatri/MACHINE/PRACTICAS/p2-3-linear-regression-psoto212-main/p2-3-linear-regression-psoto212-main/src/notebook/Lab_2_3_LinearRegression.ipynb,imat-practicas,curso-2/aprendizaje-automatico/PRACTICAS/p2-3-linear-regression-psoto212-main/p2-3-linear-regression-psoto212-main/src/notebook/Lab_2_3_LinearRegression.ipynb,a267a4db275ffcfc914a60d87bbc9d310d299eac34c89ec2740a166e6bcf3253,incluido
2º de iMat/2o cuatri/MACHINE/PRACTICAS/p2-3-linear-regression-psoto212-main/p2-3-linear-regression-psoto212-main/src/src/__init__.py,imat-practicas,curso-2/aprendizaje-automatico/PRACTICAS/p2-3-linear-regression-psoto212-main/p2-3-linear-regression-psoto212-main/src/src/__init__.py,01ba4719c80b6fe911b091a7c05124b64eeece964e09c058ef8f9805daca546b,incluido
2º de iMat/2o cuatri/MACHINE/PRACTICAS/p2-3-linear-regression-psoto212-main/p2-3-linear-regression-psoto212-main/src/src/lab_2_3_LinearRegression.py,imat-practicas,curso-2/aprendizaje-automatico/PRACTICAS/p2-3-linear-regression-psoto212-main/p2-3-linear-regression-psoto212-main/src/src/lab_2_3_LinearRegression.py,5ac4e2fe76b2872a253ae710bef6b87bcf59ccea6ec3af90a80ff0a17edd028b,incluido
2º de iMat/2o cuatri/MACHINE/PRACTICAS/p2-3-linear-regression-psoto212-main/p2-3-linear-regression-psoto212-main/src/tests/__init__.py,imat-practicas,curso-2/aprendizaje-automatico/PRACTICAS/p2-3-linear-regression-psoto212-main/p2-3-linear-regression-psoto212-main/src/tests/__init__.py,01ba4719c80b6fe911b091a7c05124b64eeece964e09c058ef8f9805daca546b,incluido
2º de iMat/2o cuatri/MACHINE/PRACTICAS/p2-3-linear-regression-psoto212-main/p2-3-linear-regression-psoto212-main/src/tests/test_lab_2_3_LinearRegression.py,imat-practicas,curso-2/aprendizaje-automatico/PRACTICAS/p2-3-linear-regression-psoto212-main/p2-3-linear-regression-psoto212-main/src/tests/test_lab_2_3_LinearRegression.py,10283e9edc84a845ee7f16da58ebdd3427647be5196b1dbf233804334d48c049,incluido
2º de iMat/2o cuatri/MACHINE/PRACTICAS/p2-3-linear-regression-psoto212-main/p2-3-linear-regression-psoto212-main/tests/__init__.py,imat-practicas,curso-2/aprendizaje-automatico/PRACTICAS/p2-3-linear-regression-psoto212-main/p2-3-linear-regression-psoto212-main/tests/__init__.py,01ba4719c80b6fe911b091a7c05124b64eeece964e09c058ef8f9805daca546b,incluido
2º de iMat/2o cuatri/MACHINE/PRACTICAS/p2-3-linear-regression-psoto212-main/p2-3-linear-regression-psoto212-main/tests/test_lab_2_3_LinearRegression.py,imat-practicas,curso-2/aprendizaje-automatico/PRACTICAS/p2-3-linear-regression-psoto212-main/p2-3-linear-regression-psoto212-main/tests/test_lab_2_3_LinearRegression.py,10283e9edc84a845ee7f16da58ebdd3427647be5196b1dbf233804334d48c049,incluido
2º de iMat/2o cuatri/MACHINE/PRACTICAS/p2-4-linear-regression-ii-psoto212/.gitignore,imat-practicas,curso-2/aprendizaje-automatico/PRACTICAS/p2-4-linear-regression-ii-psoto212/.gitignore,94373371e6d97ada0019a7e648287fd60381be7a0495ab4a98b25eb2125c5e29,incluido
2º de iMat/2o cuatri/MACHINE/PRACTICAS/p2-4-linear-regression-ii-psoto212/README.md,imat-practicas,curso-2/aprendizaje-automatico/PRACTICAS/p2-4-linear-regression-ii-psoto212/README.md,ec9b35eaf242675579ace8b75a760ff5bc46bfb0069093ba9bd5fa4712a64621,incluido
2º de iMat/2o cuatri/MACHINE/PRACTICAS/p2-4-linear-regression-ii-psoto212/notebook/__init__.py,imat-practicas,curso-2/aprendizaje-automatico/PRACTICAS/p2-4-linear-regression-ii-psoto212/notebook/__init__.py,e3b0c44298fc1c149afbf4c8996fb92427ae41e4649b934ca495991b7852b855,incluido
2º de iMat/2o cuatri/MACHINE/PRACTICAS/p2-4-linear-regression-ii-psoto212/notebook/Lab_2_4_LR2.ipynb,imat-practicas,curso-2/aprendizaje-automatico/PRACTICAS/p2-4-linear-regression-ii-psoto212/notebook/Lab_2_4_LR2.ipynb,e1a7e4480ac3e916d60f2fac7a45b30cb2c492968d62376668cd78dee7d5182f,incluido
2º de iMat/2o cuatri/MACHINE/PRACTICAS/p2-4-linear-regression-ii-psoto212/src/__init__.py,imat-practicas,curso-2/aprendizaje-automatico/PRACTICAS/p2-4-linear-regression-ii-psoto212/src/__init__.py,e3b0c44298fc1c149afbf4c8996fb92427ae41e4649b934ca495991b7852b855,incluido
2º de iMat/2o cuatri/MACHINE/PRACTICAS/p2-4-linear-regression-ii-psoto212/src/Lab_2_4_LR2.py,imat-practicas,curso-2/aprendizaje-automatico/PRACTICAS/p2-4-linear-regression-ii-psoto212/src/Lab_2_4_LR2.py,e4ea50cb85facfcf0da7df17f6b4d8a28e2756ccd7cbc2ed4d32e663c745174f,incluido
2º de iMat/2o cuatri/MACHINE/PRACTICAS/p2-4-linear-regression-ii-psoto212/tests/__init__.py,imat-practicas,curso-2/aprendizaje-automatico/PRACTICAS/p2-4-linear-regression-ii-psoto212/tests/__init__.py,e3b0c44298fc1c149afbf4c8996fb92427ae41e4649b934ca495991b7852b855,incluido
2º de iMat/2o cuatri/MACHINE/PRACTICAS/p2-4-linear-regression-ii-psoto212/tests/test_linear_regressor.py,imat-practicas,curso-2/aprendizaje-automatico/PRACTICAS/p2-4-linear-regression-ii-psoto212/tests/test_linear_regressor.py,9e59388a75e0f16818804ab00a83c39fb7d7d781098f5b17968c1dd1fb548305,incluido
2º de iMat/2o cuatri/MACHINE/PRACTICAS/p2-4-linear-regression-ii-psoto212-main/p2-4-linear-regression-ii-psoto212-main/.gitignore,imat-practicas,curso-2/aprendizaje-automatico/PRACTICAS/p2-4-linear-regression-ii-psoto212-main/p2-4-linear-regression-ii-psoto212-main/.gitignore,94373371e6d97ada0019a7e648287fd60381be7a0495ab4a98b25eb2125c5e29,incluido
2º de iMat/2o cuatri/MACHINE/PRACTICAS/p2-4-linear-regression-ii-psoto212-main/p2-4-linear-regression-ii-psoto212-main/README.md,imat-practicas,curso-2/aprendizaje-automatico/PRACTICAS/p2-4-linear-regression-ii-psoto212-main/p2-4-linear-regression-ii-psoto212-main/README.md,ec9b35eaf242675579ace8b75a760ff5bc46bfb0069093ba9bd5fa4712a64621,incluido
2º de iMat/2o cuatri/MACHINE/PRACTICAS/p2-4-linear-regression-ii-psoto212-main/p2-4-linear-regression-ii-psoto212-main/notebook/__init__.py,imat-practicas,curso-2/aprendizaje-automatico/PRACTICAS/p2-4-linear-regression-ii-psoto212-main/p2-4-linear-regression-ii-psoto212-main/notebook/__init__.py,e3b0c44298fc1c149afbf4c8996fb92427ae41e4649b934ca495991b7852b855,incluido
2º de iMat/2o cuatri/MACHINE/PRACTICAS/p2-4-linear-regression-ii-psoto212-main/p2-4-linear-regression-ii-psoto212-main/notebook/Lab_2_4_LR2.ipynb,imat-practicas,curso-2/aprendizaje-automatico/PRACTICAS/p2-4-linear-regression-ii-psoto212-main/p2-4-linear-regression-ii-psoto212-main/notebook/Lab_2_4_LR2.ipynb,e1a7e4480ac3e916d60f2fac7a45b30cb2c492968d62376668cd78dee7d5182f,incluido
2º de iMat/2o cuatri/MACHINE/PRACTICAS/p2-4-linear-regression-ii-psoto212-main/p2-4-linear-regression-ii-psoto212-main/src/__init__.py,imat-practicas,curso-2/aprendizaje-automatico/PRACTICAS/p2-4-linear-regression-ii-psoto212-main/p2-4-linear-regression-ii-psoto212-main/src/__init__.py,e3b0c44298fc1c149afbf4c8996fb92427ae41e4649b934ca495991b7852b855,incluido
2º de iMat/2o cuatri/MACHINE/PRACTICAS/p2-4-linear-regression-ii-psoto212-main/p2-4-linear-regression-ii-psoto212-main/src/Lab_2_4_LR2.py,imat-practicas,curso-2/aprendizaje-automatico/PRACTICAS/p2-4-linear-regression-ii-psoto212-main/p2-4-linear-regression-ii-psoto212-main/src/Lab_2_4_LR2.py,e4ea50cb85facfcf0da7df17f6b4d8a28e2756ccd7cbc2ed4d32e663c745174f,incluido
2º de iMat/2o cuatri/MACHINE/PRACTICAS/p2-4-linear-regression-ii-psoto212-main/p2-4-linear-regression-ii-psoto212-main/tests/__init__.py,imat-practicas,curso-2/aprendizaje-automatico/PRACTICAS/p2-4-linear-regression-ii-psoto212-main/p2-4-linear-regression-ii-psoto212-main/tests/__init__.py,e3b0c44298fc1c149afbf4c8996fb92427ae41e4649b934ca495991b7852b855,incluido
2º de iMat/2o cuatri/MACHINE/PRACTICAS/p2-4-linear-regression-ii-psoto212-main/p2-4-linear-regression-ii-psoto212-main/tests/test_linear_regressor.py,imat-practicas,curso-2/aprendizaje-automatico/PRACTICAS/p2-4-linear-regression-ii-psoto212-main/p2-4-linear-regression-ii-psoto212-main/tests/test_linear_regressor.py,9e59388a75e0f16818804ab00a83c39fb7d7d781098f5b17968c1dd1fb548305,incluido
2º de iMat/2o cuatri/MACHINE/PRACTICAS/p2-5-logistic-regression-psoto212/README.md,imat-practicas,curso-2/aprendizaje-automatico/PRACTICAS/p2-5-logistic-regression-psoto212/README.md,2d9be3ff5f471bcce69b8ed1227b28db54a1b6fb34ee310164db7c1ea0915e5a,incluido
2º de iMat/2o cuatri/MACHINE/PRACTICAS/p2-5-logistic-regression-psoto212/notebook/__init__.py,imat-practicas,curso-2/aprendizaje-automatico/PRACTICAS/p2-5-logistic-regression-psoto212/notebook/__init__.py,e3b0c44298fc1c149afbf4c8996fb92427ae41e4649b934ca495991b7852b855,incluido
2º de iMat/2o cuatri/MACHINE/PRACTICAS/p2-5-logistic-regression-psoto212/notebook/Lab2_5_LogisticRegression_and_regularization.ipynb,imat-practicas,curso-2/aprendizaje-automatico/PRACTICAS/p2-5-logistic-regression-psoto212/notebook/Lab2_5_LogisticRegression_and_regularization.ipynb,ac7ab495730f7fb18f81b52ccc10f3d45baaa1f6285b378bc8cb44320ec103ed,incluido
2º de iMat/2o cuatri/MACHINE/PRACTICAS/p2-5-logistic-regression-psoto212/src/__init__.py,imat-practicas,curso-2/aprendizaje-automatico/PRACTICAS/p2-5-logistic-regression-psoto212/src/__init__.py,e3b0c44298fc1c149afbf4c8996fb92427ae41e4649b934ca495991b7852b855,incluido
2º de iMat/2o cuatri/MACHINE/PRACTICAS/p2-5-logistic-regression-psoto212/src/Lab2_5_LogisticRegression_and_regularization.py,imat-practicas,curso-2/aprendizaje-automatico/PRACTICAS/p2-5-logistic-regression-psoto212/src/Lab2_5_LogisticRegression_and_regularization.py,0caeb3e304bb1ac093896197ec26878313fb0d6cc4026d3d746fff83b5fdf4ee,incluido
2º de iMat/2o cuatri/MACHINE/PRACTICAS/p2-5-logistic-regression-psoto212/src/utils.py,imat-practicas,curso-2/aprendizaje-automatico/PRACTICAS/p2-5-logistic-regression-psoto212/src/utils.py,2b0a0414ebbadb6e0f4538bf1928e8ef521d054d2416e3997678d27700e2f14b,incluido
2º de iMat/2o cuatri/MACHINE/PRACTICAS/p2-5-logistic-regression-psoto212/tests/__init__.py,imat-practicas,curso-2/aprendizaje-automatico/PRACTICAS/p2-5-logistic-regression-psoto212/tests/__init__.py,e3b0c44298fc1c149afbf4c8996fb92427ae41e4649b934ca495991b7852b855,incluido
2º de iMat/2o cuatri/MACHINE/PRACTICAS/p2-5-logistic-regression-psoto212/tests/test_logistic_regressor.py,imat-practicas,curso-2/aprendizaje-automatico/PRACTICAS/p2-5-logistic-regression-psoto212/tests/test_logistic_regressor.py,0a40d7e4c7564ae8c40dbb1b9df15df3bfa3fa902a2809c880908f085ebe5d1f,incluido
2º de iMat/2o cuatri/MACHINE/PRACTICAS/p2-5-logistic-regression-psoto212-main/p2-5-logistic-regression-psoto212-main/README.md,imat-practicas,curso-2/aprendizaje-automatico/PRACTICAS/p2-5-logistic-regression-psoto212-main/p2-5-logistic-regression-psoto212-main/README.md,2d9be3ff5f471bcce69b8ed1227b28db54a1b6fb34ee310164db7c1ea0915e5a,incluido
2º de iMat/2o cuatri/MACHINE/PRACTICAS/p2-5-logistic-regression-psoto212-main/p2-5-logistic-regression-psoto212-main/notebook/__init__.py,imat-practicas,curso-2/aprendizaje-automatico/PRACTICAS/p2-5-logistic-regression-psoto212-main/p2-5-logistic-regression-psoto212-main/notebook/__init__.py,e3b0c44298fc1c149afbf4c8996fb92427ae41e4649b934ca495991b7852b855,incluido
2º de iMat/2o cuatri/MACHINE/PRACTICAS/p2-5-logistic-regression-psoto212-main/p2-5-logistic-regression-psoto212-main/notebook/Lab2_5_LogisticRegression_and_regularization.ipynb,imat-practicas,curso-2/aprendizaje-automatico/PRACTICAS/p2-5-logistic-regression-psoto212-main/p2-5-logistic-regression-psoto212-main/notebook/Lab2_5_LogisticRegression_and_regularization.ipynb,ac7ab495730f7fb18f81b52ccc10f3d45baaa1f6285b378bc8cb44320ec103ed,incluido
2º de iMat/2o cuatri/MACHINE/PRACTICAS/p2-5-logistic-regression-psoto212-main/p2-5-logistic-regression-psoto212-main/src/__init__.py,imat-practicas,curso-2/aprendizaje-automatico/PRACTICAS/p2-5-logistic-regression-psoto212-main/p2-5-logistic-regression-psoto212-main/src/__init__.py,e3b0c44298fc1c149afbf4c8996fb92427ae41e4649b934ca495991b7852b855,incluido
2º de iMat/2o cuatri/MACHINE/PRACTICAS/p2-5-logistic-regression-psoto212-main/p2-5-logistic-regression-psoto212-main/src/Lab2_5_LogisticRegression_and_regularization.py,imat-practicas,curso-2/aprendizaje-automatico/PRACTICAS/p2-5-logistic-regression-psoto212-main/p2-5-logistic-regression-psoto212-main/src/Lab2_5_LogisticRegression_and_regularization.py,0caeb3e304bb1ac093896197ec26878313fb0d6cc4026d3d746fff83b5fdf4ee,incluido
2º de iMat/2o cuatri/MACHINE/PRACTICAS/p2-5-logistic-regression-psoto212-main/p2-5-logistic-regression-psoto212-main/src/utils.py,imat-practicas,curso-2/aprendizaje-automatico/PRACTICAS/p2-5-logistic-regression-psoto212-main/p2-5-logistic-regression-psoto212-main/src/utils.py,2b0a0414ebbadb6e0f4538bf1928e8ef521d054d2416e3997678d27700e2f14b,incluido
2º de iMat/2o cuatri/MACHINE/PRACTICAS/p2-5-logistic-regression-psoto212-main/p2-5-logistic-regression-psoto212-main/tests/__init__.py,imat-practicas,curso-2/aprendizaje-automatico/PRACTICAS/p2-5-logistic-regression-psoto212-main/p2-5-logistic-regression-psoto212-main/tests/__init__.py,e3b0c44298fc1c149afbf4c8996fb92427ae41e4649b934ca495991b7852b855,incluido
2º de iMat/2o cuatri/MACHINE/PRACTICAS/p2-5-logistic-regression-psoto212-main/p2-5-logistic-regression-psoto212-main/tests/test_logistic_regressor.py,imat-practicas,curso-2/aprendizaje-automatico/PRACTICAS/p2-5-logistic-regression-psoto212-main/p2-5-logistic-regression-psoto212-main/tests/test_logistic_regressor.py,0a40d7e4c7564ae8c40dbb1b9df15df3bfa3fa902a2809c880908f085ebe5d1f,incluido
2º de iMat/2o cuatri/MACHINE/PRACTICAS/p2-6-cross-validation-psoto212-main/README.md,imat-practicas,curso-2/aprendizaje-automatico/PRACTICAS/p2-6-cross-validation-psoto212-main/README.md,3ed1cf20bd8a5598a21596ccb074bc010d2cfe2ad820c64dcf0e421029fc0032,incluido
2º de iMat/2o cuatri/MACHINE/PRACTICAS/p2-6-cross-validation-psoto212-main/notebook/__init__.py,imat-practicas,curso-2/aprendizaje-automatico/PRACTICAS/p2-6-cross-validation-psoto212-main/notebook/__init__.py,e3b0c44298fc1c149afbf4c8996fb92427ae41e4649b934ca495991b7852b855,incluido
2º de iMat/2o cuatri/MACHINE/PRACTICAS/p2-6-cross-validation-psoto212-main/notebook/Lab2_6_CV.ipynb,imat-practicas,curso-2/aprendizaje-automatico/PRACTICAS/p2-6-cross-validation-psoto212-main/notebook/Lab2_6_CV.ipynb,93d1443cdf23c0fff8d0c165aa598ca12fbd5c68df03de015d3157f960db748b,incluido
2º de iMat/2o cuatri/MACHINE/PRACTICAS/p2-6-cross-validation-psoto212-main/src/__init__.py,imat-practicas,curso-2/aprendizaje-automatico/PRACTICAS/p2-6-cross-validation-psoto212-main/src/__init__.py,e3b0c44298fc1c149afbf4c8996fb92427ae41e4649b934ca495991b7852b855,incluido
2º de iMat/2o cuatri/MACHINE/PRACTICAS/p2-6-cross-validation-psoto212-main/src/Lab2_6_CV.py,imat-practicas,curso-2/aprendizaje-automatico/PRACTICAS/p2-6-cross-validation-psoto212-main/src/Lab2_6_CV.py,d39c0a2b0e2641e37b3f7c4ee304e9235a5361cd343077216346e7e20f06ba64,incluido
2º de iMat/2o cuatri/MACHINE/PRACTICAS/p2-6-cross-validation-psoto212-main/tests/__init__.py,imat-practicas,curso-2/aprendizaje-automatico/PRACTICAS/p2-6-cross-validation-psoto212-main/tests/__init__.py,e3b0c44298fc1c149afbf4c8996fb92427ae41e4649b934ca495991b7852b855,incluido
2º de iMat/2o cuatri/MACHINE/PRACTICAS/p2-6-cross-validation-psoto212-main/tests/test_cross_validation.py,imat-practicas,curso-2/aprendizaje-automatico/PRACTICAS/p2-6-cross-validation-psoto212-main/tests/test_cross_validation.py,91f2722690878edfe0ca4082c667f319666429e98a9fd58b5e4077fd290d6d37,incluido
2º de iMat/2o cuatri/MACHINE/PRACTICAS/p2-7-lda-psoto212-master/p2-7-lda-psoto212-master/.gitignore,imat-practicas,curso-2/aprendizaje-automatico/PRACTICAS/p2-7-lda-psoto212-master/p2-7-lda-psoto212-master/.gitignore,23c9d3bf818f0a520cc7f164b091105a4ab7ad7bf2029275e88c4021c6e2f68a,incluido
2º de iMat/2o cuatri/MACHINE/PRACTICAS/p2-7-lda-psoto212-master/p2-7-lda-psoto212-master/pre_commit.sh,imat-practicas,curso-2/aprendizaje-automatico/PRACTICAS/p2-7-lda-psoto212-master/p2-7-lda-psoto212-master/pre_commit.sh,014338f2d6de24032c661b79339da1940f6c5abe8d31e40b66b01cab95032e8c,incluido
2º de iMat/2o cuatri/MACHINE/PRACTICAS/p2-7-lda-psoto212-master/p2-7-lda-psoto212-master/README.md,imat-practicas,curso-2/aprendizaje-automatico/PRACTICAS/p2-7-lda-psoto212-master/p2-7-lda-psoto212-master/README.md,963857068680755055ae16d9d5c437fc81f6476d391f06bacc82a55f5676d4d1,incluido
2º de iMat/2o cuatri/MACHINE/PRACTICAS/p2-7-lda-psoto212-master/p2-7-lda-psoto212-master/notebook/__init__.py,imat-practicas,curso-2/aprendizaje-automatico/PRACTICAS/p2-7-lda-psoto212-master/p2-7-lda-psoto212-master/notebook/__init__.py,e3b0c44298fc1c149afbf4c8996fb92427ae41e4649b934ca495991b7852b855,incluido
2º de iMat/2o cuatri/MACHINE/PRACTICAS/p2-7-lda-psoto212-master/p2-7-lda-psoto212-master/notebook/Lab2_7_LDA.ipynb,imat-practicas,curso-2/aprendizaje-automatico/PRACTICAS/p2-7-lda-psoto212-master/p2-7-lda-psoto212-master/notebook/Lab2_7_LDA.ipynb,301d4d7acbcb7389195ecd5286374367ad81e6ed718b7dd0c40a7e4bd0f7c76c,incluido
2º de iMat/2o cuatri/MACHINE/PRACTICAS/p2-7-lda-psoto212-master/p2-7-lda-psoto212-master/src/__init__.py,imat-practicas,curso-2/aprendizaje-automatico/PRACTICAS/p2-7-lda-psoto212-master/p2-7-lda-psoto212-master/src/__init__.py,e3b0c44298fc1c149afbf4c8996fb92427ae41e4649b934ca495991b7852b855,incluido
2º de iMat/2o cuatri/MACHINE/PRACTICAS/p2-7-lda-psoto212-master/p2-7-lda-psoto212-master/src/LDA_model_sol.py,imat-practicas,curso-2/aprendizaje-automatico/PRACTICAS/p2-7-lda-psoto212-master/p2-7-lda-psoto212-master/src/LDA_model_sol.py,b1cae48e623e27daf2499ec59384bd7df22793fa9f60b17a8938cbd0c0893a2d,incluido
2º de iMat/2o cuatri/MACHINE/PRACTICAS/p2-7-lda-psoto212-master/p2-7-lda-psoto212-master/src/LDA_model.py,imat-practicas,curso-2/aprendizaje-automatico/PRACTICAS/p2-7-lda-psoto212-master/p2-7-lda-psoto212-master/src/LDA_model.py,4ff50859214f40f2372fc5883573ad6e56033503067d2340d445b693d7195a1c,excluido: sintaxis incompleta
2º de iMat/2o cuatri/MACHINE/PRACTICAS/p2-7-lda-psoto212-master/p2-7-lda-psoto212-master/tests/__init__.py,imat-practicas,curso-2/aprendizaje-automatico/PRACTICAS/p2-7-lda-psoto212-master/p2-7-lda-psoto212-master/tests/__init__.py,e3b0c44298fc1c149afbf4c8996fb92427ae41e4649b934ca495991b7852b855,incluido
2º de iMat/2o cuatri/MACHINE/PRACTICAS/p2-7-lda-psoto212-master/p2-7-lda-psoto212-master/tests/test_lab_2_7_LDA.py,imat-practicas,curso-2/aprendizaje-automatico/PRACTICAS/p2-7-lda-psoto212-master/p2-7-lda-psoto212-master/tests/test_lab_2_7_LDA.py,5b44d7d4f4dd6052e901315ac30b2bb03a9844de6f3018bbc13af6bce337fd9f,incluido
2º de iMat/2o cuatri/MACHINE/PRACTICAS/p2-8-decision-tree-psoto212-main/p2-8-decision-tree-psoto212-main/.gitignore,imat-practicas,curso-2/aprendizaje-automatico/PRACTICAS/p2-8-decision-tree-psoto212-main/p2-8-decision-tree-psoto212-main/.gitignore,23c9d3bf818f0a520cc7f164b091105a4ab7ad7bf2029275e88c4021c6e2f68a,incluido
2º de iMat/2o cuatri/MACHINE/PRACTICAS/p2-8-decision-tree-psoto212-main/p2-8-decision-tree-psoto212-main/pre_commit.sh,imat-practicas,curso-2/aprendizaje-automatico/PRACTICAS/p2-8-decision-tree-psoto212-main/p2-8-decision-tree-psoto212-main/pre_commit.sh,014338f2d6de24032c661b79339da1940f6c5abe8d31e40b66b01cab95032e8c,incluido
2º de iMat/2o cuatri/MACHINE/PRACTICAS/p2-8-decision-tree-psoto212-main/p2-8-decision-tree-psoto212-main/README.md,imat-practicas,curso-2/aprendizaje-automatico/PRACTICAS/p2-8-decision-tree-psoto212-main/p2-8-decision-tree-psoto212-main/README.md,85fde901b4ac584fb6d034856b95640758f6af4258427daa0efd0aca742794f5,incluido
2º de iMat/2o cuatri/MACHINE/PRACTICAS/p2-8-decision-tree-psoto212-main/p2-8-decision-tree-psoto212-main/notebook/__init__.py,imat-practicas,curso-2/aprendizaje-automatico/PRACTICAS/p2-8-decision-tree-psoto212-main/p2-8-decision-tree-psoto212-main/notebook/__init__.py,e3b0c44298fc1c149afbf4c8996fb92427ae41e4649b934ca495991b7852b855,incluido
2º de iMat/2o cuatri/MACHINE/PRACTICAS/p2-8-decision-tree-psoto212-main/p2-8-decision-tree-psoto212-main/notebook/Lab2_8_Trees.ipynb,imat-practicas,curso-2/aprendizaje-automatico/PRACTICAS/p2-8-decision-tree-psoto212-main/p2-8-decision-tree-psoto212-main/notebook/Lab2_8_Trees.ipynb,188b2e275f46dbbd363441a5abad843b59c0acc5eab2603366eed6fc6484c399,incluido
2º de iMat/2o cuatri/MACHINE/PROYECTO/proyecto_ml_final/proyecto_ml/main.py,ml-rendimiento-academico,main.py,7581c88130fa5b485fb1b3954e14485d783b981dce616ab9c1c46225264e6555,incluido
2º de iMat/2o cuatri/MACHINE/PROYECTO/proyecto_ml_final/proyecto_ml/README.md,ml-rendimiento-academico,README.md,e3ac7097952cfbc5a5ae0a2ef33d093d59fa1c9b960602fc533c4a2787c698d4,incluido
2º de iMat/2o cuatri/MACHINE/PROYECTO/proyecto_ml_final/proyecto_ml/notebooks/01_EDA_preprocesado.py,ml-rendimiento-academico,notebooks/01_EDA_preprocesado.py,71a8735bfa2fa42deb721d14d439d12a1c7c5d74b050499ff0116cfc295c0b20,incluido
2º de iMat/2o cuatri/MACHINE/PROYECTO/proyecto_ml_final/proyecto_ml/notebooks/02_clasificacion.py,ml-rendimiento-academico,notebooks/02_clasificacion.py,c8e4be19122fb625b48f483d0b36771fcb42d6a28887a7704ac4d4ecfba8bd88,incluido
2º de iMat/2o cuatri/MACHINE/PROYECTO/proyecto_ml_final/proyecto_ml/notebooks/03_regresion.py,ml-rendimiento-academico,notebooks/03_regresion.py,96d86dcfcc34ae054f83aa78c9d89fd04dac2d332b575ac58dd8123b89472396,incluido
2º de iMat/2o cuatri/MACHINE/PROYECTO/proyecto_ml_final/proyecto_ml/notebooks/04_no_supervisado.py,ml-rendimiento-academico,notebooks/04_no_supervisado.py,ae79e76078796b81d6838a962814a2af8e2e6917c5d0a96acc60c22c1025c130,incluido
2º de iMat/2o cuatri/MACHINE/PROYECTO/proyecto_ml_final/proyecto_ml/Proyecto_Pedro_de_Soto/01_EDA_preprocesado.py,imat-practicas,curso-2/aprendizaje-automatico/PROYECTO/proyecto_ml_final/proyecto_ml/Proyecto_Pedro_de_Soto/01_EDA_preprocesado.py,9489daef6bc77d903c912a19c5aeee014f800df22c258477ec25cef69cc37174,incluido
2º de iMat/2o cuatri/MACHINE/PROYECTO/proyecto_ml_final/proyecto_ml/Proyecto_Pedro_de_Soto/02_clasificacion.py,ml-rendimiento-academico,notebooks/02_clasificacion.py,c8e4be19122fb625b48f483d0b36771fcb42d6a28887a7704ac4d4ecfba8bd88,incluido
2º de iMat/2o cuatri/MACHINE/PROYECTO/proyecto_ml_final/proyecto_ml/Proyecto_Pedro_de_Soto/03_regresion.py,ml-rendimiento-academico,notebooks/03_regresion.py,96d86dcfcc34ae054f83aa78c9d89fd04dac2d332b575ac58dd8123b89472396,incluido
2º de iMat/2o cuatri/MACHINE/PROYECTO/proyecto_ml_final/proyecto_ml/Proyecto_Pedro_de_Soto/04_no_supervisado.py,ml-rendimiento-academico,notebooks/04_no_supervisado.py,ae79e76078796b81d6838a962814a2af8e2e6917c5d0a96acc60c22c1025c130,incluido
2º de iMat/2o cuatri/MACHINE/PROYECTO/proyecto_ml_final/proyecto_ml/Proyecto_Pedro_de_Soto/main.py,ml-rendimiento-academico,main.py,7581c88130fa5b485fb1b3954e14485d783b981dce616ab9c1c46225264e6555,incluido
2º de iMat/2o cuatri/MACHINE/PROYECTO/proyecto_ml_final/proyecto_ml/Proyecto_Pedro_de_Soto/README.md,ml-rendimiento-academico,README.md,e3ac7097952cfbc5a5ae0a2ef33d093d59fa1c9b960602fc533c4a2787c698d4,incluido
2º de iMat/2o cuatri/METODOS/final_practica/final_1.py,imat-practicas,curso-2/metodos-numericos/final_practica/final_1.py,728f2a58dee314f2b8c4e3451e13ed785ee3ee11d3f65b344882315e613f7168,incluido
2º de iMat/2o cuatri/METODOS/final_practica/final_2.py,imat-practicas,curso-2/metodos-numericos/final_practica/final_2.py,bb21fb3625067d0d5af5797775892a60afa3a658ac2ad9e2c85628588ec1ed09,incluido
2º de iMat/2o cuatri/METODOS/final_practica/final_3.py,imat-practicas,curso-2/metodos-numericos/final_practica/final_3.py,7f01b912c84aa8fe53fd84360de81e1b4707c9bb1be42fdee81761d0f9102178,incluido
2º de iMat/2o cuatri/METODOS/final_practica/final_4.py,imat-practicas,curso-2/metodos-numericos/final_practica/final_4.py,430e2b895a91a24dba60b1721ee5f167e97f181f71cc0440072da134d1731060,incluido
2º de iMat/2o cuatri/METODOS/final_practica/final.ipynb,imat-practicas,curso-2/metodos-numericos/final_practica/final.ipynb,2eae60e84ff944508751fbe4929eb4914fa26fa02a1cc3034b56e62015555bd7,incluido
2º de iMat/2o cuatri/METODOS/inter/2025-2026_01-inter-notebook.ipynb,imat-practicas,curso-2/metodos-numericos/inter/2025-2026_01-inter-notebook.ipynb,b25c1f1ab8e26acbd80ec16a9f679754ca81e8f74024056d4e9c9d8dddbd45c0,incluido
2º de iMat/2o cuatri/METODOS/inter/fichero.ipynb,imat-practicas,curso-2/metodos-numericos/inter/fichero.ipynb,064d271be51b5e7fd0e513c1effac45f13531e8582d9e6c2a756381a47d402e8,incluido
2º de iMat/2o cuatri/METODOS/PRACTICAS/COMPLETAS/practica2/practica2_codigo.py,imat-practicas,curso-2/metodos-numericos/PRACTICAS/COMPLETAS/practica2/practica2_codigo.py,2996bb00b1395824ec5fe6d83d2d3186cc56ba28a3d2692591c057c6df1a31dd,incluido
2º de iMat/2o cuatri/METODOS/PRACTICAS/COMPLETAS/practica3/ej_4.py,imat-practicas,curso-2/metodos-numericos/PRACTICAS/COMPLETAS/practica3/ej_4.py,d90c75a2d5266c57553c1ba895932a5cd7611919430d3ebd6706beec804788f2,incluido
2º de iMat/2o cuatri/METODOS/PRACTICAS/COMPLETAS/practica3/ej_5.py,imat-practicas,curso-2/metodos-numericos/PRACTICAS/COMPLETAS/practica3/ej_5.py,f429a3d964f917e57aa80fc93af9a9298441829a76bef61f0d2de8e1b7833842,incluido
2º de iMat/2o cuatri/METODOS/PRACTICAS/COMPLETAS/practica3/ej_6.py,imat-practicas,curso-2/metodos-numericos/PRACTICAS/COMPLETAS/practica3/ej_6.py,41b8137b728ce8b2cdd3ab9ada04680ad7af8016c6c80def0f88587f2355283c,incluido
2º de iMat/2o cuatri/METODOS/PRACTICAS/COMPLETAS/practica3/ej_7.py,imat-practicas,curso-2/metodos-numericos/PRACTICAS/COMPLETAS/practica3/ej_7.py,1b82a6642bb10f6e312b7175aefd2ce2780fee674dd5322b7cee33dda429c8d6,incluido
2º de iMat/2o cuatri/METODOS/PRACTICAS/PRACTICA_3/ej_4.py,imat-practicas,curso-2/metodos-numericos/PRACTICAS/PRACTICA_3/ej_4.py,9d8be2812c8501f80b5b51c25e7a766b94cc86a559683f68ec68bc88fb304978,incluido
2º de iMat/2o cuatri/METODOS/PRACTICAS/PRACTICA_3/ej_6.py,imat-practicas,curso-2/metodos-numericos/PRACTICAS/PRACTICA_3/ej_6.py,462b752a7d069979dc0670f639f6b57ca6978bf87d6fa8122ad83da40b679dba,incluido
2º de iMat/2o cuatri/METODOS/PRACTICAS/PRACTICA_4/practica4_metodos/Practica 4 Metodos/ap1_iv.py,imat-practicas,curso-2/metodos-numericos/PRACTICAS/PRACTICA_4/practica4_metodos/Practica 4 Metodos/ap1_iv.py,dc6f0943926729bd9dea75758693985b084afe194be2cd3a93300614e5b86f01,incluido
2º de iMat/2o cuatri/METODOS/PRACTICAS/PRACTICA_4/practica4_metodos/Practica 4 Metodos/ap2_i_ii.py,imat-practicas,curso-2/metodos-numericos/PRACTICAS/PRACTICA_4/practica4_metodos/Practica 4 Metodos/ap2_i_ii.py,a08d00eaced4f31fa7d41bf770e240dbb406a53164c4aca3d84e9409b444c293,incluido
2º de iMat/2o cuatri/METODOS/PRACTICAS/PRACTICA_4/practica4_metodos/Practica 4 Metodos/ap2_iii.py,imat-practicas,curso-2/metodos-numericos/PRACTICAS/PRACTICA_4/practica4_metodos/Practica 4 Metodos/ap2_iii.py,b93fe9e7e1aa52da30b6f8c848f67ca6becadb381e0ee4b193391b178e9d2dcd,incluido
2º de iMat/2o cuatri/METODOS/PRACTICAS/PRACTICA_4/practica4_metodos/Practica 4 Metodos/ap3_c.py,imat-practicas,curso-2/metodos-numericos/PRACTICAS/PRACTICA_4/practica4_metodos/Practica 4 Metodos/ap3_c.py,95662aa6aff9d4b05c1f0fa2b085ce529785f3f1606c80a5fdb121ca82e8929b,incluido
2º de iMat/2o cuatri/METODOS/PRACTICAS/PRACTICA_4/practica4_metodos/Practica 4 Metodos/ap3_d.py,imat-practicas,curso-2/metodos-numericos/PRACTICAS/PRACTICA_4/practica4_metodos/Practica 4 Metodos/ap3_d.py,9fbdda8767bdc03ac193a9d4835bdd603350812f6e0f3b49aa35e22d0963d806,incluido
2º de iMat/2o cuatri/METODOS/PRACTICAS/PRACTICA_4/practica4_metodos/Practica 4 Metodos/ap3_e.py,imat-practicas,curso-2/metodos-numericos/PRACTICAS/PRACTICA_4/practica4_metodos/Practica 4 Metodos/ap3_e.py,77a2d79ec133aaf251466858acbd0c08ce9d7a414bb534ab693c3619092e48ca,incluido
2º de iMat/2o cuatri/METODOS/PRACTICAS/PRACTICA_5/2.3.PY,imat-practicas,curso-2/metodos-numericos/PRACTICAS/PRACTICA_5/2.3.PY,7070d0144ad54b6854a3271590153e4b0658b924dc2042b609b82d65b26562d2,incluido
2º de iMat/2o cuatri/METODOS/PRACTICAS/PRACTICA_6/3d_e.py,imat-practicas,curso-2/metodos-numericos/PRACTICAS/PRACTICA_6/3d_e.py,2f81f615a44b56df1c5af1ac042aea01b8059c871b5771f417022bd88d7cac3b,incluido
2º de iMat/2o cuatri/METODOS/practica_final/lagrange.py,imat-practicas,curso-2/metodos-numericos/practica_final/lagrange.py,d8b00f3e9ddd104f87bdc256046fd218c6553016044b432d07d28b2c4d529152,incluido
2º de iMat/2o cuatri/METODOS/practica_final/metodos_raices.py,imat-practicas,curso-2/metodos-numericos/practica_final/metodos_raices.py,0052bac91dcdfd630502545aa2755df0d38e4315b800742637f4df7e69153f0a,incluido
2º de iMat/2o cuatri/METODOS/practica_final/newton.py,imat-practicas,curso-2/metodos-numericos/practica_final/newton.py,95c9c5f54d78126f6e02fc500f8f4398faad262ed3d8a3dc8fa7b29dddaa2f8e,incluido
2º de iMat/2o cuatri/METODOS/practica_final/pto_medio.py,imat-practicas,curso-2/metodos-numericos/practica_final/pto_medio.py,39df8607ca5a774fe98b85206417e14ea32c7fa2ae6fead3c459b464b7f91316,incluido
2º de iMat/2o cuatri/METODOS/practica_final/rectangulo.py,imat-practicas,curso-2/metodos-numericos/practica_final/rectangulo.py,7cbb5ca2ab1ea412331101ea1f0c0fa13b81f08695a1f61bfcb45aadceec4973,incluido
2º de iMat/2o cuatri/METODOS/practica_final/simpson_3_8.py,imat-practicas,curso-2/metodos-numericos/practica_final/simpson_3_8.py,320724a266f0f154f8bf3d1d679a5c96b4fb4c428eb4cab936cfab34a8cb358d,incluido
2º de iMat/2o cuatri/METODOS/practica_final/simpson.py,imat-practicas,curso-2/metodos-numericos/practica_final/simpson.py,e3f3a140017109bde5afb28be21f288e2396642202e80a27dd5f59196c4064d9,incluido
2º de iMat/2o cuatri/METODOS/practica_final/spline.py,imat-practicas,curso-2/metodos-numericos/practica_final/spline.py,6947ed7b01cb2cfbd946338aa4b02e72f41a09a005878fbc15a037c881295c06,incluido
2º de iMat/2o cuatri/METODOS/practica_final/trapecio_compuesto.py,imat-practicas,curso-2/metodos-numericos/practica_final/trapecio_compuesto.py,b56bfd1a39fdd04656e94de4d317dca11bd59db4be7670e61a358cb6bb8c7beb,incluido
2º de iMat/2o cuatri/METODOS/practica_final/zprueba.py,imat-practicas,curso-2/metodos-numericos/practica_final/zprueba.py,01cabdbfea35f8725f8a57d4baa75569b218d2601d076c118f364e42817d3d12,incluido
2º de iMat/2o cuatri/SISTEMAS/practica_final.py,imat-practicas,curso-2/sistemas/practica_final.py,ddf7ad10bc4b3a675471181aa1791bcbe7607454884aa1a74a111c7e65c80b35,incluido
2º de iMat/2o cuatri/SISTEMAS/EXAMEN LAB AÑOS ENTERIORES/examen_lab/examen_lab/examen_1.py,imat-practicas,curso-2/sistemas/EXAMEN LAB AÑOS ENTERIORES/examen_lab/examen_lab/examen_1.py,9b2570962807b7486d4c7a238b98575f041c3589ab8947825e22060af81031d7,incluido
2º de iMat/2o cuatri/SISTEMAS/EXAMEN LAB AÑOS ENTERIORES/examen_lab/examen_lab/examen_2.py,imat-practicas,curso-2/sistemas/EXAMEN LAB AÑOS ENTERIORES/examen_lab/examen_lab/examen_2.py,27b7e846ccd234017c3f02d7ca608cb6a3dcf88e74d4d2a05ee2b04d766f52ae,incluido
2º de iMat/2o cuatri/SISTEMAS/EXAMEN LAB AÑOS ENTERIORES/examen_lab/examen_lab/examen_3.py,imat-practicas,curso-2/sistemas/EXAMEN LAB AÑOS ENTERIORES/examen_lab/examen_lab/examen_3.py,0c8c03f6e91611419c90efd0edbab69cd1e8d77b6b7aa11fd4740c7bf46e48b6,incluido
2º de iMat/2o cuatri/SISTEMAS/EXAMEN LAB AÑOS ENTERIORES/practica_examen_lab/practica_examen_lab/ej1_comparador.py,imat-practicas,curso-2/sistemas/EXAMEN LAB AÑOS ENTERIORES/practica_examen_lab/practica_examen_lab/ej1_comparador.py,cf2d95f5edd98e3044e59feee766f20f2d0ca92fa9450e8452cd8ab4d9257f0c,incluido
2º de iMat/2o cuatri/SISTEMAS/EXAMEN LAB AÑOS ENTERIORES/practica_examen_lab/practica_examen_lab/ej1_contraseña.py,imat-practicas,curso-2/sistemas/EXAMEN LAB AÑOS ENTERIORES/practica_examen_lab/practica_examen_lab/ej1_contraseña.py,dc6373eb70fec5645b190517f4f751a4b4c3e1fc83ead60ce406dcf3b8f80f51,incluido
2º de iMat/2o cuatri/SISTEMAS/EXAMEN LAB AÑOS ENTERIORES/practica_examen_lab/practica_examen_lab/ej1_dificil.py,imat-practicas,curso-2/sistemas/EXAMEN LAB AÑOS ENTERIORES/practica_examen_lab/practica_examen_lab/ej1_dificil.py,557d7cd489ee3a529cb4e9c882a959d38be5787fddc63c3a5b7c4f1bbffee95a,incluido
2º de iMat/2o cuatri/SISTEMAS/EXAMEN LAB AÑOS ENTERIORES/practica_examen_lab/practica_examen_lab/ej1_examen.py,imat-practicas,curso-2/sistemas/EXAMEN LAB AÑOS ENTERIORES/practica_examen_lab/practica_examen_lab/ej1_examen.py,4867e098deb927cd441259a06bd574f1f3aab457356416420048fe84f5addc36,incluido
2º de iMat/2o cuatri/SISTEMAS/EXAMEN LAB AÑOS ENTERIORES/practica_examen_lab/practica_examen_lab/ej1_facil.py,imat-practicas,curso-2/sistemas/EXAMEN LAB AÑOS ENTERIORES/practica_examen_lab/practica_examen_lab/ej1_facil.py,cab98cee9e482e5811092d9f31e987ecc8b329920309a5e6b852fb68c74da5f6,incluido
2º de iMat/2o cuatri/SISTEMAS/EXAMEN LAB AÑOS ENTERIORES/practica_examen_lab/practica_examen_lab/ej1_morse.py,imat-practicas,curso-2/sistemas/EXAMEN LAB AÑOS ENTERIORES/practica_examen_lab/practica_examen_lab/ej1_morse.py,7f7f0b4d5666f4cb76d36e4c11b688d273e2f9c19997a5855fe7b1cfbcd94a78,incluido
2º de iMat/2o cuatri/SISTEMAS/EXAMEN LAB AÑOS ENTERIORES/practica_examen_lab/practica_examen_lab/ej1_simon.py,imat-practicas,curso-2/sistemas/EXAMEN LAB AÑOS ENTERIORES/practica_examen_lab/practica_examen_lab/ej1_simon.py,dbfb2fcda9db3e8bf5d28821bae784e30fdfe44cb959130f73884a98f48cc620,incluido
2º de iMat/2o cuatri/SISTEMAS/EXAMEN LAB AÑOS ENTERIORES/practica_examen_lab/practica_examen_lab/ej1_sumar16.py,imat-practicas,curso-2/sistemas/EXAMEN LAB AÑOS ENTERIORES/practica_examen_lab/practica_examen_lab/ej1_sumar16.py,1c2fea2db3ccba09518f4f064381ed51ff1c7c9a632d4c4eb3138ab079aef3a0,incluido
2º de iMat/2o cuatri/SISTEMAS/EXAMEN LAB AÑOS ENTERIORES/practica_examen_lab/practica_examen_lab/ej2_comparador.py,imat-practicas,curso-2/sistemas/EXAMEN LAB AÑOS ENTERIORES/practica_examen_lab/practica_examen_lab/ej2_comparador.py,0bd7aa28e2affd4e6a0238bfe8d309f1780b994e5104a22491e78e0c9edd3ff8,incluido
2º de iMat/2o cuatri/SISTEMAS/EXAMEN LAB AÑOS ENTERIORES/practica_examen_lab/practica_examen_lab/ej2_contraseña.py,imat-practicas,curso-2/sistemas/EXAMEN LAB AÑOS ENTERIORES/practica_examen_lab/practica_examen_lab/ej2_contraseña.py,6d2754c394d376b88bdcfa5eb3dc379f271449275afd33055244826e72fbe511,incluido
2º de iMat/2o cuatri/SISTEMAS/EXAMEN LAB AÑOS ENTERIORES/practica_examen_lab/practica_examen_lab/ej2_dificil.py,imat-practicas,curso-2/sistemas/EXAMEN LAB AÑOS ENTERIORES/practica_examen_lab/practica_examen_lab/ej2_dificil.py,0ed74f483ec3bc111f047ffff61450b75dfeddbb9757655c60e969941bae6263,incluido
2º de iMat/2o cuatri/SISTEMAS/EXAMEN LAB AÑOS ENTERIORES/practica_examen_lab/practica_examen_lab/ej2_examen.py,imat-practicas,curso-2/sistemas/EXAMEN LAB AÑOS ENTERIORES/practica_examen_lab/practica_examen_lab/ej2_examen.py,ef53ab7cc52207ea6cfbf4820a898d4bb9006b53794b3815312972a43e439cd5,incluido
2º de iMat/2o cuatri/SISTEMAS/EXAMEN LAB AÑOS ENTERIORES/practica_examen_lab/practica_examen_lab/ej2_facil.py,imat-practicas,curso-2/sistemas/EXAMEN LAB AÑOS ENTERIORES/practica_examen_lab/practica_examen_lab/ej2_facil.py,a64e2eb46f06e6e737f899641acf88ab29c7bd112fdd522ce8af56da5751533f,incluido
2º de iMat/2o cuatri/SISTEMAS/EXAMEN LAB AÑOS ENTERIORES/practica_examen_lab/practica_examen_lab/ej2_morse.py,imat-practicas,curso-2/sistemas/EXAMEN LAB AÑOS ENTERIORES/practica_examen_lab/practica_examen_lab/ej2_morse.py,d7f3102de95d400682781de49fe908be04360dd88be4c9a776e95c0de73c3d00,incluido
2º de iMat/2o cuatri/SISTEMAS/EXAMEN LAB AÑOS ENTERIORES/practica_examen_lab/practica_examen_lab/ej2_sumar16.py,imat-practicas,curso-2/sistemas/EXAMEN LAB AÑOS ENTERIORES/practica_examen_lab/practica_examen_lab/ej2_sumar16.py,46ab12a50efbfd41d1272c3013bc6401ef6749d9f0e29aab28db59d794bd8133,incluido
2º de iMat/2o cuatri/SISTEMAS/EXAMEN LAB AÑOS ENTERIORES/practica_examen_lab/practica_examen_lab/ej3_sumar16.py,imat-practicas,curso-2/sistemas/EXAMEN LAB AÑOS ENTERIORES/practica_examen_lab/practica_examen_lab/ej3_sumar16.py,c76268cb82351f5ba7779fbcd956cf4695d15b73d12ff662aab43ebc45d6c63f,incluido
2º de iMat/2o cuatri/SISTEMAS/EXAMEN LAB AÑOS ENTERIORES/practica_examen_lab/practica_examen_lab/ej3.py,imat-practicas,curso-2/sistemas/EXAMEN LAB AÑOS ENTERIORES/practica_examen_lab/practica_examen_lab/ej3.py,eb5dcf11dd18f252ad91669f0645d81507819ab75479a9aecc605cc3842f9159,incluido
2º de iMat/2o cuatri/SISTEMAS/EXAMEN LAB AÑOS ENTERIORES/practica_examen_lab/practica_examen_lab/limpiar.py,imat-practicas,curso-2/sistemas/EXAMEN LAB AÑOS ENTERIORES/practica_examen_lab/practica_examen_lab/limpiar.py,afb08250184c63b64895321d81f0df244bbc1f7e8a93d9a763e244773523529e,incluido
2º de iMat/2o cuatri/SISTEMAS/EXAMEN LAB AÑOS ENTERIORES/practica_examen_lab/practica_examen_lab/pruebas_ex_lab/pruebas_ex_lab/cuenta_atras.py,imat-practicas,curso-2/sistemas/EXAMEN LAB AÑOS ENTERIORES/practica_examen_lab/practica_examen_lab/pruebas_ex_lab/pruebas_ex_lab/cuenta_atras.py,12166a8dff8e2785a4261190277d300a708d643ee3330ff60a411fb69b656cb9,incluido
2º de iMat/2o cuatri/SISTEMAS/EXAMEN LAB AÑOS ENTERIORES/practica_examen_lab/practica_examen_lab/pruebas_ex_lab/pruebas_ex_lab/examen_dificil.py,imat-practicas,curso-2/sistemas/EXAMEN LAB AÑOS ENTERIORES/practica_examen_lab/practica_examen_lab/pruebas_ex_lab/pruebas_ex_lab/examen_dificil.py,6b504226fbd901a8fb8fc0606a9a21273ac1614aae71884c653542e79da547a5,incluido
2º de iMat/2o cuatri/SISTEMAS/EXAMEN LAB AÑOS ENTERIORES/practica_examen_lab/practica_examen_lab/pruebas_ex_lab/pruebas_ex_lab/examen_facil.py,imat-practicas,curso-2/sistemas/EXAMEN LAB AÑOS ENTERIORES/practica_examen_lab/practica_examen_lab/pruebas_ex_lab/pruebas_ex_lab/examen_facil.py,79bbbbdd881774883250111627ec34e046969ec8c13826d230771ef50353f7bc,incluido
2º de iMat/2o cuatri/SISTEMAS/EXAMEN LAB AÑOS ENTERIORES/practica_examen_lab/practica_examen_lab/pruebas_ex_lab/pruebas_ex_lab/maquina_estados.py,imat-practicas,curso-2/sistemas/EXAMEN LAB AÑOS ENTERIORES/practica_examen_lab/practica_examen_lab/pruebas_ex_lab/pruebas_ex_lab/maquina_estados.py,a79ff510dc4fd0e0877a4e6ec49eeb592d0d9ae5cdea3b83ee149902e1ef31ff,incluido
2º de iMat/2o cuatri/SISTEMAS/EXAMEN LAB AÑOS ENTERIORES/practica_examen_lab/practica_examen_lab/pruebas_ex_lab/pruebas_ex_lab/salidas_temporizadas.py,imat-practicas,curso-2/sistemas/EXAMEN LAB AÑOS ENTERIORES/practica_examen_lab/practica_examen_lab/pruebas_ex_lab/pruebas_ex_lab/salidas_temporizadas.py,9ca3d47f3dbb1564e8b0e6bd54819422c298ff27668da5b365dde908448f82d9,incluido
2º de iMat/2o cuatri/SISTEMAS/EXAMEN LAB AÑOS ENTERIORES/practica_examen_lab/practica_examen_lab/pruebas_ex_lab/pruebas_ex_lab/tiempo_respuesta_max.py,imat-practicas,curso-2/sistemas/EXAMEN LAB AÑOS ENTERIORES/practica_examen_lab/practica_examen_lab/pruebas_ex_lab/pruebas_ex_lab/tiempo_respuesta_max.py,ece55d2c8d770e9b5437b25088f51a856d12ae6fd9c20ecca304453aade7f3c7,incluido
2º de iMat/2o cuatri/SISTEMAS/LABORATORIO/ejercicio.py,imat-practicas,curso-2/sistemas/LABORATORIO/ejercicio.py,a3451e60aecddcb6d9b8bd4867421b9032036de613c38c6835c38d6b13e8e8d9,incluido
2º de iMat/2o cuatri/SISTEMAS/LABORATORIO/prueba.py,imat-practicas,curso-2/sistemas/LABORATORIO/prueba.py,b1dd19f2fc69addb894af21384c586e7cc88e739b67aa6fac3aa39fadfea7133,incluido
2º de iMat/2o cuatri/SISTEMAS/LABORATORIO/examen/ejercicio_1.py,imat-practicas,curso-2/sistemas/LABORATORIO/examen/ejercicio_1.py,f93fedbb701e113be4e24886ae1673fdada014b59cfa7a6c03c37f490ad009ec,incluido
2º de iMat/2o cuatri/SISTEMAS/LABORATORIO/examen/ejercicio4.py,imat-practicas,curso-2/sistemas/LABORATORIO/examen/ejercicio4.py,e69080b95606a0f14c8ff2a97b10c7954bb36edcc077c809d96b60216828db38,incluido
2º de iMat/2o cuatri/SISTEMAS/LABORATORIO/PRACTICA3/2_2_2a.py,imat-practicas,curso-2/sistemas/LABORATORIO/PRACTICA3/2_2_2a.py,af61314955d01e6a8df21df88f78dd9b6a4d674b739ebc55249e31c99e684d98,incluido
2º de iMat/2o cuatri/SISTEMAS/LABORATORIO/PRACTICA3/2_2_2b.py,imat-practicas,curso-2/sistemas/LABORATORIO/PRACTICA3/2_2_2b.py,98e9151ed4a4c18afe0c39f64f16631014c253e54fe0456626f2ca172ac9f72a,incluido
2º de iMat/2o cuatri/SISTEMAS/LABORATORIO/PRACTICA3/2_2_3a.py,imat-practicas,curso-2/sistemas/LABORATORIO/PRACTICA3/2_2_3a.py,024c7309e1c0c77ecd1822d52b8ed60e3eb82236f61a08c41afbffa7dd7c7b40,incluido
2º de iMat/2o cuatri/SISTEMAS/LABORATORIO/PRACTICA3/2_2_3b.py,imat-practicas,curso-2/sistemas/LABORATORIO/PRACTICA3/2_2_3b.py,dc0c149e16ff6b8b7bae23cde86c9feb375b9f668dbf0b198d2db13fda9b3a97,incluido
2º de iMat/2o cuatri/SISTEMAS/LABORATORIO/PRACTICA3/2.1.RPi.GPIO (1).py,imat-practicas,curso-2/sistemas/LABORATORIO/PRACTICA3/2.1.RPi.GPIO (1).py,9dbb7f25bf065d698e076e2471dc402d3ab15f86a61bdacd18a194a8039cff7f,incluido
2º de iMat/2o cuatri/SISTEMAS/LABORATORIO/PRACTICA3/barra_pares_memoria_impares.py,imat-practicas,curso-2/sistemas/LABORATORIO/PRACTICA3/barra_pares_memoria_impares.py,fd8537733dce4ab6a0e7ac8d9e668d950cf930509f96495b103ae34d65287c1f,excluido: sintaxis incompleta
2º de iMat/2o cuatri/SISTEMAS/LABORATORIO/PRACTICA3/contador_modo_binario_barra.py,imat-practicas,curso-2/sistemas/LABORATORIO/PRACTICA3/contador_modo_binario_barra.py,763369da8baa7043ae6982d68909526583e3c87ed09e59f62ea6f2138efc3872,incluido
2º de iMat/2o cuatri/SISTEMAS/LABORATORIO/PRACTICA3/ejercicio_pares_apagados_impares_toggle.py,imat-practicas,curso-2/sistemas/LABORATORIO/PRACTICA3/ejercicio_pares_apagados_impares_toggle.py,c0df55446b1090c02135087fc26bd897884c8e2a6fbad954a656ba32ed6812d8,incluido
2º de iMat/2o cuatri/SISTEMAS/LABORATORIO/PRACTICA3/ejercicio3.py,imat-practicas,curso-2/sistemas/LABORATORIO/PRACTICA3/ejercicio3.py,0dd1382b02b71b3e75b0278beccc37c0231dca9aa9498dfdaec923207649eb78,incluido
2º de iMat/2o cuatri/SISTEMAS/LABORATORIO/PRACTICA3/prueba.py,imat-practicas,curso-2/sistemas/LABORATORIO/PRACTICA3/prueba.py,9c774b603710eab4478407e7a8de86cb10cac9bd9ff2c0a3c220a6439d041b3c,incluido
2º de iMat/2o cuatri/SISTEMAS/LABORATORIO/PRACTICA4/4.1.py,imat-practicas,curso-2/sistemas/LABORATORIO/PRACTICA4/4.1.py,48d20ba976e7c72533bdad8056c8518f47794afe8a5c01859da8f817227f9b15,incluido
2º de iMat/2o cuatri/SISTEMAS/LABORATORIO/PRACTICA4/4.2.py,imat-practicas,curso-2/sistemas/LABORATORIO/PRACTICA4/4.2.py,0c8c2d9032f10dd222a4fafece75235759cd4aa38b191805c01fa7998a202f98,incluido
2º de iMat/2o cuatri/SISTEMAS/LABORATORIO/PRACTICA4/4.3.1.py,imat-practicas,curso-2/sistemas/LABORATORIO/PRACTICA4/4.3.1.py,b9a8970c7da33fddfc1dfbf25020c89d4c2320b0484a24bded195b552103b776,incluido
2º de iMat/2o cuatri/SISTEMAS/LABORATORIO/PRACTICA4/4.3.2.py,imat-practicas,curso-2/sistemas/LABORATORIO/PRACTICA4/4.3.2.py,3b07094e4379e879237ff80cd116317c364f86bfb725321bdb4e7aa8db43dc91,incluido
2º de iMat/2o cuatri/SISTEMAS/LABORATORIO/PRACTICA4/4.4.1.py,imat-practicas,curso-2/sistemas/LABORATORIO/PRACTICA4/4.4.1.py,cd07a117da0c9ab5fd61331dda152001d9075f2dc5ba11a96ccd72313ab016b5,incluido
2º de iMat/2o cuatri/SISTEMAS/LABORATORIO/PRACTICA4/4.4.2.py,imat-practicas,curso-2/sistemas/LABORATORIO/PRACTICA4/4.4.2.py,907efaefd275fa8733619b057eb50d9c1fe96b5ee302927cdda10de775b81c40,incluido
2º de iMat/2o cuatri/SISTEMAS/LABORATORIO/PRACTICA4/4.5.1.py,imat-practicas,curso-2/sistemas/LABORATORIO/PRACTICA4/4.5.1.py,b66b91560a7d2fe266e151b941b4b481ad039b667cb5a41390854534b2cb2481,incluido
2º de iMat/2o cuatri/SISTEMAS/LABORATORIO/PRACTICA4/4.5.2.py,imat-practicas,curso-2/sistemas/LABORATORIO/PRACTICA4/4.5.2.py,0fb28ccd23fd04a99fa23d8e83b19b535dcb5c85b13b6d57080794c0be8e54bf,incluido
2º de iMat/2o cuatri/SISTEMAS/LABORATORIO/PRACTICA4/leds_periodo_mas_puls.py,imat-practicas,curso-2/sistemas/LABORATORIO/PRACTICA4/leds_periodo_mas_puls.py,4d79f3bd8efc31f62bf850f6bea71f3c0c276e18c9f0ea4cb23a6ac98f359ed7,incluido
2º de iMat/2o cuatri/SISTEMAS/LABORATORIO/PRACTICA4/leds_periodo_puls_cambio_velocidad.py,imat-practicas,curso-2/sistemas/LABORATORIO/PRACTICA4/leds_periodo_puls_cambio_velocidad.py,d31f7b5ef2afe22d0182fb7dddbebde2da64f39b1d344449a465a3b142b297b8,incluido
2º de iMat/2o cuatri/SISTEMAS/LABORATORIO/PRACTICA4/leds_subiendo1_pulsador_parado_y_reset.py,imat-practicas,curso-2/sistemas/LABORATORIO/PRACTICA4/leds_subiendo1_pulsador_parado_y_reset.py,bc60a773f5cebe3f008b7b27afc0ed9b7dbda2f3bbac078827684d6f59a9f4ef,incluido
2º de iMat/2o cuatri/SISTEMAS/LABORATORIO/PRACTICA4/main.py,imat-practicas,curso-2/sistemas/LABORATORIO/PRACTICA4/main.py,e3b0c44298fc1c149afbf4c8996fb92427ae41e4649b934ca495991b7852b855,incluido
2º de iMat/2o cuatri/SISTEMAS/LABORATORIO/PRACTICA4/medidor_equipaje.py,imat-practicas,curso-2/sistemas/LABORATORIO/PRACTICA4/medidor_equipaje.py,e3b0c44298fc1c149afbf4c8996fb92427ae41e4649b934ca495991b7852b855,incluido
2º de iMat/2o cuatri/SISTEMAS/LABORATORIO/PRACTICA4/pines_subiendo_y_alternando_al_pulsar.py,imat-practicas,curso-2/sistemas/LABORATORIO/PRACTICA4/pines_subiendo_y_alternando_al_pulsar.py,78454c040bff23e7739537e5d4bb60ffd1e78c83cf4e9b91b3eaffd56a872212,incluido
2º de iMat/2o cuatri/SISTEMAS/LABORATORIO/PRACTICA4/prueba.py,imat-practicas,curso-2/sistemas/LABORATORIO/PRACTICA4/prueba.py,5dc733881b78533d4cb7f39a03933c50309fde2deaac691e764362aa8ea9ad30,incluido
2º de iMat/2o cuatri/SISTEMAS/LABORATORIO/PRACTICA4/pwm_modos_apagado_tempora.py,imat-practicas,curso-2/sistemas/LABORATORIO/PRACTICA4/pwm_modos_apagado_tempora.py,1684bb055ab21d789ca87f5212f5a13058ee00669f9c920534ef5d8d2408bbe1,incluido
2º de iMat/2o cuatri/SISTEMAS/LABORATORIO/PRACTICA4/servo_manual_emergencia.py,imat-practicas,curso-2/sistemas/LABORATORIO/PRACTICA4/servo_manual_emergencia.py,ec3b28b6f09046440f172d4a29e943bfdfd8c32bd0637fe720c0f18c1b969005,incluido
2º de iMat/2o cuatri/SISTEMAS/LABORATORIO/repesca/ejercicio1.py,imat-practicas,curso-2/sistemas/LABORATORIO/repesca/ejercicio1.py,e3b0c44298fc1c149afbf4c8996fb92427ae41e4649b934ca495991b7852b855,incluido
2º de iMat/2o cuatri/SISTEMAS/LABORATORIO/repesca/ejercicio2.py,imat-practicas,curso-2/sistemas/LABORATORIO/repesca/ejercicio2.py,9d495265aba661619f2bfe3d478fa516d42a18c0a96a742870eba814e475740c,incluido
3º de iMat/ANALISIS Y PREDICCIONES/PRACTICAS/Lab1_Decomposition_v5/Lab_1_Decomposition_v5.R,imat-practicas,curso-3/analisis-y-predicciones/PRACTICAS/Lab1_Decomposition_v5/Lab_1_Decomposition_v5.R,a6f3b67c1ca1fa2b8747090b4e2c6eeb79ece7b325ee3f5bd6e7e64cfc0180eb,incluido
3º de iMat/ANALISIS Y PREDICCIONES/PRACTICAS/Lab1_Decomposition_v5/Practica1.R,imat-practicas,curso-3/analisis-y-predicciones/PRACTICAS/Lab1_Decomposition_v5/Practica1.R,0a6cdbbc2ab75af82b4dc98220117f33435ea9ebca431d33007d61afdc157bcd,incluido
3º de iMat/GEOMETRIA/SAGE/Untitled.ipynb,imat-practicas,curso-3/geometria/SAGE/Untitled.ipynb,188143f20ba64ead32853235735c589180056b6c7c47541744479767de696e37,incluido
3º de iMat/GEOMETRIA/SAGE/PRACTICAS/practica 1 Funciones básicas ENUNCIADOS.ipynb,imat-practicas,curso-3/geometria/SAGE/PRACTICAS/practica 1 Funciones básicas ENUNCIADOS.ipynb,56a570602a3889146210c5eb3a081e10c5db30f8362bc82a1da7fe8f3b8d78ec,incluido
3º de iMat/PARADIGMAS/REPOSITORIOS/clase_15_09/clase_15_09.slnx,imat-practicas,curso-3/paradigmas/REPOSITORIOS/clase_15_09/clase_15_09.slnx,6ea77729cbe513e8dfe283172e6ea43961db87ba3c8d29aaf385902de7d7f45e,incluido
3º de iMat/PARADIGMAS/REPOSITORIOS/clase_15_09/clase_15_09/clase_15_09.csproj,imat-practicas,curso-3/paradigmas/REPOSITORIOS/clase_15_09/clase_15_09/clase_15_09.csproj,acd95014af5198a4b92c655ddd680cef3448692ea96fd8613b512fa321816cd9,incluido
3º de iMat/PARADIGMAS/REPOSITORIOS/clase_15_09/clase_15_09/Program.cs,imat-practicas,curso-3/paradigmas/REPOSITORIOS/clase_15_09/clase_15_09/Program.cs,1e68482460c6bfd85cd5753679d9c0fd55521da690f3696af01a3fc05d55b9d3,incluido
3º de iMat/PARADIGMAS/REPOSITORIOS/ConsoleApp1/ConsoleApp1.slnx,imat-practicas,curso-3/paradigmas/REPOSITORIOS/ConsoleApp1/ConsoleApp1.slnx,c1d70c919bd51a06a6a8d5eaa8b0002c86510bc74208b48f082b21088fa47b50,incluido
3º de iMat/PARADIGMAS/REPOSITORIOS/ConsoleApp1/ConsoleApp1/ConsoleApp1.csproj,imat-practicas,curso-3/paradigmas/REPOSITORIOS/ConsoleApp1/ConsoleApp1/ConsoleApp1.csproj,acd95014af5198a4b92c655ddd680cef3448692ea96fd8613b512fa321816cd9,incluido
3º de iMat/PARADIGMAS/REPOSITORIOS/ConsoleApp1/ConsoleApp1/Program.cs,imat-practicas,curso-3/paradigmas/REPOSITORIOS/ConsoleApp1/ConsoleApp1/Program.cs,e3b0c44298fc1c149afbf4c8996fb92427ae41e4649b934ca495991b7852b855,incluido
3º de iMat/PARADIGMAS/REPOSITORIOS/PRACTICA1/PRACTICA1.slnx,imat-practicas,curso-3/paradigmas/REPOSITORIOS/PRACTICA1/PRACTICA1.slnx,7ca415fd2ac4e2b5ffa9aa9b269fa47063f4cb0446810d8d47ee0f27239a5f0e,incluido
3º de iMat/PARADIGMAS/REPOSITORIOS/PRACTICA1/PRACTICA1/PRACTICA1.csproj,imat-practicas,curso-3/paradigmas/REPOSITORIOS/PRACTICA1/PRACTICA1/PRACTICA1.csproj,acd95014af5198a4b92c655ddd680cef3448692ea96fd8613b512fa321816cd9,incluido
3º de iMat/PARADIGMAS/REPOSITORIOS/PRACTICA1/PRACTICA1/Program.cs,imat-practicas,curso-3/paradigmas/REPOSITORIOS/PRACTICA1/PRACTICA1/Program.cs,a087451a194aae0bb8fc68944979d714aca857d446c9676ee0f2e095811a8fed,incluido
3º de iMat/PARADIGMAS/REPOSITORIOS/PRACTICA2/PRACTICA2.slnx,imat-practicas,curso-3/paradigmas/REPOSITORIOS/PRACTICA2/PRACTICA2.slnx,18bbd7bbf5013caf476635aaaa9106c5f36a4440c6d52adb2107a0059bf30a1b,incluido
3º de iMat/PARADIGMAS/REPOSITORIOS/PRACTICA2/PRACTICA2/PRACTICA2.csproj,imat-practicas,curso-3/paradigmas/REPOSITORIOS/PRACTICA2/PRACTICA2/PRACTICA2.csproj,acd95014af5198a4b92c655ddd680cef3448692ea96fd8613b512fa321816cd9,incluido
3º de iMat/PARADIGMAS/REPOSITORIOS/PRACTICA2/PRACTICA2/Program.cs,imat-practicas,curso-3/paradigmas/REPOSITORIOS/PRACTICA2/PRACTICA2/Program.cs,a087451a194aae0bb8fc68944979d714aca857d446c9676ee0f2e095811a8fed,incluido
3º de iMat/VISION POR ORDENADOR/LAB/Material Lab_1/Lab_1/src/lab_1.ipynb,imat-practicas,curso-3/vision-ordenador/LAB/Material Lab_1/Lab_1/src/lab_1.ipynb,064cebc3666668b12500523fa1228594500ce068ea4087b6a11b7f13e3daa606,incluido
3º de iMat/VISION POR ORDENADOR/LAB/Material Lab_1/Lab_1/src/utils.py,imat-practicas,curso-3/vision-ordenador/LAB/Material Lab_1/Lab_1/src/utils.py,bf7d2fe67bd6d972500a9e59ceaca429a2556683822f212ed1acabef777f2eb7,incluido
3º de iMat/VISION POR ORDENADOR/LAB/Material Lab_1/Lab_1/template/README.md,imat-practicas,curso-3/vision-ordenador/LAB/Material Lab_1/Lab_1/template/README.md,7a2f65bcebe174461d6b0a92a169f0cdc12b7ea88096ddaea4b88e9683c723ea,incluido
1º de iMat/1º CUATRI/PROGRAMACIÓN/PRÁCTICAS/GITHUB/programacion-imat/practicas/02.bloques_python/02.bloques_a_python.ipynb,imat-practicas,curso-1/programacion/PRÁCTICAS/GITHUB/programacion-imat/practicas/02.bloques_python/02.bloques_a_python.ipynb,eb91ed5c73aefdda8c741e7db56f1044c357f070a454543f490b3d217c5dfd56,incluido
1º de iMat/1º CUATRI/PROGRAMACIÓN/PRÁCTICAS/Prácticas hechas/Práctica 3.ipynb,imat-practicas,curso-1/programacion/PRÁCTICAS/Prácticas hechas/Práctica 3.ipynb,a06d4fd71ef70ee1ba08669a345e8b59ebe5c628575af3fe85ea7d7578cd6f1d,incluido
1º de iMat/2º CUATRI/CÁLCULO/MATLAB/contractTensor.m,imat-practicas,curso-1/calculo/MATLAB/contractTensor.m,996c9f687444a6c9ba96c03822baf14d494d1f3aa892a0f741ec2194ca920c35,incluido
1º de iMat/2º CUATRI/CÁLCULO/MATLAB/gramSchmidt.m,imat-practicas,curso-1/calculo/MATLAB/gramSchmidt.m,a1a2e1108fe140e73f67cd108ca7bf6449f6719cf481e68d3d4d1a82bedb5de0,incluido
1º de iMat/2º CUATRI/CÁLCULO/MATLAB/poliedro.m,imat-practicas,curso-1/calculo/MATLAB/poliedro.m,82865e1d49c6674327815e23413ae3ad9b776576232e1a4ce3f0192d2105d516,incluido
1º de iMat/2º CUATRI/CÁLCULO/MATLAB/tkron.m,imat-practicas,curso-1/calculo/MATLAB/tkron.m,25d579d4dd2348ad3320e4f280ad267cc7a9723e7d14f36190153d429c67077a,incluido
1º de iMat/ESTADÍSTICA 2/TRABAJO1_ESyPR/TRABAJO1_ESyPR/trabajo1.ipynb,imat-practicas,curso-1/estadistica-ii/TRABAJO1_ESyPR/TRABAJO1_ESyPR/trabajo1.ipynb,5443c618500528ab2b574de1a09c44deef1bcabf0c8579d42a9407bfc14fd907,incluido
2º de iMat/1er cuatri/ADQUISICIÓN/TEMA3/api_authentication.ipynb,imat-practicas,curso-2/adquisicion-datos/TEMA3/api_authentication.ipynb,db1268d272314306d917e77a054322bb2434ff87ccfa3b652537ed95bf86c5c8,incluido
2º de iMat/1er cuatri/FUSO/PROYECTO_FINAL/ProyectoFUSO_JavierArraiza_PedroDeSoto/ProyectoFUSO_JavierArraiza_PedroDeSoto/Proyecto Final Def/topn_selection_Pedro_Javier.py,imat-practicas,curso-2/fundamentos-sistemas-operativos/PROYECTO_FINAL/ProyectoFUSO_JavierArraiza_PedroDeSoto/ProyectoFUSO_JavierArraiza_PedroDeSoto/Proyecto Final Def/topn_selection_Pedro_Javier.py,3103da44eb6305c7555c831c8b6d8e7851bc511704b4519728d2e183d3e2fcf2,incluido
2º de iMat/2o cuatri/BASES/PRACTICAS/Pedro_DeSoto_Enrile_BenchmarkingMongoDBMySQL/benchmarking.py,imat-practicas,curso-2/bases-datos/PRACTICAS/Pedro_DeSoto_Enrile_BenchmarkingMongoDBMySQL/benchmarking.py,42caac367d05d5f3101b483f562b62aaf6288a4e3539f138d36d83e2923f6b28,incluido
2º de iMat/2o cuatri/BASES/PRACTICAS/Pedro_DeSoto_Enrile_BenchmarkingMongoDBMySQL/load_data.py,imat-practicas,curso-2/bases-datos/PRACTICAS/Pedro_DeSoto_Enrile_BenchmarkingMongoDBMySQL/load_data.py,8b68b5f921f7128427f118042f21eb27686fea7414f336ec2122acb2ba08bde3,incluido
2º de iMat/2o cuatri/BASES/PRACTICAS/PRACTICA_4/Benchamarking.py,imat-practicas,curso-2/bases-datos/PRACTICAS/PRACTICA_4/Benchamarking.py,ac724fca360d97bde0428b652377b8473f3c8a4dc1ab18f4735ed21c37e37939,incluido
2º de iMat/2o cuatri/BASES/PRACTICAS/PRACTICA_6/benchmarking.py,imat-practicas,curso-2/bases-datos/PRACTICAS/PRACTICA_6/benchmarking.py,42caac367d05d5f3101b483f562b62aaf6288a4e3539f138d36d83e2923f6b28,incluido
2º de iMat/2o cuatri/BASES/PRACTICAS/PRACTICA_6/load_data.py,imat-practicas,curso-2/bases-datos/PRACTICAS/PRACTICA_6/load_data.py,8b68b5f921f7128427f118042f21eb27686fea7414f336ec2122acb2ba08bde3,incluido
2º de iMat/2o cuatri/BASES/PROYECTO/Javier_Arraiza_Arribas_Pedro_DeSoto_Enrile_ProyectoBBDD/Javier_Arraiza_Arribas_Pedro_DeSoto_Enrile_ProyectoBBDD/configuracion.py,analisis-resenas-multibase,configuracion.py,aba7e0de64ed3ec5cb88953cbf8dfbcf1deb3567d680badbdbdda188bfef405b,incluido
2º de iMat/2o cuatri/BASES/PROYECTO/Javier_Arraiza_Arribas_Pedro_DeSoto_Enrile_ProyectoBBDD/Javier_Arraiza_Arribas_Pedro_DeSoto_Enrile_ProyectoBBDD/pythons/configuracion.py,analisis-resenas-multibase,configuracion.py,aba7e0de64ed3ec5cb88953cbf8dfbcf1deb3567d680badbdbdda188bfef405b,incluido
